"Sex","Nuc","Treatment","boot"
"F","375","Control",0.0400485794596879
"F","375","Control",0.0356452890489793
"F","375","Control",0.0327461276303764
"F","375","Control",0.03784393642844
"F","375","Control",0.0283937510669586
"F","375","Control",0.0461220458037115
"F","375","Control",0.0308018906566263
"F","375","Control",0.0372986302731475
"F","375","Control",0.0401894032495091
"F","375","Control",0.0370440928558229
"F","375","Control",0.0394871941974688
"F","375","Control",0.0296034284801343
"F","375","Control",0.0374093185059282
"F","375","Control",0.0360908928046986
"F","375","Control",0.0349522325662323
"F","375","Control",0.0357245632825017
"F","375","Control",0.0303731450238018
"F","375","Control",0.0329458600515476
"F","375","Control",0.0312045834715456
"F","375","Control",0.0376107529821303
"F","375","Control",0.0376603008125564
"F","375","Control",0.0372494064097217
"F","375","Control",0.0376714933390784
"F","375","Control",0.0381130761757686
"F","375","Control",0.0366231712820569
"F","375","Control",0.0267122781321571
"F","375","Control",0.0341011497612615
"F","375","Control",0.0345385879181135
"F","375","Control",0.0314067054840986
"F","375","Control",0.0408237015085448
"F","375","Control",0.0383765660528218
"F","375","Control",0.0312296501313579
"F","375","Control",0.0317153823853854
"F","375","Control",0.0309177879746066
"F","375","Control",0.0345282706549952
"F","375","Control",0.0310115733253884
"F","375","Control",0.0403105686064902
"F","375","Control",0.031471950494893
"F","375","Control",0.0335846211290217
"F","375","Control",0.0309549988811335
"F","375","Control",0.0270827642113552
"F","375","Control",0.0386836030355255
"F","375","Control",0.0340992168711599
"F","375","Control",0.0333753298360638
"F","375","Control",0.0418096095708375
"F","375","Control",0.0336539681860334
"F","375","Control",0.0378295629224205
"F","375","Control",0.0352156135701258
"F","375","Control",0.0326952118844658
"F","375","Control",0.0364176849133365
"F","375","Control",0.034988635378311
"F","375","Control",0.0300815071428138
"F","375","Control",0.0321117728390039
"F","375","Control",0.0361976673514758
"F","375","Control",0.0341526268380439
"F","375","Control",0.0287845101209043
"F","375","Control",0.0353298878838888
"F","375","Control",0.0400907424053004
"F","375","Control",0.0298218974635473
"F","375","Control",0.0356005083400534
"F","375","Control",0.0331785697608076
"F","375","Control",0.0360822989555351
"F","375","Control",0.0361865182561975
"F","375","Control",0.0282137826761944
"F","375","Control",0.0405496290137595
"F","375","Control",0.0316162230884781
"F","375","Control",0.0351243830891718
"F","375","Control",0.0382058261020428
"F","375","Control",0.0363587588691855
"F","375","Control",0.0375455860874845
"F","375","Control",0.0401947468046541
"F","375","Control",0.0374701839100702
"F","375","Control",0.0272301407946889
"F","375","Control",0.0382105931439801
"F","375","Control",0.0313526422191542
"F","375","Control",0.029604809287229
"F","375","Control",0.0426619782138009
"F","375","Control",0.0253393927401091
"F","375","Control",0.0405122848977731
"F","375","Control",0.0227735746507993
"F","375","Control",0.0385381386593837
"F","375","Control",0.0297385144106745
"F","375","Control",0.0371098708494624
"F","375","Control",0.0367280910625084
"F","375","Control",0.0300321680075919
"F","375","Control",0.0295256324156097
"F","375","Control",0.0405468168315041
"F","375","Control",0.0364581743165889
"F","375","Control",0.0311157097556083
"F","375","Control",0.0367256398666844
"F","375","Control",0.0368111259930832
"F","375","Control",0.0361061753309122
"F","375","Control",0.0369068504670403
"F","375","Control",0.0299856860107817
"F","375","Control",0.035957020745167
"F","375","Control",0.0386207598014578
"F","375","Control",0.032013855615769
"F","375","Control",0.036584069039374
"F","375","Control",0.0349869939398564
"F","375","Control",0.031845390548901
"F","375","Control",0.0356092499474997
"F","375","Control",0.0339380274344278
"F","375","Control",0.036143740259791
"F","375","Control",0.0338302592306031
"F","375","Control",0.0307233590598957
"F","375","Control",0.0381045331779476
"F","375","Control",0.0412620582971972
"F","375","Control",0.035364747054149
"F","375","Control",0.0251061949220018
"F","375","Control",0.0277402217094073
"F","375","Control",0.0352088978706788
"F","375","Control",0.0331346089895152
"F","375","Control",0.0260701333323135
"F","375","Control",0.0346895001340656
"F","375","Control",0.0405666869696426
"F","375","Control",0.030668070124125
"F","375","Control",0.036775529604107
"F","375","Control",0.0362894750117024
"F","375","Control",0.0331493585468918
"F","375","Control",0.0312611742201322
"F","375","Control",0.0403645923136994
"F","375","Control",0.0346844256793961
"F","375","Control",0.0295184293334345
"F","375","Control",0.031892943404514
"F","375","Control",0.0303264345863061
"F","375","Control",0.0333241266248632
"F","375","Control",0.0297073762960056
"F","375","Control",0.0359096654422799
"F","375","Control",0.0358003628768338
"F","375","Control",0.0301924316182852
"F","375","Control",0.0343121925689224
"F","375","Control",0.0335396388742152
"F","375","Control",0.0235691172331294
"F","375","Control",0.0439894362311226
"F","375","Control",0.0305174932192009
"F","375","Control",0.0300665653225008
"F","375","Control",0.0369975863158762
"F","375","Control",0.0330546365698949
"F","375","Control",0.0315551050079364
"F","375","Control",0.0276171744533318
"F","375","Control",0.0349801004596011
"F","375","Control",0.0387254916653196
"F","375","Control",0.0318801848266203
"F","375","Control",0.0421904247491364
"F","375","Control",0.032790880738906
"F","375","Control",0.0344876836556378
"F","375","Control",0.0366706900847527
"F","375","Control",0.0404511057518697
"F","375","Control",0.0384107680422736
"F","375","Control",0.0399284135539748
"F","375","Control",0.0444083238253764
"F","375","Control",0.0383411062011943
"F","375","Control",0.0344127151241241
"F","375","Control",0.0349255627005463
"F","375","Control",0.0367579283643601
"F","375","Control",0.0349291721941671
"F","375","Control",0.0398404202395601
"F","375","Control",0.0344595683495753
"F","375","Control",0.0270320889229695
"F","375","Control",0.0347044861156094
"F","375","Control",0.0266038815696926
"F","375","Control",0.033799352289771
"F","375","Control",0.0295734092432971
"F","375","Control",0.0375222932379777
"F","375","Control",0.0386157121602683
"F","375","Control",0.0345888098873692
"F","375","Control",0.0395442910242917
"F","375","Control",0.0353552170991462
"F","375","Control",0.027825336142758
"F","375","Control",0.0368360814828333
"F","375","Control",0.0392715939910041
"F","375","Control",0.0353161573748704
"F","375","Control",0.0342086832925178
"F","375","Control",0.0427222092598694
"F","375","Control",0.028334643173144
"F","375","Control",0.0281181782164563
"F","375","Control",0.038766752883003
"F","375","Control",0.031660535996901
"F","375","Control",0.0401773082178474
"F","375","Control",0.0368427909353451
"F","375","Control",0.0273276819765077
"F","375","Control",0.0357814427328831
"F","375","Control",0.0331941898896961
"F","375","Control",0.0306198980682672
"F","375","Control",0.03695711086477
"F","375","Control",0.0247539633204634
"F","375","Control",0.0386233687791374
"F","375","Control",0.0308474535710633
"F","375","Control",0.0299601676603838
"F","375","Control",0.0371653040748882
"F","375","Control",0.0317119052900827
"F","375","Control",0.0373340022579978
"F","375","Control",0.0294613582725426
"F","375","Control",0.0384871922279183
"F","375","Control",0.0353125304903179
"F","375","Control",0.0258965150492556
"F","375","Control",0.0343838981325048
"F","375","Control",0.0411605651143067
"F","375","Control",0.0383409187953951
"F","375","Control",0.0348551024102741
"F","375","Control",0.0401249968391223
"F","375","Control",0.0404275372587672
"F","375","Control",0.0322835434953812
"F","375","Control",0.0353485850493984
"F","375","Control",0.0351107928263522
"F","375","Control",0.0316126272755393
"F","375","Control",0.0364007707964202
"F","375","Control",0.0339462161590343
"F","375","Control",0.038483887235643
"F","375","Control",0.04045118212655
"F","375","Control",0.0339031363380834
"F","375","Control",0.0329464822307974
"F","375","Control",0.0400314474548774
"F","375","Control",0.0361563560456642
"F","375","Control",0.0330920544094008
"F","375","Control",0.0274746386931969
"F","375","Control",0.0357354631190001
"F","375","Control",0.0268230100130461
"F","375","Control",0.0340755419199625
"F","375","Control",0.0387903986871343
"F","375","Control",0.0354270565221227
"F","375","Control",0.0387468703683339
"F","375","Control",0.0279312673887306
"F","375","Control",0.0341270193818515
"F","375","Control",0.0357563192866698
"F","375","Control",0.0398116250985582
"F","375","Control",0.03193334436216
"F","375","Control",0.0328061220529676
"F","375","Control",0.0313206259818466
"F","375","Control",0.031491306222
"F","375","Control",0.0364661784637963
"F","375","Control",0.036607286442878
"F","375","Control",0.0377587645571544
"F","375","Control",0.0300857281612182
"F","375","Control",0.0332747161847468
"F","375","Control",0.0299223039496376
"F","375","Control",0.0248081642161486
"F","375","Control",0.0394062028295548
"F","375","Control",0.0336369428082695
"F","375","Control",0.0269855828443531
"F","375","Control",0.0406079475099874
"F","375","Control",0.0395387615143102
"F","375","Control",0.034912685482013
"F","375","Control",0.0397045233688339
"F","375","Control",0.0335208580591631
"F","375","Control",0.0324687823234679
"F","375","Control",0.0367736982655077
"F","375","Control",0.0370644294627135
"F","375","Control",0.0312233320718745
"F","375","Control",0.0342167200296262
"F","375","Control",0.027842026967917
"F","375","Control",0.0303384998327383
"F","375","Control",0.0334188043244319
"F","375","Control",0.0282514357839417
"F","375","Control",0.0301651694158237
"F","375","Control",0.0265723615540425
"F","375","Control",0.0281999422018184
"F","375","Control",0.0257239068391967
"F","375","Control",0.0377783858667661
"F","375","Control",0.0351567350198686
"F","375","Control",0.0376440972918648
"F","375","Control",0.0361801352761357
"F","375","Control",0.034507830791902
"F","375","Control",0.0388309003841801
"F","375","Control",0.036077105189848
"F","375","Control",0.0417698404289807
"F","375","Control",0.0287383826985881
"F","375","Control",0.0431617241473136
"F","375","Control",0.0435722561452514
"F","375","Control",0.0267572070099636
"F","375","Control",0.0363285110787225
"F","375","Control",0.0346570410375275
"F","375","Control",0.0331648826909037
"F","375","Control",0.0279121092973548
"F","375","Control",0.0312216275427018
"F","375","Control",0.0335483064624914
"F","375","Control",0.034097746484476
"F","375","Control",0.0404123172050742
"F","375","Control",0.0377816803178476
"F","375","Control",0.0374152223638979
"F","375","Control",0.0357415361345486
"F","375","Control",0.0303822647374401
"F","375","Control",0.0400901549522476
"F","375","Control",0.0335529842643852
"F","375","Control",0.0336100472042811
"F","375","Control",0.0384724761960739
"F","375","Control",0.0333065321357943
"F","375","Control",0.0410694047191357
"F","375","Control",0.0423269833434386
"F","375","Control",0.0310256660617968
"F","375","Control",0.0390995074695784
"F","375","Control",0.0308383689437202
"F","375","Control",0.0344413814628151
"F","375","Control",0.0304721058999967
"F","375","Control",0.0383532301396679
"F","375","Control",0.0353317096901232
"F","375","Control",0.0328234714283935
"F","375","Control",0.0308173884668776
"F","375","Control",0.0304411014946339
"F","375","Control",0.0363409604995921
"F","375","Control",0.0324745329631476
"F","375","Control",0.0318130618832885
"F","375","Control",0.0404457650313566
"F","375","Control",0.0335234114739211
"F","375","Control",0.0343791319726941
"F","375","Control",0.0325327705435585
"F","375","Control",0.0324747664676297
"F","375","Control",0.024213399689071
"F","375","Control",0.0325122390139548
"F","375","Control",0.0377730060266835
"F","375","Control",0.0374403028404291
"F","375","Control",0.035805002415798
"F","375","Control",0.0233913736137848
"F","375","Control",0.0380957099193967
"F","375","Control",0.0324915811106239
"F","375","Control",0.0328144227317212
"F","375","Control",0.0344631602574473
"F","375","Control",0.0399005362470633
"F","375","Control",0.038834025395359
"F","375","Control",0.0360627495622051
"F","375","Control",0.0326645178824283
"F","375","Control",0.0358824886145689
"F","375","Control",0.0345185215411883
"F","375","Control",0.0301054064650443
"F","375","Control",0.0340847542456578
"F","375","Control",0.0377939974506761
"F","375","Control",0.0344967846033661
"F","375","Control",0.0359921655924928
"F","375","Control",0.0355886919665153
"F","375","Control",0.033379644625764
"F","375","Control",0.0390061114488286
"F","375","Control",0.0422071150726568
"F","375","Control",0.0401731962416098
"F","375","Control",0.033614236334084
"F","375","Control",0.0359413698283865
"F","375","Control",0.036780235665181
"F","375","Control",0.0300620296261745
"F","375","Control",0.0407485644933094
"F","375","Control",0.0447162962496295
"F","375","Control",0.0286699518245947
"F","375","Control",0.0354002950694576
"F","375","Control",0.0307199281086221
"F","375","Control",0.030446611222784
"F","375","Control",0.0395472613288449
"F","375","Control",0.0332820141018691
"F","375","Control",0.0411103801583204
"F","375","Control",0.0369015757714144
"F","375","Control",0.0398917849131079
"F","375","Control",0.0395897221194522
"F","375","Control",0.0322597770351717
"F","375","Control",0.0364591124560719
"F","375","Control",0.0335110936788054
"F","375","Control",0.0320326136066109
"F","375","Control",0.0424312422931989
"F","375","Control",0.0407817066126989
"F","375","Control",0.031631263693176
"F","375","Control",0.0404903433434607
"F","375","Control",0.0391228274050283
"F","375","Control",0.040872293213749
"F","375","Control",0.0362829731955679
"F","375","Control",0.0299704185676072
"F","375","Control",0.0391928081325037
"F","375","Control",0.0354733479688276
"F","375","Control",0.0299471196997988
"F","375","Control",0.0309223617278481
"F","375","Control",0.032101087059516
"F","375","Control",0.0404598551691863
"F","375","Control",0.0298140988437878
"F","375","Control",0.0356540389931267
"F","375","Control",0.0435481860334518
"F","375","Control",0.0379846411552265
"F","375","Control",0.0325778770264109
"F","375","Control",0.0385325897845013
"F","375","Control",0.0400196925736626
"F","375","Control",0.0352627008687202
"F","375","Control",0.0328693062689941
"F","375","Control",0.0344217374019617
"F","375","Control",0.0358526567677812
"F","375","Control",0.0403221194279948
"F","375","Control",0.0452182088019156
"F","375","Control",0.0342592895632242
"F","375","Control",0.0308556907193374
"F","375","Control",0.0331306284149113
"F","375","Control",0.0368605418303537
"F","375","Control",0.0331339950303727
"F","375","Control",0.0338351360066066
"F","375","Control",0.0385579252549741
"F","375","Control",0.0305062364794797
"F","375","Control",0.0346097690006152
"F","375","Control",0.0302293126291184
"F","375","Control",0.0279642454650311
"F","375","Control",0.0379662853963093
"F","375","Control",0.0335151236410662
"F","375","Control",0.028191900229227
"F","375","Control",0.0325707552387464
"F","375","Control",0.0321675963102853
"F","375","Control",0.0328592022967073
"F","375","Control",0.034474189052345
"F","375","Control",0.0339465709571083
"F","375","Control",0.0394363448167286
"F","375","Control",0.0329532744876023
"F","375","Control",0.0331251371276795
"F","375","Control",0.0353962692551702
"F","375","Control",0.0392278487801757
"F","375","Control",0.0319126923181534
"F","375","Control",0.0311171812926046
"F","375","Control",0.0349605791302307
"F","375","Control",0.0382422906808519
"F","375","Control",0.0383477667568883
"F","375","Control",0.0339794385635237
"F","375","Control",0.0337333117140154
"F","375","Control",0.0368267989738411
"F","375","Control",0.0390330037991501
"F","375","Control",0.0371329089091039
"F","375","Control",0.0349541720900471
"F","375","Control",0.0304350720365868
"F","375","Control",0.036428382981255
"F","375","Control",0.0311930303008196
"F","375","Control",0.0359010298646872
"F","375","Control",0.0386547331926362
"F","375","Control",0.031033743191235
"F","375","Control",0.0310094692421743
"F","375","Control",0.0398828090126958
"F","375","Control",0.0326707021499925
"F","375","Control",0.032202364395301
"F","375","Control",0.0407184185905994
"F","375","Control",0.0263789934552528
"F","375","Control",0.0317397566572186
"F","375","Control",0.0401002949647063
"F","375","Control",0.0371170667831139
"F","375","Control",0.0355469280688478
"F","375","Control",0.0358461961954586
"F","375","Control",0.0396299607182674
"F","375","Control",0.0375986537797909
"F","375","Control",0.0399756231907222
"F","375","Control",0.0336958876807225
"F","375","Control",0.0307584199688118
"F","375","Control",0.0402695926889913
"F","375","Control",0.0470113135469906
"F","375","Control",0.0387587160842612
"F","375","Control",0.029467877353777
"F","375","Control",0.0339179491046631
"F","375","Control",0.0314414802375532
"F","375","Control",0.0405130825902744
"F","375","Control",0.0362024792192154
"F","375","Control",0.0252458366431508
"F","375","Control",0.0307914422166193
"F","375","Control",0.0367521900891357
"F","375","Control",0.0416532440636084
"F","375","Control",0.038333333422735
"F","375","Control",0.0363115848030908
"F","375","Control",0.0340508497427851
"F","375","Control",0.0352363904740848
"F","375","Control",0.0392885533975012
"F","375","Control",0.0320745357873675
"F","375","Control",0.0373578767157161
"F","375","Control",0.0251206317662106
"F","375","Control",0.0275588499524037
"F","375","Control",0.0339414329593161
"F","375","Control",0.0307697250143386
"F","375","Control",0.0337996489860097
"F","375","Control",0.0366201948445827
"F","375","Control",0.0415544350214606
"F","375","Control",0.0394300025840774
"F","375","Control",0.036482512005201
"F","375","Control",0.0308424170231465
"F","375","Control",0.0426212349537451
"F","375","Control",0.0286415193027621
"F","375","Control",0.0314338490160807
"F","375","Control",0.0326970198448243
"F","375","Control",0.0279469847900766
"F","375","Control",0.0313745925574054
"F","375","Control",0.0274812069523716
"F","375","Control",0.0277072108031848
"F","375","Control",0.0343191571028986
"F","375","Control",0.028973358212471
"F","375","Control",0.0330665665756625
"F","375","Control",0.0354552538404634
"F","375","Control",0.0423765686583451
"F","375","Control",0.0370152353736088
"F","375","Control",0.0339529245914632
"F","375","Control",0.0297565980207024
"F","375","Control",0.0387196114578685
"F","375","Control",0.0382957275261682
"F","375","Control",0.0298469547073764
"F","375","Control",0.0427655434015455
"F","375","Control",0.0373105151069269
"F","375","Control",0.0356452507485608
"F","375","Control",0.0370520761199658
"F","375","Control",0.0301623899501915
"F","375","Control",0.0365939286945602
"F","375","Control",0.0385220468810551
"F","375","Control",0.039219931145233
"F","375","Control",0.0326967510112607
"F","375","Control",0.0340926328053195
"F","375","Control",0.0322545660145564
"F","375","Control",0.0394690308075594
"F","375","Control",0.0352662674520056
"F","375","Control",0.0358309125034709
"F","375","Control",0.0368970695328552
"F","375","Control",0.0387948504499234
"F","375","Control",0.0342282466726919
"F","375","Control",0.0384718523734121
"F","375","Control",0.031919149429747
"F","375","Control",0.0355643689225451
"F","375","Control",0.0364670264136073
"F","375","Control",0.032757920465222
"F","375","Control",0.0319467291119804
"F","375","Control",0.034002144760462
"F","375","Control",0.039799491042845
"F","375","Control",0.0378713297820205
"F","375","Control",0.0365496720577894
"F","375","Control",0.0279389897431142
"F","375","Control",0.0315299452454966
"F","375","Control",0.0384600503957254
"F","375","Control",0.0346847322275219
"F","375","Control",0.0330317467851039
"F","375","Control",0.0347732544122174
"F","375","Control",0.0379000711106265
"F","375","Control",0.038627674798349
"F","375","Control",0.0394713815226705
"F","375","Control",0.0389416031093816
"F","375","Control",0.0417371683903904
"F","375","Control",0.0350594607583477
"F","375","Control",0.0359121629590429
"F","375","Control",0.0357203239391259
"F","375","Control",0.0388298041143026
"F","375","Control",0.02891681230359
"F","375","Control",0.0372493123557525
"F","375","Control",0.0389591632528636
"F","375","Control",0.0318828895042608
"F","375","Control",0.0354700030453498
"F","375","Control",0.0281140954262364
"F","375","Control",0.0398085136471035
"F","375","Control",0.0411086600861272
"F","375","Control",0.0328844881565088
"F","375","Control",0.0421129826313433
"F","375","Control",0.0364413048220099
"F","375","Control",0.0448904223805444
"F","375","Control",0.031506797236177
"F","375","Control",0.0359247752042909
"F","375","Control",0.0384344154658307
"F","375","Control",0.0321573767950579
"F","375","Control",0.0331641087662408
"F","375","Control",0.0282186707769284
"F","375","Control",0.0323937026103905
"F","375","Control",0.0357395506129377
"F","375","Control",0.0372499932211004
"F","375","Control",0.0346948648249948
"F","375","Control",0.0324297255911459
"F","375","Control",0.0415707943173822
"F","375","Control",0.0374812226228804
"F","375","Control",0.0270607388585668
"F","375","Control",0.0376535534301514
"F","375","Control",0.0273821022721825
"F","375","Control",0.0281796303545233
"F","375","Control",0.0383077511117918
"F","375","Control",0.0352233772960681
"F","375","Control",0.028697461784709
"F","375","Control",0.0333681258036656
"F","375","Control",0.0365491569011319
"F","375","Control",0.0357010153621138
"F","375","Control",0.0324210426711092
"F","375","Control",0.0338012095850215
"F","375","Control",0.031057810545502
"F","375","Control",0.0381100689865226
"F","375","Control",0.0319409757885756
"F","375","Control",0.0282815273774941
"F","375","Control",0.041143849538957
"F","375","Control",0.0400366328155259
"F","375","Control",0.0368922341795019
"F","375","Control",0.0384678548825076
"F","375","Control",0.0339446180040658
"F","375","Control",0.0374046836029256
"F","375","Control",0.0363040126075617
"F","375","Control",0.0348809794145719
"F","375","Control",0.0263682210079088
"F","375","Control",0.0321272886215224
"F","375","Control",0.0370299333095992
"F","375","Control",0.0316594132005194
"F","375","Control",0.0419153389038607
"F","375","Control",0.0341503271566293
"F","375","Control",0.0379372281379049
"F","375","Control",0.0302999081318497
"F","375","Control",0.0371237293583082
"F","375","Control",0.0362011773094952
"F","375","Control",0.0327321296223381
"F","375","Control",0.0403861473934868
"F","375","Control",0.0329406952546329
"F","375","Control",0.0373154522007213
"F","375","Control",0.0328692122127273
"F","375","Control",0.029509690589675
"F","375","Control",0.0286957973842586
"F","375","Control",0.0386446732310807
"F","375","Control",0.0336519467588429
"F","375","Control",0.027352695838327
"F","375","Control",0.0393692878824997
"F","375","Control",0.0368433860647798
"F","375","Control",0.033421445444333
"F","375","Control",0.0341164020435704
"F","375","Control",0.0396688184704135
"F","375","Control",0.0319096803176954
"F","375","Control",0.031798237061376
"F","375","Control",0.0314027023309745
"F","375","Control",0.0284381997589953
"F","375","Control",0.0368405425793423
"F","375","Control",0.0342131698779629
"F","375","Control",0.0304722095900743
"F","375","Control",0.0358172581538391
"F","375","Control",0.0357107597402697
"F","375","Control",0.0359862007873748
"F","375","Control",0.0325279808230957
"F","375","Control",0.040762043681541
"F","375","Control",0.030478657496949
"F","375","Control",0.0339581921314989
"F","375","Control",0.0318279375702487
"F","375","Control",0.0354567084004394
"F","375","Control",0.0301230188517312
"F","375","Control",0.0401650417228483
"F","375","Control",0.0346333325891102
"F","375","Control",0.0321989085285896
"F","375","Control",0.0363149143277022
"F","375","Control",0.02684798937811
"F","375","Control",0.0350490699623264
"F","375","Control",0.0281095623618062
"F","375","Control",0.0341089507599503
"F","375","Control",0.0430797532406697
"F","375","Control",0.0336505382737199
"F","375","Control",0.0356274679065086
"F","375","Control",0.0305334260343921
"F","375","Control",0.0306564143279949
"F","375","Control",0.0380790895537213
"F","375","Control",0.0403768433154267
"F","375","Control",0.0354168889682261
"F","375","Control",0.0373884156837317
"F","375","Control",0.034549774012574
"F","375","Control",0.0334271002471541
"F","375","Control",0.0297037196328264
"F","375","Control",0.0381905610320669
"F","375","Control",0.0377853773979448
"F","375","Control",0.0304613971647477
"F","375","Control",0.0379170220024724
"F","375","Control",0.0360585252169683
"F","375","Control",0.0342006917046995
"F","375","Control",0.0303924907166884
"F","375","Control",0.0347725841334709
"F","375","Control",0.0324287531777913
"F","375","Control",0.0388439151914418
"F","375","Control",0.0297244522982506
"F","375","Control",0.0324683014637518
"F","375","Control",0.0377943269578586
"F","375","Control",0.0362000974343332
"F","375","Control",0.0410261302644966
"F","375","Control",0.0334104604695176
"F","375","Control",0.031081897361494
"F","375","Control",0.0391871326954138
"F","375","Control",0.0320097826116403
"F","375","Control",0.0411595542401765
"F","375","Control",0.0440921473366343
"F","375","Control",0.0338375208410134
"F","375","Control",0.0306557207611678
"F","375","Control",0.0350232681773896
"F","375","Control",0.0397445357164662
"F","375","Control",0.0317839540174224
"F","375","Control",0.0375388453326621
"F","375","Control",0.0357329907284309
"F","375","Control",0.0336332529065585
"F","375","Control",0.0347095627823163
"F","375","Control",0.0385762834832072
"F","375","Control",0.036191574099268
"F","375","Control",0.0389984605782089
"F","375","Control",0.0332691418413299
"F","375","Control",0.0305791382172455
"F","375","Control",0.0335476483812249
"F","375","Control",0.0315665538886879
"F","375","Control",0.0344048032286127
"F","375","Control",0.0307430441529018
"F","375","Control",0.0357943226953185
"F","375","Control",0.031813996454846
"F","375","Control",0.0309736720077593
"F","375","Control",0.035439076275451
"F","375","Control",0.0356550508685818
"F","375","Control",0.0362203397684416
"F","375","Control",0.0312954307160979
"F","375","Control",0.0378560084729063
"F","375","Control",0.031604825944076
"F","375","Control",0.028373965233681
"F","375","Control",0.0346718333018842
"F","375","Control",0.0357708827800423
"F","375","Control",0.0316662576334986
"F","375","Control",0.027382538511546
"F","375","Control",0.0309331229287879
"F","375","Control",0.0365109915414097
"F","375","Control",0.0373429814587449
"F","375","Control",0.035470317674027
"F","375","Control",0.0409883549866016
"F","375","Control",0.0334967957546037
"F","375","Control",0.0359207602880502
"F","375","Control",0.0391317387943211
"F","375","Control",0.0316564026359927
"F","375","Control",0.0275958546423909
"F","375","Control",0.0340874612160968
"F","375","Control",0.0332207165376116
"F","375","Control",0.0376603910317811
"F","375","Control",0.0336672703207287
"F","375","Control",0.0417991786441841
"F","375","Control",0.0380383019589546
"F","375","Control",0.0401456665845708
"F","375","Control",0.0334748021082034
"F","375","Control",0.0339055465669332
"F","375","Control",0.0363117101996245
"F","375","Control",0.0392466260902394
"F","375","Control",0.0363727936378578
"F","375","Control",0.0385195465381016
"F","375","Control",0.0330723873988266
"F","375","Control",0.0392958211722829
"F","375","Control",0.0392411858987942
"F","375","Control",0.0337962196361547
"F","375","Control",0.0321403584167444
"F","375","Control",0.0336844921117958
"F","375","Control",0.0366217246712541
"F","375","Control",0.0385690234272558
"F","375","Control",0.0340307594770087
"F","375","Control",0.0243907383414505
"F","375","Control",0.035451119732404
"F","375","Control",0.0325450346881254
"F","375","Control",0.0392998733003212
"F","375","Control",0.0328244452482661
"F","375","Control",0.0358373842245096
"F","375","Control",0.0324054380407981
"F","375","Control",0.035920221416576
"F","375","Control",0.0326747515526206
"F","375","Control",0.0405662605310664
"F","375","Control",0.0296115985666543
"F","375","Control",0.040128971439366
"F","375","Control",0.0434614291398727
"F","375","Control",0.0335943817173924
"F","375","Control",0.0392480727908809
"F","375","Control",0.0302382674898292
"F","375","Control",0.0335623011558598
"F","375","Control",0.0365270350039996
"F","375","Control",0.0336062902106892
"F","375","Control",0.0311473038927416
"F","375","Control",0.0360408347966612
"F","375","Control",0.0316159024040512
"F","375","Control",0.0319492466633984
"F","375","Control",0.0390344780708015
"F","375","Control",0.0268466403644651
"F","375","Control",0.0305504120542024
"F","375","Control",0.0411905433929403
"F","375","Control",0.0329905080880245
"F","375","Control",0.0307731386192275
"F","375","Control",0.0432765573313506
"F","375","Control",0.0367821367401684
"F","375","Control",0.0320053255243236
"F","375","Control",0.0407401875867236
"F","375","Control",0.0329441900561318
"F","375","Control",0.0314544515667255
"F","375","Control",0.0329654515169617
"F","375","Control",0.0381694771384003
"F","375","Control",0.0368323426824325
"F","375","Control",0.0355526430408228
"F","375","Control",0.0360319188718104
"F","375","Control",0.0325512727906461
"F","375","Control",0.0346761207440497
"F","375","Control",0.0260379936665349
"F","375","Control",0.0376816402976997
"F","375","Control",0.0331231838030651
"F","375","Control",0.037984705566261
"F","375","Control",0.032829438053191
"F","375","Control",0.0406524750414199
"F","375","Control",0.0311850720707008
"F","375","Control",0.0323920517831416
"F","375","Control",0.0322782576386488
"F","375","Control",0.0348855871418245
"F","375","Control",0.03430370085484
"F","375","Control",0.0339071538338273
"F","375","Control",0.0350734725298802
"F","375","Control",0.0338644808309957
"F","375","Control",0.0312590614507331
"F","375","Control",0.0305185648882752
"F","375","Control",0.0275555443555194
"F","375","Control",0.036332563023041
"F","375","Control",0.0331787279514306
"F","375","Control",0.0329610002506523
"F","375","Control",0.0268797008530891
"F","375","Control",0.0439783946955807
"F","375","Control",0.0355631500756937
"F","375","Control",0.0310123518864983
"F","375","Control",0.0355856654731991
"F","375","Control",0.030192436183047
"F","375","Control",0.0406843291169867
"F","375","Control",0.0307513410868865
"F","375","Control",0.0358941922424894
"F","375","Control",0.0352604459178381
"F","375","Control",0.0411301687098451
"F","375","Control",0.0305964279578241
"F","375","Control",0.0359429692381107
"F","375","Control",0.0323706171897449
"F","375","Control",0.0332611936740265
"F","375","Control",0.0315841746920781
"F","375","Control",0.036544988841125
"F","375","Control",0.0333463828670202
"F","375","Control",0.0304405809845287
"F","375","Control",0.0257825231011364
"F","375","Control",0.0401005441716578
"F","375","Control",0.0326494422742265
"F","375","Control",0.0304214982414679
"F","375","Control",0.0395215943200136
"F","375","Control",0.0398129371056291
"F","375","Control",0.0336573258364649
"F","375","Control",0.0311994197087714
"F","375","Control",0.0359000093581757
"F","375","Control",0.039015921458788
"F","375","Control",0.0337954813729435
"F","375","Control",0.0308505260854997
"F","375","Control",0.0289183888375591
"F","375","Control",0.0290665398499138
"F","375","Control",0.027110131241904
"F","375","Control",0.0337749076666625
"F","375","Control",0.0387279916580111
"F","375","Control",0.0376045053128069
"F","375","Control",0.037851630692791
"F","375","Control",0.0384926234231589
"F","375","Control",0.0319159056849184
"F","375","Control",0.0399767788899227
"F","375","Control",0.0337679112095027
"F","375","Control",0.0316265043050197
"F","375","Control",0.0387622139468829
"F","375","Control",0.0371301423565645
"F","375","Control",0.0257309471441798
"F","375","Control",0.0338610532764842
"F","375","Control",0.0328824146843223
"F","375","Control",0.0317817322567776
"F","375","Control",0.0375797450582328
"F","375","Control",0.0383660964041823
"F","375","Control",0.0299532944101623
"F","375","Control",0.0324210410005413
"F","375","Control",0.0358073371573597
"F","375","Control",0.033312150583478
"F","375","Control",0.0417664889025987
"F","375","Control",0.030220413111091
"F","375","Control",0.0360522452877233
"F","375","Control",0.0389491617867014
"F","375","Control",0.0361432693855341
"F","375","Control",0.0284348814516699
"F","375","Control",0.0370864903474626
"F","375","Control",0.0399971497394005
"F","375","Control",0.0368325498808616
"F","375","Control",0.03117246203641
"F","375","Control",0.0373454412186725
"F","375","Control",0.0332637108383672
"F","375","Control",0.0325942800540762
"F","375","Control",0.0334249182677957
"F","375","Control",0.0313974696053312
"F","375","Control",0.0399346535349694
"F","375","Control",0.0286663709633519
"F","375","Control",0.043792047949719
"F","375","Control",0.0296760752835814
"F","375","Control",0.034244502845726
"F","375","Control",0.0307519352177779
"F","375","Control",0.0230031676659897
"F","375","Control",0.0341279197198049
"F","375","Control",0.0365045150821619
"F","375","Control",0.0357138616046204
"F","375","Control",0.0358226489489053
"F","375","Control",0.0318995825668029
"F","375","Control",0.040339194883004
"F","375","Control",0.0301553638720529
"F","375","Control",0.0307612344194642
"F","375","Control",0.0378517194166924
"F","375","Control",0.0354217180374953
"F","375","Control",0.0338316229879985
"F","375","Control",0.0392240772499277
"F","375","Control",0.034169100349899
"F","375","Control",0.0380989188872427
"F","375","Control",0.0254180711045082
"F","375","Control",0.0351648260883672
"F","375","Control",0.0368487130663732
"F","375","Control",0.031089257582007
"F","375","Control",0.0330692293407885
"F","375","Control",0.035923118266238
"F","375","Control",0.030477641465666
"F","375","Control",0.0279545332421301
"F","375","Control",0.0327676588436506
"F","375","Control",0.0334010340319724
"F","375","Control",0.0342939283639844
"F","375","Control",0.032559502039804
"F","375","Control",0.0366131127073348
"F","375","Control",0.034268248002865
"F","375","Control",0.0298094107027337
"F","375","Control",0.0357168870001371
"F","375","Control",0.0312344185476953
"F","375","Control",0.0409309268248964
"F","375","Control",0.0384986262872564
"F","375","Control",0.0324063428508161
"F","375","Control",0.0394857753562546
"F","375","Control",0.0288899287827552
"F","375","Control",0.0353005662864899
"F","375","Control",0.0379465602490126
"F","375","Control",0.0352241062779163
"F","375","Control",0.0401722479498893
"F","375","Control",0.038318752505186
"F","375","Control",0.0303601465427226
"F","375","Control",0.0304969541478684
"F","375","Control",0.0359967917871798
"F","375","Control",0.0318644540161609
"F","375","Control",0.0324630153205611
"F","375","Control",0.0381286697032801
"F","375","Control",0.0403791073510929
"F","375","Control",0.0427904405732798
"F","375","Control",0.0400044540658456
"F","375","Control",0.0326591282820368
"F","375","Control",0.0338182082642336
"F","375","Control",0.0303071931381757
"F","375","Control",0.0268067809346788
"F","375","Control",0.0336369873085502
"F","375","Control",0.031634606494235
"F","375","Control",0.0344024505131608
"F","375","Control",0.0326429050289869
"F","375","Control",0.0375216422851385
"F","375","Control",0.0364837243894439
"F","375","Control",0.036278177434196
"F","375","Control",0.0333643941398984
"F","375","Control",0.0333482467215956
"F","375","Control",0.0303985950342325
"F","375","Control",0.0247233626649876
"F","375","Control",0.0337389318954619
"F","375","Control",0.0379887700949258
"F","375","Control",0.0361662390896066
"F","375","Control",0.0367553355617001
"F","375","Control",0.0360084379717565
"F","375","Control",0.034542812673365
"F","375","Control",0.0369915157125965
"F","375","Control",0.0341819726316994
"F","375","Control",0.0355953506783338
"F","375","Control",0.0324636938689197
"F","375","Control",0.0287911138422796
"F","375","Control",0.0380243735798134
"F","375","Control",0.0401453488744098
"F","375","Control",0.0321298297456821
"F","375","Control",0.0374943142738933
"F","375","Control",0.0352195905078489
"F","375","Control",0.0312664257358812
"F","375","Control",0.0353557185036989
"F","375","Control",0.0320164237329122
"F","375","Control",0.038661642149435
"F","375","Control",0.0292279117877784
"F","375","Control",0.0331073859981238
"F","375","Control",0.0331451664661781
"F","375","Control",0.0346776189187258
"F","375","Control",0.0403291060508389
"F","375","Control",0.0347805806125078
"F","375","Control",0.0331239642191233
"F","375","Control",0.0325420581808243
"F","375","Control",0.0317534148582672
"F","375","Control",0.0337835643431285
"F","375","Control",0.0390957298309892
"F","375","Control",0.0326470952248389
"F","375","Control",0.0313457639436114
"F","375","Control",0.0350973877066587
"F","375","Control",0.0439815676350985
"F","375","Control",0.0333038430000192
"F","375","Control",0.0369132103202433
"F","375","Control",0.0387521339143545
"F","375","Control",0.0348148136521697
"F","375","Control",0.0287867231266853
"F","375","Control",0.0271289504378369
"F","375","Control",0.0341680917995288
"F","375","Control",0.0272304364593134
"F","375","Control",0.0338909973929619
"F","375","Control",0.0335859221558805
"F","375","Control",0.0415314277830291
"F","375","Control",0.0365399225650238
"F","375","Control",0.0365402165638921
"F","375","Control",0.0420702603006667
"F","375","Control",0.0291628860029825
"F","375","Control",0.0378148776185818
"F","375","Control",0.0321851550521364
"F","375","Control",0.0329623799884514
"F","375","Control",0.0295263091199488
"F","375","Control",0.0388411996408739
"F","375","Control",0.0390569340387791
"F","375","Control",0.0344425739113753
"F","375","Control",0.0331621268905569
"F","375","Control",0.0271608374559127
"F","375","Control",0.0291033293057104
"F","375","Control",0.0339787000776487
"F","375","Control",0.0402973249129564
"F","375","Control",0.0428649463068902
"F","375","Control",0.0376182099828608
"F","375","Control",0.0425829158998247
"F","375","Control",0.0356491440352052
"F","375","Control",0.0350594825321006
"F","375","Control",0.0370354376250887
"F","375","Control",0.0328457229991361
"F","375","Control",0.0399339413356052
"F","375","Control",0.0370094637919898
"F","375","Control",0.0346189514365643
"F","375","Control",0.0412659309454105
"F","375","Rotenone",0.022739286751411
"F","375","Rotenone",0.0254085151829437
"F","375","Rotenone",0.0214427108634001
"F","375","Rotenone",0.0235768584758839
"F","375","Rotenone",0.027365606708688
"F","375","Rotenone",0.0210760810359259
"F","375","Rotenone",0.0309234499221783
"F","375","Rotenone",0.0281214139396459
"F","375","Rotenone",0.0291409694174438
"F","375","Rotenone",0.0302807613997577
"F","375","Rotenone",0.0262023826947126
"F","375","Rotenone",0.0265602553755757
"F","375","Rotenone",0.0286919514934352
"F","375","Rotenone",0.0289888737060399
"F","375","Rotenone",0.0224228272354055
"F","375","Rotenone",0.0225091519182175
"F","375","Rotenone",0.0245711458503278
"F","375","Rotenone",0.0264236384671332
"F","375","Rotenone",0.0272193552167962
"F","375","Rotenone",0.0291982390083956
"F","375","Rotenone",0.0317344710614452
"F","375","Rotenone",0.0260541448012122
"F","375","Rotenone",0.027107458813324
"F","375","Rotenone",0.0239006557996641
"F","375","Rotenone",0.0251181523752757
"F","375","Rotenone",0.0284882986534969
"F","375","Rotenone",0.0294969611469904
"F","375","Rotenone",0.0221506761928113
"F","375","Rotenone",0.0277754568364143
"F","375","Rotenone",0.029571294799252
"F","375","Rotenone",0.0241892629773781
"F","375","Rotenone",0.0267080425070349
"F","375","Rotenone",0.0248079503213136
"F","375","Rotenone",0.0308036258858377
"F","375","Rotenone",0.0234935274052607
"F","375","Rotenone",0.0237033474216872
"F","375","Rotenone",0.0239526841958511
"F","375","Rotenone",0.0266517083718743
"F","375","Rotenone",0.0227168132633155
"F","375","Rotenone",0.0212904495457615
"F","375","Rotenone",0.0299805779967965
"F","375","Rotenone",0.0235526215579934
"F","375","Rotenone",0.0334214961080531
"F","375","Rotenone",0.0257297849129903
"F","375","Rotenone",0.0252916737793442
"F","375","Rotenone",0.021956674544864
"F","375","Rotenone",0.0235662594802553
"F","375","Rotenone",0.0248898079116619
"F","375","Rotenone",0.0260155622816813
"F","375","Rotenone",0.0303985862471852
"F","375","Rotenone",0.0251644702271908
"F","375","Rotenone",0.0298643406674611
"F","375","Rotenone",0.0259397616980245
"F","375","Rotenone",0.0281351857510465
"F","375","Rotenone",0.0279457054823185
"F","375","Rotenone",0.0271779555299583
"F","375","Rotenone",0.0262087999211864
"F","375","Rotenone",0.0235305800115107
"F","375","Rotenone",0.026297849508709
"F","375","Rotenone",0.0321227045215193
"F","375","Rotenone",0.0296673814780818
"F","375","Rotenone",0.0234279189721722
"F","375","Rotenone",0.0246352308450277
"F","375","Rotenone",0.0209505717681454
"F","375","Rotenone",0.0301693596408748
"F","375","Rotenone",0.0181172661263499
"F","375","Rotenone",0.0259073790277861
"F","375","Rotenone",0.0270251102900843
"F","375","Rotenone",0.0237366123727539
"F","375","Rotenone",0.0250912106865486
"F","375","Rotenone",0.0268860665027409
"F","375","Rotenone",0.023167559124036
"F","375","Rotenone",0.0324871744976221
"F","375","Rotenone",0.0195983877030355
"F","375","Rotenone",0.0270939645161675
"F","375","Rotenone",0.0284099158232054
"F","375","Rotenone",0.0250512897859705
"F","375","Rotenone",0.0272325951492145
"F","375","Rotenone",0.0221911424319383
"F","375","Rotenone",0.0231842261969677
"F","375","Rotenone",0.0270075878777342
"F","375","Rotenone",0.0214729199699544
"F","375","Rotenone",0.0235068105662134
"F","375","Rotenone",0.0270725422019835
"F","375","Rotenone",0.0303946995609462
"F","375","Rotenone",0.0214452932284557
"F","375","Rotenone",0.02513999735015
"F","375","Rotenone",0.0268972191546497
"F","375","Rotenone",0.0310342536829742
"F","375","Rotenone",0.0269975952314697
"F","375","Rotenone",0.0257245809683356
"F","375","Rotenone",0.0256695559487182
"F","375","Rotenone",0.0271218744600497
"F","375","Rotenone",0.02395204964656
"F","375","Rotenone",0.0249058493932739
"F","375","Rotenone",0.024810043921514
"F","375","Rotenone",0.0220296991236191
"F","375","Rotenone",0.0245840332290998
"F","375","Rotenone",0.0225795491804146
"F","375","Rotenone",0.0248637057764933
"F","375","Rotenone",0.023591476770885
"F","375","Rotenone",0.031808785651929
"F","375","Rotenone",0.0166523475820111
"F","375","Rotenone",0.0291375258481185
"F","375","Rotenone",0.0268389098894552
"F","375","Rotenone",0.0243657668686736
"F","375","Rotenone",0.0168873514638122
"F","375","Rotenone",0.0212959082015745
"F","375","Rotenone",0.0247727298531021
"F","375","Rotenone",0.019379978195518
"F","375","Rotenone",0.0250659992615914
"F","375","Rotenone",0.0206902556178642
"F","375","Rotenone",0.0279386290891256
"F","375","Rotenone",0.0278796006865249
"F","375","Rotenone",0.028276002412788
"F","375","Rotenone",0.0293345690788826
"F","375","Rotenone",0.0271798678219148
"F","375","Rotenone",0.0232612958410511
"F","375","Rotenone",0.0209535451516416
"F","375","Rotenone",0.0311826664288765
"F","375","Rotenone",0.0275587139607537
"F","375","Rotenone",0.021222631363014
"F","375","Rotenone",0.0224208708632477
"F","375","Rotenone",0.0310586485269449
"F","375","Rotenone",0.026158743288077
"F","375","Rotenone",0.022598041450805
"F","375","Rotenone",0.0198616804004331
"F","375","Rotenone",0.027798994403004
"F","375","Rotenone",0.0344148370118482
"F","375","Rotenone",0.0228543972605384
"F","375","Rotenone",0.0224199421947897
"F","375","Rotenone",0.0263966191897853
"F","375","Rotenone",0.0278597619677933
"F","375","Rotenone",0.0202768826624926
"F","375","Rotenone",0.02764406136823
"F","375","Rotenone",0.0218625876780951
"F","375","Rotenone",0.0229176067160936
"F","375","Rotenone",0.0235966490971663
"F","375","Rotenone",0.0280046723454824
"F","375","Rotenone",0.0263522201014803
"F","375","Rotenone",0.0195092859210276
"F","375","Rotenone",0.0239046238684326
"F","375","Rotenone",0.0271617482035563
"F","375","Rotenone",0.0252585354625197
"F","375","Rotenone",0.0274954185613924
"F","375","Rotenone",0.0286131207526713
"F","375","Rotenone",0.0254032140806141
"F","375","Rotenone",0.0254715518820728
"F","375","Rotenone",0.0179403941556301
"F","375","Rotenone",0.027619607428116
"F","375","Rotenone",0.0296713982001174
"F","375","Rotenone",0.0237778207528954
"F","375","Rotenone",0.0193144980022471
"F","375","Rotenone",0.0321205151104986
"F","375","Rotenone",0.0244625607352913
"F","375","Rotenone",0.0290802293054226
"F","375","Rotenone",0.0248226762586992
"F","375","Rotenone",0.0238327955162953
"F","375","Rotenone",0.0278500232265416
"F","375","Rotenone",0.0202930071507128
"F","375","Rotenone",0.0246036794058331
"F","375","Rotenone",0.0236284733441705
"F","375","Rotenone",0.0214033406543898
"F","375","Rotenone",0.0261432938610084
"F","375","Rotenone",0.0233966236763513
"F","375","Rotenone",0.0246962453067048
"F","375","Rotenone",0.0249692206422814
"F","375","Rotenone",0.0198887697616778
"F","375","Rotenone",0.0274409427884652
"F","375","Rotenone",0.0273857710926134
"F","375","Rotenone",0.0255159992011886
"F","375","Rotenone",0.0267260754858396
"F","375","Rotenone",0.0291514885998711
"F","375","Rotenone",0.0229863647205482
"F","375","Rotenone",0.0251810215959716
"F","375","Rotenone",0.0261613743566149
"F","375","Rotenone",0.028030181246422
"F","375","Rotenone",0.0294990050150181
"F","375","Rotenone",0.0266827541391906
"F","375","Rotenone",0.0245059720030191
"F","375","Rotenone",0.0264470671002097
"F","375","Rotenone",0.0285871139311199
"F","375","Rotenone",0.0249106974143174
"F","375","Rotenone",0.02415162037148
"F","375","Rotenone",0.0225256170372281
"F","375","Rotenone",0.0289699217071502
"F","375","Rotenone",0.0326756267633839
"F","375","Rotenone",0.0234747343788995
"F","375","Rotenone",0.0320389601048809
"F","375","Rotenone",0.0279011830285652
"F","375","Rotenone",0.0308670033644492
"F","375","Rotenone",0.0290753212135149
"F","375","Rotenone",0.0219276338770076
"F","375","Rotenone",0.0302366467828565
"F","375","Rotenone",0.0272297426844155
"F","375","Rotenone",0.0317370735588884
"F","375","Rotenone",0.0286544042980201
"F","375","Rotenone",0.0281700492000614
"F","375","Rotenone",0.0221836320837691
"F","375","Rotenone",0.0269199048301771
"F","375","Rotenone",0.0338747262875973
"F","375","Rotenone",0.0318672439330398
"F","375","Rotenone",0.0231331855003654
"F","375","Rotenone",0.0258200275675079
"F","375","Rotenone",0.0255211013255108
"F","375","Rotenone",0.0185186931183254
"F","375","Rotenone",0.0216147309223475
"F","375","Rotenone",0.0231011300172786
"F","375","Rotenone",0.025831386458188
"F","375","Rotenone",0.0226773651598259
"F","375","Rotenone",0.0235933554107455
"F","375","Rotenone",0.0240205216209253
"F","375","Rotenone",0.0225248729394392
"F","375","Rotenone",0.026163832406936
"F","375","Rotenone",0.0253948699171851
"F","375","Rotenone",0.017973484031276
"F","375","Rotenone",0.0295471110547812
"F","375","Rotenone",0.0247303677423255
"F","375","Rotenone",0.032387666227826
"F","375","Rotenone",0.027782058581267
"F","375","Rotenone",0.0296286581188992
"F","375","Rotenone",0.0336940827957187
"F","375","Rotenone",0.0247332593021011
"F","375","Rotenone",0.0268012226816187
"F","375","Rotenone",0.025480149694955
"F","375","Rotenone",0.0193450864346575
"F","375","Rotenone",0.0229257888243077
"F","375","Rotenone",0.0316596100021201
"F","375","Rotenone",0.026184705440285
"F","375","Rotenone",0.0254007373902829
"F","375","Rotenone",0.018374914201563
"F","375","Rotenone",0.0267466884111314
"F","375","Rotenone",0.0250769113087468
"F","375","Rotenone",0.0253102438647777
"F","375","Rotenone",0.019824961703996
"F","375","Rotenone",0.0259512289207795
"F","375","Rotenone",0.0275641745115294
"F","375","Rotenone",0.0259113690337176
"F","375","Rotenone",0.0248883963343773
"F","375","Rotenone",0.0238747026354474
"F","375","Rotenone",0.0284607807271317
"F","375","Rotenone",0.0236636043476594
"F","375","Rotenone",0.024857727114399
"F","375","Rotenone",0.0233716205041064
"F","375","Rotenone",0.0253672958781135
"F","375","Rotenone",0.0291427817980055
"F","375","Rotenone",0.0251409356250717
"F","375","Rotenone",0.0192233513911566
"F","375","Rotenone",0.0289020345600904
"F","375","Rotenone",0.0302235959447737
"F","375","Rotenone",0.0191539639372341
"F","375","Rotenone",0.0237971107109534
"F","375","Rotenone",0.0241717111414663
"F","375","Rotenone",0.0203420514142672
"F","375","Rotenone",0.0241302442843662
"F","375","Rotenone",0.0264475654363144
"F","375","Rotenone",0.0257947927484365
"F","375","Rotenone",0.0237779727338881
"F","375","Rotenone",0.0262807763952022
"F","375","Rotenone",0.0287886457072548
"F","375","Rotenone",0.0282814290289322
"F","375","Rotenone",0.0223602759171064
"F","375","Rotenone",0.0285696840109237
"F","375","Rotenone",0.0255337619045346
"F","375","Rotenone",0.024525972040504
"F","375","Rotenone",0.0286632091705884
"F","375","Rotenone",0.0208619001215273
"F","375","Rotenone",0.0276866514376792
"F","375","Rotenone",0.0289587746664351
"F","375","Rotenone",0.0291166617691758
"F","375","Rotenone",0.0265271938687826
"F","375","Rotenone",0.0268940903905191
"F","375","Rotenone",0.0293770074230364
"F","375","Rotenone",0.0205339353594164
"F","375","Rotenone",0.0242723419814495
"F","375","Rotenone",0.0238647647712898
"F","375","Rotenone",0.028317137094265
"F","375","Rotenone",0.0269534930218507
"F","375","Rotenone",0.026541749843489
"F","375","Rotenone",0.0250721757402912
"F","375","Rotenone",0.0256888927256346
"F","375","Rotenone",0.0278601805902028
"F","375","Rotenone",0.0252707313018429
"F","375","Rotenone",0.0250805681264719
"F","375","Rotenone",0.0186701101159733
"F","375","Rotenone",0.0255065174783005
"F","375","Rotenone",0.0282591107287755
"F","375","Rotenone",0.0296902758670848
"F","375","Rotenone",0.0241261794491799
"F","375","Rotenone",0.0252408778811432
"F","375","Rotenone",0.028556606565172
"F","375","Rotenone",0.0177172527280269
"F","375","Rotenone",0.0250237171877668
"F","375","Rotenone",0.025652430781277
"F","375","Rotenone",0.0265265303465799
"F","375","Rotenone",0.02501981253054
"F","375","Rotenone",0.0267377514991239
"F","375","Rotenone",0.0214432208484541
"F","375","Rotenone",0.0233490470304413
"F","375","Rotenone",0.0233086925120101
"F","375","Rotenone",0.0274351861331293
"F","375","Rotenone",0.0253433167156547
"F","375","Rotenone",0.0306787254725206
"F","375","Rotenone",0.0313564587756967
"F","375","Rotenone",0.0272922302194377
"F","375","Rotenone",0.0250802004013301
"F","375","Rotenone",0.022311982759599
"F","375","Rotenone",0.0263563338289648
"F","375","Rotenone",0.0286297736509821
"F","375","Rotenone",0.0301755960343348
"F","375","Rotenone",0.0222182797155945
"F","375","Rotenone",0.0170465464127661
"F","375","Rotenone",0.0255272377993463
"F","375","Rotenone",0.0221488239673157
"F","375","Rotenone",0.0203843895385302
"F","375","Rotenone",0.021107779264932
"F","375","Rotenone",0.033027008070048
"F","375","Rotenone",0.0241479133651469
"F","375","Rotenone",0.0335139060470739
"F","375","Rotenone",0.0241391903106908
"F","375","Rotenone",0.024772944749237
"F","375","Rotenone",0.0228280293152601
"F","375","Rotenone",0.0231259622673784
"F","375","Rotenone",0.02139258488341
"F","375","Rotenone",0.024539460053524
"F","375","Rotenone",0.0307070942676224
"F","375","Rotenone",0.0212875896427764
"F","375","Rotenone",0.0260969250526495
"F","375","Rotenone",0.0302452583110513
"F","375","Rotenone",0.0268337550874197
"F","375","Rotenone",0.027204633032967
"F","375","Rotenone",0.0211442076296404
"F","375","Rotenone",0.024624729909938
"F","375","Rotenone",0.0221717296909181
"F","375","Rotenone",0.0233983431677785
"F","375","Rotenone",0.0243482596822153
"F","375","Rotenone",0.0220660218112081
"F","375","Rotenone",0.0233025949521829
"F","375","Rotenone",0.0201515942330786
"F","375","Rotenone",0.0230546897332009
"F","375","Rotenone",0.0260253657909471
"F","375","Rotenone",0.0208184620331837
"F","375","Rotenone",0.0291188382197871
"F","375","Rotenone",0.0256279186736572
"F","375","Rotenone",0.0244585874799744
"F","375","Rotenone",0.0240044230039861
"F","375","Rotenone",0.0205495506712385
"F","375","Rotenone",0.0269922608939137
"F","375","Rotenone",0.0295509777748643
"F","375","Rotenone",0.0263506319639672
"F","375","Rotenone",0.0283695169640044
"F","375","Rotenone",0.0200200625247239
"F","375","Rotenone",0.0243007757540029
"F","375","Rotenone",0.0195034906777651
"F","375","Rotenone",0.0264254175882615
"F","375","Rotenone",0.0218464282727996
"F","375","Rotenone",0.0278340249445897
"F","375","Rotenone",0.026693500813593
"F","375","Rotenone",0.022102180990756
"F","375","Rotenone",0.0299387588866247
"F","375","Rotenone",0.0247830812016669
"F","375","Rotenone",0.0240366313813955
"F","375","Rotenone",0.0217671185711104
"F","375","Rotenone",0.0248233864701744
"F","375","Rotenone",0.0203064934154005
"F","375","Rotenone",0.0230898709244046
"F","375","Rotenone",0.0214994029725664
"F","375","Rotenone",0.0313030093935156
"F","375","Rotenone",0.02534240775105
"F","375","Rotenone",0.027098944348759
"F","375","Rotenone",0.0242936707751081
"F","375","Rotenone",0.0290102039849768
"F","375","Rotenone",0.0239814944485213
"F","375","Rotenone",0.0270382758457486
"F","375","Rotenone",0.0227741669816828
"F","375","Rotenone",0.02427111889279
"F","375","Rotenone",0.0284634800951971
"F","375","Rotenone",0.024465814231687
"F","375","Rotenone",0.0297966216096915
"F","375","Rotenone",0.0301009217505822
"F","375","Rotenone",0.0238507681783366
"F","375","Rotenone",0.0270464088811081
"F","375","Rotenone",0.0254663826991767
"F","375","Rotenone",0.0230680436105556
"F","375","Rotenone",0.0253829083247147
"F","375","Rotenone",0.0212605792717966
"F","375","Rotenone",0.0222040423138796
"F","375","Rotenone",0.0229944360624913
"F","375","Rotenone",0.0266714562711719
"F","375","Rotenone",0.0262687195239509
"F","375","Rotenone",0.022315593629479
"F","375","Rotenone",0.0259003090601675
"F","375","Rotenone",0.0216197570013561
"F","375","Rotenone",0.0277597608858282
"F","375","Rotenone",0.0252670604983261
"F","375","Rotenone",0.0258386044794012
"F","375","Rotenone",0.0249975078955327
"F","375","Rotenone",0.0236201278517948
"F","375","Rotenone",0.0225781180413551
"F","375","Rotenone",0.0275165105059401
"F","375","Rotenone",0.0274531659845432
"F","375","Rotenone",0.0252070968625006
"F","375","Rotenone",0.0285276533749498
"F","375","Rotenone",0.0256702318350462
"F","375","Rotenone",0.0210672011484674
"F","375","Rotenone",0.0195354601021366
"F","375","Rotenone",0.030846015025713
"F","375","Rotenone",0.0253457642074299
"F","375","Rotenone",0.0261606022790561
"F","375","Rotenone",0.0241137325548368
"F","375","Rotenone",0.0282331629051261
"F","375","Rotenone",0.0279166915541577
"F","375","Rotenone",0.030367280847027
"F","375","Rotenone",0.0204920400405683
"F","375","Rotenone",0.0246610492779542
"F","375","Rotenone",0.0227960752984823
"F","375","Rotenone",0.0224306025847281
"F","375","Rotenone",0.0254120956922337
"F","375","Rotenone",0.0253368646074884
"F","375","Rotenone",0.0251727225904337
"F","375","Rotenone",0.0235800380233003
"F","375","Rotenone",0.0196395620391929
"F","375","Rotenone",0.028355297494604
"F","375","Rotenone",0.0226821578364096
"F","375","Rotenone",0.0282225597907063
"F","375","Rotenone",0.0300177156388674
"F","375","Rotenone",0.027303797613152
"F","375","Rotenone",0.0283704673293702
"F","375","Rotenone",0.0179323251315192
"F","375","Rotenone",0.0240086404851848
"F","375","Rotenone",0.0265842749607979
"F","375","Rotenone",0.0227033602062985
"F","375","Rotenone",0.0260312251932981
"F","375","Rotenone",0.0228867703324877
"F","375","Rotenone",0.0271919497522808
"F","375","Rotenone",0.0197936709427726
"F","375","Rotenone",0.0268476547421817
"F","375","Rotenone",0.0280965305058711
"F","375","Rotenone",0.0244002910916082
"F","375","Rotenone",0.0267235554029864
"F","375","Rotenone",0.0249563566243196
"F","375","Rotenone",0.0188388680100123
"F","375","Rotenone",0.0268175340994482
"F","375","Rotenone",0.027867903273781
"F","375","Rotenone",0.0264272117342167
"F","375","Rotenone",0.0258057250614833
"F","375","Rotenone",0.021568956961098
"F","375","Rotenone",0.0238258919551484
"F","375","Rotenone",0.0253804037505487
"F","375","Rotenone",0.0263040509149428
"F","375","Rotenone",0.0285305028158147
"F","375","Rotenone",0.0202969603325226
"F","375","Rotenone",0.0238464571137736
"F","375","Rotenone",0.0253487073091577
"F","375","Rotenone",0.0242479207353342
"F","375","Rotenone",0.0279296267359004
"F","375","Rotenone",0.027979666894399
"F","375","Rotenone",0.0247816394419187
"F","375","Rotenone",0.0260429521847867
"F","375","Rotenone",0.0211188186669906
"F","375","Rotenone",0.0292305225492889
"F","375","Rotenone",0.0256141309558218
"F","375","Rotenone",0.029877230878719
"F","375","Rotenone",0.0264875925772759
"F","375","Rotenone",0.0269412785997444
"F","375","Rotenone",0.0248230555907385
"F","375","Rotenone",0.0217119894047368
"F","375","Rotenone",0.0172425272569462
"F","375","Rotenone",0.020631634408248
"F","375","Rotenone",0.0324698142914071
"F","375","Rotenone",0.0187650945813652
"F","375","Rotenone",0.0241389830444314
"F","375","Rotenone",0.0277531049479906
"F","375","Rotenone",0.0252687661086438
"F","375","Rotenone",0.0266175234716236
"F","375","Rotenone",0.0279502106456114
"F","375","Rotenone",0.0229317126458537
"F","375","Rotenone",0.0259738805284468
"F","375","Rotenone",0.0251899596214474
"F","375","Rotenone",0.0243631208172166
"F","375","Rotenone",0.02615069773168
"F","375","Rotenone",0.0219142802694559
"F","375","Rotenone",0.0248746112599879
"F","375","Rotenone",0.0285363663245209
"F","375","Rotenone",0.0255737087504113
"F","375","Rotenone",0.0199825401777163
"F","375","Rotenone",0.0228249051897989
"F","375","Rotenone",0.0349865391864607
"F","375","Rotenone",0.0211905541294439
"F","375","Rotenone",0.0249681096168353
"F","375","Rotenone",0.0282378651875519
"F","375","Rotenone",0.025132792178368
"F","375","Rotenone",0.0262560641851017
"F","375","Rotenone",0.0236732678653067
"F","375","Rotenone",0.0274313414923008
"F","375","Rotenone",0.0275686660875566
"F","375","Rotenone",0.0221951218547489
"F","375","Rotenone",0.0226467806393782
"F","375","Rotenone",0.0287124885228737
"F","375","Rotenone",0.0296354288343288
"F","375","Rotenone",0.0225483289452523
"F","375","Rotenone",0.030310881327336
"F","375","Rotenone",0.0277387464114795
"F","375","Rotenone",0.026107278824613
"F","375","Rotenone",0.0286977077843611
"F","375","Rotenone",0.0221459255970239
"F","375","Rotenone",0.0248976151979795
"F","375","Rotenone",0.0176421157571041
"F","375","Rotenone",0.0291514499697595
"F","375","Rotenone",0.028477031834904
"F","375","Rotenone",0.02391785570131
"F","375","Rotenone",0.0204088429737384
"F","375","Rotenone",0.0240501632174459
"F","375","Rotenone",0.0321055562222044
"F","375","Rotenone",0.0269787843139408
"F","375","Rotenone",0.0225734173126522
"F","375","Rotenone",0.0230607740204077
"F","375","Rotenone",0.0260424261926068
"F","375","Rotenone",0.0256637874877609
"F","375","Rotenone",0.0268156349016641
"F","375","Rotenone",0.0248515538286375
"F","375","Rotenone",0.0242216001933255
"F","375","Rotenone",0.029994692351504
"F","375","Rotenone",0.0257167155192261
"F","375","Rotenone",0.0289489038592612
"F","375","Rotenone",0.0250268320865975
"F","375","Rotenone",0.0245948039090376
"F","375","Rotenone",0.0311693336632369
"F","375","Rotenone",0.0248269393507894
"F","375","Rotenone",0.024406888065918
"F","375","Rotenone",0.0265078046084752
"F","375","Rotenone",0.0345150887690495
"F","375","Rotenone",0.0271919013646405
"F","375","Rotenone",0.0297585150861451
"F","375","Rotenone",0.0258768267214487
"F","375","Rotenone",0.0275350122085413
"F","375","Rotenone",0.0181173988348041
"F","375","Rotenone",0.0250423862936586
"F","375","Rotenone",0.0288184818950857
"F","375","Rotenone",0.0254987788382215
"F","375","Rotenone",0.0247066156574814
"F","375","Rotenone",0.0311709340011194
"F","375","Rotenone",0.0195471039827258
"F","375","Rotenone",0.024829373511636
"F","375","Rotenone",0.0283245067463004
"F","375","Rotenone",0.0265504109772821
"F","375","Rotenone",0.026045418848918
"F","375","Rotenone",0.0250822403475728
"F","375","Rotenone",0.0250748140477046
"F","375","Rotenone",0.0225349831181101
"F","375","Rotenone",0.0245160982352121
"F","375","Rotenone",0.027837702843552
"F","375","Rotenone",0.02414104259364
"F","375","Rotenone",0.024776054482902
"F","375","Rotenone",0.0269565783543875
"F","375","Rotenone",0.0271349103840059
"F","375","Rotenone",0.0253163196459609
"F","375","Rotenone",0.0259040861769196
"F","375","Rotenone",0.0227138002897831
"F","375","Rotenone",0.027304187690823
"F","375","Rotenone",0.024632838370803
"F","375","Rotenone",0.0257802533319026
"F","375","Rotenone",0.0258472308946738
"F","375","Rotenone",0.0237264505195605
"F","375","Rotenone",0.0263630073910567
"F","375","Rotenone",0.0228793220475576
"F","375","Rotenone",0.0200301192846509
"F","375","Rotenone",0.0265700689552951
"F","375","Rotenone",0.026030618668808
"F","375","Rotenone",0.0290670363764944
"F","375","Rotenone",0.0328391421488495
"F","375","Rotenone",0.0271151637709419
"F","375","Rotenone",0.0231044258015329
"F","375","Rotenone",0.0214724526525198
"F","375","Rotenone",0.0207870365051216
"F","375","Rotenone",0.025843953160815
"F","375","Rotenone",0.021965940865367
"F","375","Rotenone",0.0261421808889426
"F","375","Rotenone",0.0274861093708651
"F","375","Rotenone",0.0283376737507324
"F","375","Rotenone",0.0264360154727144
"F","375","Rotenone",0.029445756223313
"F","375","Rotenone",0.0277119506155141
"F","375","Rotenone",0.0264868746898169
"F","375","Rotenone",0.0262796542939791
"F","375","Rotenone",0.0264463829008349
"F","375","Rotenone",0.0241426041508919
"F","375","Rotenone",0.0268651351610571
"F","375","Rotenone",0.02098634715689
"F","375","Rotenone",0.0240059748057094
"F","375","Rotenone",0.0196693778355051
"F","375","Rotenone",0.0296890213434886
"F","375","Rotenone",0.0278112394458843
"F","375","Rotenone",0.0229075704117675
"F","375","Rotenone",0.0268488847010205
"F","375","Rotenone",0.0288409090471547
"F","375","Rotenone",0.0262014709054137
"F","375","Rotenone",0.0207907584269632
"F","375","Rotenone",0.0242620346512285
"F","375","Rotenone",0.0236760193340347
"F","375","Rotenone",0.0296318689511694
"F","375","Rotenone",0.0287679562215481
"F","375","Rotenone",0.0286370101317151
"F","375","Rotenone",0.0271059968126562
"F","375","Rotenone",0.0254527003197472
"F","375","Rotenone",0.0225913787347779
"F","375","Rotenone",0.0228230880618663
"F","375","Rotenone",0.029687235151821
"F","375","Rotenone",0.0237107823287027
"F","375","Rotenone",0.0278200809929464
"F","375","Rotenone",0.0257422587581317
"F","375","Rotenone",0.0297441968855779
"F","375","Rotenone",0.0251021684674544
"F","375","Rotenone",0.0282828480873126
"F","375","Rotenone",0.0259002856583323
"F","375","Rotenone",0.0249247430536546
"F","375","Rotenone",0.027819395169951
"F","375","Rotenone",0.0251845391805218
"F","375","Rotenone",0.0279945975039669
"F","375","Rotenone",0.0213030774097392
"F","375","Rotenone",0.0221812247686532
"F","375","Rotenone",0.0271480648841305
"F","375","Rotenone",0.0274001228576536
"F","375","Rotenone",0.0275356092500091
"F","375","Rotenone",0.0262939777576302
"F","375","Rotenone",0.0271386597236095
"F","375","Rotenone",0.0262883655898394
"F","375","Rotenone",0.0280893855957301
"F","375","Rotenone",0.0215585486861923
"F","375","Rotenone",0.0289310816386837
"F","375","Rotenone",0.0255287007070874
"F","375","Rotenone",0.023225335159026
"F","375","Rotenone",0.0326766731491058
"F","375","Rotenone",0.0269048874610697
"F","375","Rotenone",0.0265466696379633
"F","375","Rotenone",0.0245629356644281
"F","375","Rotenone",0.0270103758866658
"F","375","Rotenone",0.0200767912706457
"F","375","Rotenone",0.0289151749932869
"F","375","Rotenone",0.0248399897854148
"F","375","Rotenone",0.0280285104615192
"F","375","Rotenone",0.0244850555500181
"F","375","Rotenone",0.0211549761018869
"F","375","Rotenone",0.023129262514764
"F","375","Rotenone",0.0230278045370068
"F","375","Rotenone",0.029560325739571
"F","375","Rotenone",0.0202801949637165
"F","375","Rotenone",0.0276441612576793
"F","375","Rotenone",0.0271283869086407
"F","375","Rotenone",0.0220800474949629
"F","375","Rotenone",0.0275419377595658
"F","375","Rotenone",0.0272821570532756
"F","375","Rotenone",0.0269047884555518
"F","375","Rotenone",0.0262170118043014
"F","375","Rotenone",0.0266293498554681
"F","375","Rotenone",0.0265018869921069
"F","375","Rotenone",0.0246481853155084
"F","375","Rotenone",0.0310008268751113
"F","375","Rotenone",0.0224716379636737
"F","375","Rotenone",0.0251027499432299
"F","375","Rotenone",0.0259975813787789
"F","375","Rotenone",0.0302385397128803
"F","375","Rotenone",0.024822023029514
"F","375","Rotenone",0.0269433419219355
"F","375","Rotenone",0.0290336284559218
"F","375","Rotenone",0.0269430004196383
"F","375","Rotenone",0.0270060667152022
"F","375","Rotenone",0.023394236393178
"F","375","Rotenone",0.0270237521304992
"F","375","Rotenone",0.0263482751087037
"F","375","Rotenone",0.0297454517651727
"F","375","Rotenone",0.0303718757262012
"F","375","Rotenone",0.0207421350481666
"F","375","Rotenone",0.0279114375727899
"F","375","Rotenone",0.0236316491121369
"F","375","Rotenone",0.0300635284289606
"F","375","Rotenone",0.0269012743888461
"F","375","Rotenone",0.0284517088354788
"F","375","Rotenone",0.0258721077507225
"F","375","Rotenone",0.0232987853773681
"F","375","Rotenone",0.029234155393168
"F","375","Rotenone",0.0229124379054067
"F","375","Rotenone",0.0285003663340889
"F","375","Rotenone",0.0303954008448404
"F","375","Rotenone",0.031008477989688
"F","375","Rotenone",0.0232923377334378
"F","375","Rotenone",0.0246230974908668
"F","375","Rotenone",0.0256460580483522
"F","375","Rotenone",0.0263363301125619
"F","375","Rotenone",0.0275428580996604
"F","375","Rotenone",0.0265303995921233
"F","375","Rotenone",0.0258438444108222
"F","375","Rotenone",0.0237436251647069
"F","375","Rotenone",0.0263719574320306
"F","375","Rotenone",0.0261423292321869
"F","375","Rotenone",0.0254480197586807
"F","375","Rotenone",0.0234691260073048
"F","375","Rotenone",0.0289943384191548
"F","375","Rotenone",0.0280971038576104
"F","375","Rotenone",0.0195807889903052
"F","375","Rotenone",0.0297702804640091
"F","375","Rotenone",0.024550884772107
"F","375","Rotenone",0.0250502690580049
"F","375","Rotenone",0.0282760968795295
"F","375","Rotenone",0.0227637814622498
"F","375","Rotenone",0.0239465042455668
"F","375","Rotenone",0.0269000904722074
"F","375","Rotenone",0.0240777983803528
"F","375","Rotenone",0.0305005618235783
"F","375","Rotenone",0.0209972646345364
"F","375","Rotenone",0.0195687230279121
"F","375","Rotenone",0.0173948067401052
"F","375","Rotenone",0.0287555388503941
"F","375","Rotenone",0.0226660645575365
"F","375","Rotenone",0.0274373785665356
"F","375","Rotenone",0.0273792374961302
"F","375","Rotenone",0.0213740877730033
"F","375","Rotenone",0.0190697348329342
"F","375","Rotenone",0.0248784874892356
"F","375","Rotenone",0.0265152904596142
"F","375","Rotenone",0.022624603351055
"F","375","Rotenone",0.024044749137212
"F","375","Rotenone",0.0311305246186067
"F","375","Rotenone",0.0268995251477384
"F","375","Rotenone",0.0212748352294667
"F","375","Rotenone",0.023167131352912
"F","375","Rotenone",0.0266112221285628
"F","375","Rotenone",0.0245471310234245
"F","375","Rotenone",0.0251397631782808
"F","375","Rotenone",0.0250509861346499
"F","375","Rotenone",0.0304562415753714
"F","375","Rotenone",0.0223047895467125
"F","375","Rotenone",0.0284227261622872
"F","375","Rotenone",0.0301443511661668
"F","375","Rotenone",0.0253470316147166
"F","375","Rotenone",0.0200855241254403
"F","375","Rotenone",0.0252217437442496
"F","375","Rotenone",0.0257079597937337
"F","375","Rotenone",0.0228991346958495
"F","375","Rotenone",0.0229491835890293
"F","375","Rotenone",0.026622272668675
"F","375","Rotenone",0.0221725436084435
"F","375","Rotenone",0.0257082541937425
"F","375","Rotenone",0.0254902952076103
"F","375","Rotenone",0.0313161366018055
"F","375","Rotenone",0.0256690511241594
"F","375","Rotenone",0.0290680622404285
"F","375","Rotenone",0.0293535089338085
"F","375","Rotenone",0.0250956793680761
"F","375","Rotenone",0.0201927025761923
"F","375","Rotenone",0.0232493490989608
"F","375","Rotenone",0.0278896736002756
"F","375","Rotenone",0.0295917020434927
"F","375","Rotenone",0.0310120411027868
"F","375","Rotenone",0.0336854702820194
"F","375","Rotenone",0.0255811525249453
"F","375","Rotenone",0.0262622788965114
"F","375","Rotenone",0.0247073164016141
"F","375","Rotenone",0.0268836642623494
"F","375","Rotenone",0.0208636609214042
"F","375","Rotenone",0.0259219119037266
"F","375","Rotenone",0.0250447812823021
"F","375","Rotenone",0.0296584073175033
"F","375","Rotenone",0.0245606973790849
"F","375","Rotenone",0.0276155286721096
"F","375","Rotenone",0.0317667785771217
"F","375","Rotenone",0.0236779948070122
"F","375","Rotenone",0.022246993727006
"F","375","Rotenone",0.0278055377469157
"F","375","Rotenone",0.0266178548503612
"F","375","Rotenone",0.0275998993268957
"F","375","Rotenone",0.0247784345003841
"F","375","Rotenone",0.0247384440679329
"F","375","Rotenone",0.0230207569912373
"F","375","Rotenone",0.0296186117971208
"F","375","Rotenone",0.0282523617250331
"F","375","Rotenone",0.0248083740506414
"F","375","Rotenone",0.0199367611555833
"F","375","Rotenone",0.0243838911926814
"F","375","Rotenone",0.024411697985108
"F","375","Rotenone",0.0252334852147182
"F","375","Rotenone",0.0329625820310379
"F","375","Rotenone",0.0264197764862696
"F","375","Rotenone",0.0270362746693249
"F","375","Rotenone",0.0250358169532944
"F","375","Rotenone",0.0255557175246521
"F","375","Rotenone",0.0258098090581957
"F","375","Rotenone",0.0262785781255233
"F","375","Rotenone",0.0221434323822471
"F","375","Rotenone",0.0275746752184128
"F","375","Rotenone",0.0225003034021623
"F","375","Rotenone",0.0255252755391793
"F","375","Rotenone",0.0246821773778586
"F","375","Rotenone",0.0213162011058034
"F","375","Rotenone",0.0231703706639006
"F","375","Rotenone",0.0210707808084515
"F","375","Rotenone",0.0256584281080785
"F","375","Rotenone",0.0311466866196958
"F","375","Rotenone",0.0330765309467221
"F","375","Rotenone",0.0204247300600582
"F","375","Rotenone",0.0275087364786337
"F","375","Rotenone",0.0208753682703091
"F","375","Rotenone",0.0217440452618841
"F","375","Rotenone",0.0253484440202599
"F","375","Rotenone",0.0290524807762549
"F","375","Rotenone",0.0267791984774182
"F","375","Rotenone",0.0257248570358582
"F","375","Rotenone",0.0290685688403931
"F","375","Rotenone",0.0197950455943481
"F","375","Rotenone",0.019358259944741
"F","375","Rotenone",0.0246163339529959
"F","375","Rotenone",0.025174384527522
"F","375","Rotenone",0.0201445933609272
"F","375","Rotenone",0.0203359025148834
"F","375","Rotenone",0.0225101985506019
"F","375","Rotenone",0.0244070521360217
"F","375","Rotenone",0.028916120314575
"F","375","Rotenone",0.0220377748713864
"F","375","Rotenone",0.0240148584741041
"F","375","Rotenone",0.0225111714107118
"F","375","Rotenone",0.0227908616460913
"F","375","Rotenone",0.021974858508322
"F","375","Rotenone",0.0241274729139803
"F","375","Rotenone",0.0277938275303423
"F","375","Rotenone",0.0247342216634096
"F","375","Rotenone",0.0306383470428517
"F","375","Rotenone",0.0237409720907944
"F","375","Rotenone",0.0283973054447834
"F","375","Rotenone",0.0238439649208825
"F","375","Rotenone",0.0221727141176161
"F","375","Rotenone",0.0258650987575238
"F","375","Rotenone",0.0240596682403853
"F","375","Rotenone",0.0247455290295504
"F","375","Rotenone",0.0210767316830718
"F","375","Rotenone",0.02713044308914
"F","375","Rotenone",0.0234251922721389
"F","375","Rotenone",0.028947381240478
"F","375","Rotenone",0.0228609529691843
"F","375","Rotenone",0.0258352685760546
"F","375","Rotenone",0.0242352421280893
"F","375","Rotenone",0.0218781834268633
"F","375","Rotenone",0.0220689055513791
"F","375","Rotenone",0.023987540480717
"F","375","Rotenone",0.0262292114436568
"F","375","Rotenone",0.0282297911603893
"F","375","Rotenone",0.0296849645950055
"F","375","Rotenone",0.0289931105650686
"F","375","Rotenone",0.0196699122190419
"F","375","Rotenone",0.0270840411694386
"F","375","Rotenone",0.0306755017199377
"F","375","Rotenone",0.0217096760684312
"F","375","Rotenone",0.0308770279184013
"F","375","Rotenone",0.0229578161560386
"F","375","Rotenone",0.0274003653726061
"F","375","Rotenone",0.0266619620212838
"F","375","Rotenone",0.0264656256193705
"F","375","Rotenone",0.0343371407736432
"F","375","Rotenone",0.0276801983704212
"F","375","Rotenone",0.0303013955641928
"F","375","Rotenone",0.0290386560560835
"F","375","Rotenone",0.0243776191048853
"F","375","Rotenone",0.0273307282516193
"F","375","Rotenone",0.0205718270507424
"F","375","Rotenone",0.0254301776028559
"F","375","Rotenone",0.0249499342621304
"F","375","Rotenone",0.0183527654074551
"F","375","Rotenone",0.0244370911298896
"F","375","Rotenone",0.0246080000589924
"F","375","Rotenone",0.0294522791127741
"F","375","Rotenone",0.0260359243801533
"F","375","Rotenone",0.0215474753479527
"F","375","Rotenone",0.0221825264815626
"F","375","Rotenone",0.0243781360043372
"F","375","Rotenone",0.0263883847864975
"F","375","Rotenone",0.0223456978357416
"F","375","Rotenone",0.02754927713978
"F","375","Rotenone",0.0260010606690959
"F","375","Rotenone",0.0260488664963104
"F","375","Rotenone",0.0242698165562178
"F","375","Rotenone",0.027101115312864
"F","375","Rotenone",0.0253416425612136
"F","375","Rotenone",0.022717939819808
"F","375","Rotenone",0.0233316730242039
"F","375","Rotenone",0.0257641219870634
"F","375","Rotenone",0.0269534200759737
"F","375","Rotenone",0.0263736054837953
"F","375","Rotenone",0.0267440422700061
"F","375","Rotenone",0.0233799419611503
"F","375","Rotenone",0.0216659534341236
"F","375","Rotenone",0.0262038488898365
"F","375","Rotenone",0.0264503070947039
"F","375","Rotenone",0.0236518706145564
"F","375","Rotenone",0.0261319447353507
"F","375","Rotenone",0.0252945672953408
"F","375","Rotenone",0.0251801462631136
"F","375","Rotenone",0.0197770269421254
"F","375","Rotenone",0.0292693641560733
"F","375","Rotenone",0.027303221156474
"F","375","Rotenone",0.0256929291625036
"F","375","Rotenone",0.0246565804547905
"F","375","Rotenone",0.022559203897291
"F","375","Rotenone",0.0304614400165529
"F","375","Rotenone",0.0231482988154227
"F","375","Rotenone",0.0233494572676117
"F","375","Rotenone",0.0295365124962872
"F","375","Rotenone",0.0304425534595364
"F","375","Rotenone",0.0262374794028275
"F","375","Rotenone",0.0270635828754573
"F","375","Rotenone",0.0262717971853032
"F","375","Rotenone",0.0268499228101012
"F","375","Rotenone",0.0195191484402111
"F","375","Rotenone",0.020426459326209
"F","375","Rotenone",0.0221980997387941
"F","375","Rotenone",0.0225095249125384
"F","375","Rotenone",0.0271728828409682
"F","375","Rotenone",0.0227012852949501
"F","375","Rotenone",0.0259590429786904
"F","375","Rotenone",0.0285919203208997
"F","375","Rotenone",0.0239875780631258
"F","375","Rotenone",0.0216568001934528
"F","375","Rotenone",0.0287640419973312
"F","375","Rotenone",0.0248975435876799
"F","375","Rotenone",0.0244279989878678
"F","375","Rotenone",0.0271650484179678
"F","375","Rotenone",0.0299903993726625
"F","375","Rotenone",0.0287152873850437
"F","375","Rotenone",0.0351276799606624
"F","375","Rotenone",0.0198737466540447
"F","375","Rotenone",0.0274050658960974
"F","375","Rotenone",0.0242352378856714
"F","375","Rotenone",0.0281908013115471
"F","375","Rotenone",0.0244419336016934
"F","375","Rotenone",0.0262285379576025
"F","375","Rotenone",0.0274264497993328
"F","375","Rotenone",0.0232772346486001
"F","375","Rotenone",0.0283817054851451
"F","375","Rotenone",0.0255159650220374
"F","375","Rotenone",0.031615803030127
"F","375","Rotenone",0.0178980388953753
"F","375","Rotenone",0.0201753475281002
"F","375","Rotenone",0.0201514540655567
"F","375","Rotenone",0.0301603842211648
"F","375","Rotenone",0.0209078124327501
"F","375","Rotenone",0.0255485207338795
"F","375","Rotenone",0.0246210270643721
"F","375","Rotenone",0.0187171999683384
"F","375","Rotenone",0.0270701484826183
"F","375","Rotenone",0.0224469865276881
"F","375","Rotenone",0.0211777125637431
"F","375","Rotenone",0.022450525744255
"F","375","Rotenone",0.0265474845813216
"F","375","Rotenone",0.0268462775985275
"F","375","Rotenone",0.0273030118565366
"F","375","Rotenone",0.0330051975137676
"F","375","Rotenone",0.0250542435172779
"F","375","Rotenone",0.0283751028586747
"F","375","Rotenone",0.0249069374737736
"F","375","Rotenone",0.0235772197138198
"F","375","Rotenone",0.0268520627697686
"F","375","Rotenone",0.0227072447152016
"F","375","Rotenone",0.0219505225851927
"F","375","Rotenone",0.0206708775860616
"F","375","Rotenone",0.0222839099192474
"F","375","Rotenone",0.0218232362725215
"F","375","Rotenone",0.0283804191463197
"F","375","Rotenone",0.0243669494495368
"F","375","Rotenone",0.0283616710705747
"F","375","Rotenone",0.0219906252753139
"F","375","Rotenone",0.0261067874755348
"F","375","Rotenone",0.0270322721505062
"F","375","Rotenone",0.0204531229665879
"F","375","Rotenone",0.026924685637476
"F","375","Rotenone",0.0254952959199191
"F","375","Rotenone",0.0214444553111816
"F","375","Rotenone",0.0302224420873868
"F","375","Rotenone",0.0261779172209299
"F","375","Rotenone",0.0208447865962843
"F","375","Rotenone",0.0276108395920673
"F","375","Rotenone",0.0244143692389557
"F","375","Rotenone",0.0249552123148239
"F","375","Rotenone",0.0265093184444506
"F","375","Rotenone",0.0286360160673831
"F","375","Rotenone",0.025606282727657
"F","375","Rotenone",0.0227463129528457
"F","375","Rotenone",0.0272906865513428
"F","375","Rotenone",0.0263382169384199
"F","375","Rotenone",0.0293802847560897
"F","375","Rotenone",0.0276741799805823
"F","375","Rotenone",0.0238873691487266
"F","375","Rotenone",0.0277765179106281
"F","375","Rotenone",0.0276143326986223
"F","375","Rotenone",0.023006439149604
"F","375","Rotenone",0.0272811194286206
"F","375","Rotenone",0.0279813817573748
"F","375","Rotenone",0.0253250652692298
"F","375","Rotenone",0.0233510164750883
"F","375","Rotenone",0.0281712670111176
"F","375","Rotenone",0.0296401478633781
"F","375","Rotenone",0.0193684110493526
"F","375","Rotenone",0.0270710598253083
"F","Ore","Control",0.0452050856646266
"F","Ore","Control",0.0338536778941833
"F","Ore","Control",0.0438651245292373
"F","Ore","Control",0.0329920768252627
"F","Ore","Control",0.0435120075598758
"F","Ore","Control",0.0477397251275163
"F","Ore","Control",0.0396744432862245
"F","Ore","Control",0.0373614235651053
"F","Ore","Control",0.0444186252941449
"F","Ore","Control",0.0385484675841303
"F","Ore","Control",0.0461627256767468
"F","Ore","Control",0.0400443227645224
"F","Ore","Control",0.0406667083597671
"F","Ore","Control",0.0422215815302777
"F","Ore","Control",0.0395518092585302
"F","Ore","Control",0.0518378969072122
"F","Ore","Control",0.0360138632690924
"F","Ore","Control",0.0239881863761083
"F","Ore","Control",0.0328836511831931
"F","Ore","Control",0.0392832137774466
"F","Ore","Control",0.0531309181222288
"F","Ore","Control",0.0400872015310637
"F","Ore","Control",0.0396097224053588
"F","Ore","Control",0.0290927339941868
"F","Ore","Control",0.0329748074003439
"F","Ore","Control",0.0419661613313678
"F","Ore","Control",0.0442700575288948
"F","Ore","Control",0.0372241276489731
"F","Ore","Control",0.0362396200705742
"F","Ore","Control",0.0404439552738211
"F","Ore","Control",0.0313789756477148
"F","Ore","Control",0.04833172661552
"F","Ore","Control",0.046443888418799
"F","Ore","Control",0.0453475010037227
"F","Ore","Control",0.0471403987758517
"F","Ore","Control",0.0454853568049628
"F","Ore","Control",0.039530564360137
"F","Ore","Control",0.0387812170658343
"F","Ore","Control",0.0432323208945271
"F","Ore","Control",0.0276414129858452
"F","Ore","Control",0.0357590192217153
"F","Ore","Control",0.0292673083402291
"F","Ore","Control",0.0323589949359008
"F","Ore","Control",0.0370323521438127
"F","Ore","Control",0.0337967760962156
"F","Ore","Control",0.0422325718973083
"F","Ore","Control",0.0369179056125421
"F","Ore","Control",0.0275087355869811
"F","Ore","Control",0.0410805257508407
"F","Ore","Control",0.0213918514932968
"F","Ore","Control",0.0238993566156157
"F","Ore","Control",0.0452690981501098
"F","Ore","Control",0.0476260382105195
"F","Ore","Control",0.0220699542272175
"F","Ore","Control",0.0325313153470268
"F","Ore","Control",0.0360705978707714
"F","Ore","Control",0.0403286830659324
"F","Ore","Control",0.0326123225657936
"F","Ore","Control",0.0489067806567065
"F","Ore","Control",0.0484668364135497
"F","Ore","Control",0.0408433007889841
"F","Ore","Control",0.0374384051917513
"F","Ore","Control",0.0482309568606714
"F","Ore","Control",0.0391886000976376
"F","Ore","Control",0.0440141512898397
"F","Ore","Control",0.036401996954764
"F","Ore","Control",0.0364716729278634
"F","Ore","Control",0.0345528193062847
"F","Ore","Control",0.0445216323039146
"F","Ore","Control",0.042131477638447
"F","Ore","Control",0.0393328061648944
"F","Ore","Control",0.0469612501393689
"F","Ore","Control",0.036041778468209
"F","Ore","Control",0.0447356821381823
"F","Ore","Control",0.0375556493172418
"F","Ore","Control",0.0377084414408162
"F","Ore","Control",0.0212187287489396
"F","Ore","Control",0.0445660913778359
"F","Ore","Control",0.0487711308845812
"F","Ore","Control",0.0359767505115813
"F","Ore","Control",0.0340777632873041
"F","Ore","Control",0.0384005600366135
"F","Ore","Control",0.045289792727466
"F","Ore","Control",0.0359566046839285
"F","Ore","Control",0.0515609654812673
"F","Ore","Control",0.0406698204042938
"F","Ore","Control",0.0489844606812366
"F","Ore","Control",0.0446695668730564
"F","Ore","Control",0.0473012662704805
"F","Ore","Control",0.0417032930279888
"F","Ore","Control",0.0400882881482067
"F","Ore","Control",0.0332558493372573
"F","Ore","Control",0.0385782271404693
"F","Ore","Control",0.0297282666462875
"F","Ore","Control",0.0527818905837166
"F","Ore","Control",0.0470506681770452
"F","Ore","Control",0.0410433418753297
"F","Ore","Control",0.0446282109579509
"F","Ore","Control",0.0378988644975154
"F","Ore","Control",0.0395021469788275
"F","Ore","Control",0.0418149982827446
"F","Ore","Control",0.0399664577695018
"F","Ore","Control",0.0487403188651502
"F","Ore","Control",0.0344649873035966
"F","Ore","Control",0.0395342765330825
"F","Ore","Control",0.0423115994941614
"F","Ore","Control",0.0513663838438542
"F","Ore","Control",0.0467389399338301
"F","Ore","Control",0.0421278400048311
"F","Ore","Control",0.0398639284006139
"F","Ore","Control",0.038004457640808
"F","Ore","Control",0.039856789883905
"F","Ore","Control",0.0369188296166676
"F","Ore","Control",0.0417682080617245
"F","Ore","Control",0.0337652374370082
"F","Ore","Control",0.0450142533912863
"F","Ore","Control",0.0445143256823169
"F","Ore","Control",0.0366415185909773
"F","Ore","Control",0.0343125974382181
"F","Ore","Control",0.0442610770329664
"F","Ore","Control",0.0252588800899523
"F","Ore","Control",0.0402722965006587
"F","Ore","Control",0.0366826545694702
"F","Ore","Control",0.0472574159954396
"F","Ore","Control",0.0357564933941117
"F","Ore","Control",0.0255594335300129
"F","Ore","Control",0.0353730169112667
"F","Ore","Control",0.0368749241787608
"F","Ore","Control",0.035574232583884
"F","Ore","Control",0.0509685947429808
"F","Ore","Control",0.0590100164540438
"F","Ore","Control",0.0372449148875064
"F","Ore","Control",0.0359992659612395
"F","Ore","Control",0.0450201408144889
"F","Ore","Control",0.0499884882450286
"F","Ore","Control",0.0458439916608013
"F","Ore","Control",0.0431945908791582
"F","Ore","Control",0.0461201411799987
"F","Ore","Control",0.0468783680151254
"F","Ore","Control",0.0445811927225827
"F","Ore","Control",0.0350906483509556
"F","Ore","Control",0.0459442016054173
"F","Ore","Control",0.0335634619019633
"F","Ore","Control",0.0458547938656179
"F","Ore","Control",0.0323077483359109
"F","Ore","Control",0.0329991318982787
"F","Ore","Control",0.0385500170670943
"F","Ore","Control",0.0415202914429785
"F","Ore","Control",0.0404438414798509
"F","Ore","Control",0.0392588588219971
"F","Ore","Control",0.0225482862777997
"F","Ore","Control",0.0352654662161287
"F","Ore","Control",0.030576961694194
"F","Ore","Control",0.0372755534745695
"F","Ore","Control",0.042329468280974
"F","Ore","Control",0.0540819058042085
"F","Ore","Control",0.0219143597559005
"F","Ore","Control",0.0449518537682128
"F","Ore","Control",0.0290804765256208
"F","Ore","Control",0.0431167048867494
"F","Ore","Control",0.04348767811773
"F","Ore","Control",0.0259971703117731
"F","Ore","Control",0.0426709349555653
"F","Ore","Control",0.0424877831365785
"F","Ore","Control",0.0408135500676184
"F","Ore","Control",0.0459847694926225
"F","Ore","Control",0.0426720104568273
"F","Ore","Control",0.0413172619517929
"F","Ore","Control",0.0457132468476701
"F","Ore","Control",0.0346047402776808
"F","Ore","Control",0.0332663866954723
"F","Ore","Control",0.0365899546513355
"F","Ore","Control",0.0390407815938609
"F","Ore","Control",0.0416226277250114
"F","Ore","Control",0.0391779411342059
"F","Ore","Control",0.0450237261395041
"F","Ore","Control",0.0364111359421394
"F","Ore","Control",0.0296634898881987
"F","Ore","Control",0.0399525490382344
"F","Ore","Control",0.0312542560504822
"F","Ore","Control",0.017708634757835
"F","Ore","Control",0.0449014605948519
"F","Ore","Control",0.0247786377880275
"F","Ore","Control",0.0395570621793741
"F","Ore","Control",0.0499701798119228
"F","Ore","Control",0.0428581357268596
"F","Ore","Control",0.0415161953968665
"F","Ore","Control",0.0413725731467806
"F","Ore","Control",0.0486034293721881
"F","Ore","Control",0.041237130116386
"F","Ore","Control",0.038228717576902
"F","Ore","Control",0.0389348144344939
"F","Ore","Control",0.0329513565022685
"F","Ore","Control",0.0337431578033649
"F","Ore","Control",0.0294807045554806
"F","Ore","Control",0.0354465560074633
"F","Ore","Control",0.0405167684948375
"F","Ore","Control",0.0504304590023065
"F","Ore","Control",0.0428811205841345
"F","Ore","Control",0.0390753581183527
"F","Ore","Control",0.040671526594008
"F","Ore","Control",0.0400279639992437
"F","Ore","Control",0.0460023772959285
"F","Ore","Control",0.0458441174687705
"F","Ore","Control",0.0335241205403292
"F","Ore","Control",0.0312505731196258
"F","Ore","Control",0.033637650156762
"F","Ore","Control",0.0405015461259399
"F","Ore","Control",0.0443812049217491
"F","Ore","Control",0.0495344064189447
"F","Ore","Control",0.0473944234039594
"F","Ore","Control",0.0480684884514468
"F","Ore","Control",0.0284585872294399
"F","Ore","Control",0.0474026705405667
"F","Ore","Control",0.0345021155034744
"F","Ore","Control",0.0387825667246567
"F","Ore","Control",0.0420772876340885
"F","Ore","Control",0.0433840445530641
"F","Ore","Control",0.0390444011669766
"F","Ore","Control",0.0453901576457239
"F","Ore","Control",0.0463990047403236
"F","Ore","Control",0.0477388727270347
"F","Ore","Control",0.0447303797682309
"F","Ore","Control",0.0316360201685096
"F","Ore","Control",0.0388560544065961
"F","Ore","Control",0.027055377697236
"F","Ore","Control",0.0238712549395488
"F","Ore","Control",0.0307048819878495
"F","Ore","Control",0.0432822715769083
"F","Ore","Control",0.0403990629959947
"F","Ore","Control",0.0464058864712392
"F","Ore","Control",0.0483885653463045
"F","Ore","Control",0.0326611370750892
"F","Ore","Control",0.0453928266037025
"F","Ore","Control",0.0455512689946317
"F","Ore","Control",0.0445042273925111
"F","Ore","Control",0.029982258119287
"F","Ore","Control",0.0342249862247932
"F","Ore","Control",0.0388306433914008
"F","Ore","Control",0.0411337589725308
"F","Ore","Control",0.0311827137766978
"F","Ore","Control",0.0431372386382404
"F","Ore","Control",0.0350939820812219
"F","Ore","Control",0.0318631944340209
"F","Ore","Control",0.0365305119748394
"F","Ore","Control",0.0435206910186199
"F","Ore","Control",0.0390912195574011
"F","Ore","Control",0.0390985127886898
"F","Ore","Control",0.0384922557753472
"F","Ore","Control",0.0488654255881482
"F","Ore","Control",0.0506305103259053
"F","Ore","Control",0.052089675781917
"F","Ore","Control",0.043332198012537
"F","Ore","Control",0.0410454564221749
"F","Ore","Control",0.0419568559088104
"F","Ore","Control",0.0477783495903347
"F","Ore","Control",0.0295756750241779
"F","Ore","Control",0.0358891514337337
"F","Ore","Control",0.0403782329600052
"F","Ore","Control",0.0403940683173312
"F","Ore","Control",0.0342003402932242
"F","Ore","Control",0.0444251832467703
"F","Ore","Control",0.0419382077792925
"F","Ore","Control",0.0404005797553773
"F","Ore","Control",0.0415574766266838
"F","Ore","Control",0.0449915254053404
"F","Ore","Control",0.0454023746210452
"F","Ore","Control",0.047156217993228
"F","Ore","Control",0.0343049878038135
"F","Ore","Control",0.0484475197304298
"F","Ore","Control",0.029249559975773
"F","Ore","Control",0.043092638149756
"F","Ore","Control",0.0462359031401626
"F","Ore","Control",0.0370177736937807
"F","Ore","Control",0.024904419263479
"F","Ore","Control",0.0341172672310007
"F","Ore","Control",0.041508626104123
"F","Ore","Control",0.0412845304694986
"F","Ore","Control",0.0442179909504363
"F","Ore","Control",0.0380976407114578
"F","Ore","Control",0.0440981659813601
"F","Ore","Control",0.0291725157635368
"F","Ore","Control",0.0436001983461452
"F","Ore","Control",0.0346858604896952
"F","Ore","Control",0.0350849611524767
"F","Ore","Control",0.028157268300225
"F","Ore","Control",0.0320320100831992
"F","Ore","Control",0.0307195290369534
"F","Ore","Control",0.0517762044340739
"F","Ore","Control",0.0389899574585009
"F","Ore","Control",0.0405533553805596
"F","Ore","Control",0.0407851219092114
"F","Ore","Control",0.040258764323318
"F","Ore","Control",0.0454271477291986
"F","Ore","Control",0.0479773438667782
"F","Ore","Control",0.0491078047610876
"F","Ore","Control",0.0464558427477092
"F","Ore","Control",0.0478719532326891
"F","Ore","Control",0.0395329201559125
"F","Ore","Control",0.0496056542768328
"F","Ore","Control",0.0360639950526263
"F","Ore","Control",0.0388928454868407
"F","Ore","Control",0.0421630230693255
"F","Ore","Control",0.0338171320702434
"F","Ore","Control",0.037717216263524
"F","Ore","Control",0.0333080275100609
"F","Ore","Control",0.0451558444946255
"F","Ore","Control",0.0394309560374985
"F","Ore","Control",0.0463191915413676
"F","Ore","Control",0.0350182687622397
"F","Ore","Control",0.0424771948713363
"F","Ore","Control",0.0438808167643977
"F","Ore","Control",0.0408820067222526
"F","Ore","Control",0.0340179063355816
"F","Ore","Control",0.041422306741172
"F","Ore","Control",0.0301964522029608
"F","Ore","Control",0.0459103042766958
"F","Ore","Control",0.0335846469470387
"F","Ore","Control",0.0392822597977645
"F","Ore","Control",0.0396078666471884
"F","Ore","Control",0.0390442088925064
"F","Ore","Control",0.0379342917310513
"F","Ore","Control",0.0441907588165577
"F","Ore","Control",0.0412636194295656
"F","Ore","Control",0.0397090452213656
"F","Ore","Control",0.0430619171634622
"F","Ore","Control",0.0408897571823103
"F","Ore","Control",0.0387412392743864
"F","Ore","Control",0.0340111383130619
"F","Ore","Control",0.042809952930923
"F","Ore","Control",0.0265599250931309
"F","Ore","Control",0.0394974666012946
"F","Ore","Control",0.0341431563569643
"F","Ore","Control",0.0346291206969263
"F","Ore","Control",0.0396248768367089
"F","Ore","Control",0.0279495672926602
"F","Ore","Control",0.0393163488446271
"F","Ore","Control",0.0347783321835128
"F","Ore","Control",0.0471515587217334
"F","Ore","Control",0.038378702028761
"F","Ore","Control",0.0392673046896014
"F","Ore","Control",0.0402480577611238
"F","Ore","Control",0.04498632894076
"F","Ore","Control",0.048137479556229
"F","Ore","Control",0.0347241509752182
"F","Ore","Control",0.043020268287781
"F","Ore","Control",0.0433873929273946
"F","Ore","Control",0.0391202539049067
"F","Ore","Control",0.0411170113278677
"F","Ore","Control",0.0489435160529509
"F","Ore","Control",0.0421951009253133
"F","Ore","Control",0.0506146962694504
"F","Ore","Control",0.0453472797071033
"F","Ore","Control",0.0439343376225739
"F","Ore","Control",0.0370516415552907
"F","Ore","Control",0.0481967341600813
"F","Ore","Control",0.0403219904936357
"F","Ore","Control",0.0358715315976245
"F","Ore","Control",0.0534374910849708
"F","Ore","Control",0.0387381652178176
"F","Ore","Control",0.0455402711676988
"F","Ore","Control",0.0397628392642256
"F","Ore","Control",0.0355316853166125
"F","Ore","Control",0.0405350806523554
"F","Ore","Control",0.0324894935109273
"F","Ore","Control",0.0445489213183812
"F","Ore","Control",0.0540854661768437
"F","Ore","Control",0.0420624302341846
"F","Ore","Control",0.0423791484951783
"F","Ore","Control",0.0405366815987394
"F","Ore","Control",0.055016049051987
"F","Ore","Control",0.0453132307917418
"F","Ore","Control",0.0427918104051642
"F","Ore","Control",0.0364251811807937
"F","Ore","Control",0.0404443492147865
"F","Ore","Control",0.0426266552140296
"F","Ore","Control",0.0456205506296944
"F","Ore","Control",0.0322411069467737
"F","Ore","Control",0.0302488238479947
"F","Ore","Control",0.0503575713913018
"F","Ore","Control",0.0382200902935208
"F","Ore","Control",0.0279815753426036
"F","Ore","Control",0.0409387876707971
"F","Ore","Control",0.0383945745631729
"F","Ore","Control",0.0372862505102175
"F","Ore","Control",0.038212242249298
"F","Ore","Control",0.0474315732565207
"F","Ore","Control",0.0419504335470979
"F","Ore","Control",0.0336854265869164
"F","Ore","Control",0.0510314899450873
"F","Ore","Control",0.0408406701923237
"F","Ore","Control",0.0467073039211799
"F","Ore","Control",0.0430103297509831
"F","Ore","Control",0.0346971412616051
"F","Ore","Control",0.0353883798158208
"F","Ore","Control",0.0314433031002398
"F","Ore","Control",0.0315735961705831
"F","Ore","Control",0.0337305784399696
"F","Ore","Control",0.039278635120161
"F","Ore","Control",0.0483807961456887
"F","Ore","Control",0.0297823032566423
"F","Ore","Control",0.0462621056752221
"F","Ore","Control",0.0515763734991875
"F","Ore","Control",0.0284898409655131
"F","Ore","Control",0.0478031091648037
"F","Ore","Control",0.0498437891697563
"F","Ore","Control",0.0429446581290656
"F","Ore","Control",0.0365703684323278
"F","Ore","Control",0.0416542639484281
"F","Ore","Control",0.0347919626714444
"F","Ore","Control",0.0362213643847573
"F","Ore","Control",0.0381370630733911
"F","Ore","Control",0.0362073274214817
"F","Ore","Control",0.0415600919470407
"F","Ore","Control",0.0469594213915161
"F","Ore","Control",0.0417522732401358
"F","Ore","Control",0.0380947129556368
"F","Ore","Control",0.0295387923257566
"F","Ore","Control",0.0472355348451195
"F","Ore","Control",0.0362494377227986
"F","Ore","Control",0.0328340416662416
"F","Ore","Control",0.040105016533034
"F","Ore","Control",0.0440146083253012
"F","Ore","Control",0.0483709668074682
"F","Ore","Control",0.0535153348120256
"F","Ore","Control",0.0464947321992971
"F","Ore","Control",0.0428384563496149
"F","Ore","Control",0.0372736612543089
"F","Ore","Control",0.0198246416485117
"F","Ore","Control",0.0353648643282268
"F","Ore","Control",0.0401267225089496
"F","Ore","Control",0.0435571890635095
"F","Ore","Control",0.042931441410217
"F","Ore","Control",0.0522271636656484
"F","Ore","Control",0.0404841195025053
"F","Ore","Control",0.0385503373481047
"F","Ore","Control",0.0376695020292179
"F","Ore","Control",0.0391672053204344
"F","Ore","Control",0.0505162303262424
"F","Ore","Control",0.0394970380926748
"F","Ore","Control",0.0415427655817615
"F","Ore","Control",0.050045133694885
"F","Ore","Control",0.0429156671806856
"F","Ore","Control",0.0374235653346254
"F","Ore","Control",0.0393643777181196
"F","Ore","Control",0.0393405984242401
"F","Ore","Control",0.0257927613964711
"F","Ore","Control",0.0448092287003675
"F","Ore","Control",0.0364644991210246
"F","Ore","Control",0.0395833048789009
"F","Ore","Control",0.0373302112677995
"F","Ore","Control",0.0425444878024574
"F","Ore","Control",0.036942420097147
"F","Ore","Control",0.0436403873717619
"F","Ore","Control",0.0519083757242876
"F","Ore","Control",0.035895933071329
"F","Ore","Control",0.0462659674415087
"F","Ore","Control",0.0392900589568458
"F","Ore","Control",0.0481859096247179
"F","Ore","Control",0.0400571962179058
"F","Ore","Control",0.0441705365448377
"F","Ore","Control",0.0487273052333147
"F","Ore","Control",0.0398059177581124
"F","Ore","Control",0.0289831491784754
"F","Ore","Control",0.0478194884853691
"F","Ore","Control",0.0544664195826885
"F","Ore","Control",0.0392353192131841
"F","Ore","Control",0.0335659999010406
"F","Ore","Control",0.0510220899306346
"F","Ore","Control",0.0319519923476668
"F","Ore","Control",0.0247274570850585
"F","Ore","Control",0.0425906735638335
"F","Ore","Control",0.0391898858586765
"F","Ore","Control",0.0436901511796919
"F","Ore","Control",0.0403934270050302
"F","Ore","Control",0.0466042658186325
"F","Ore","Control",0.039095701060084
"F","Ore","Control",0.0377911824006162
"F","Ore","Control",0.0382023643345456
"F","Ore","Control",0.0388693144108168
"F","Ore","Control",0.0412298482510202
"F","Ore","Control",0.0362731566820337
"F","Ore","Control",0.0370327638122573
"F","Ore","Control",0.0340191349509366
"F","Ore","Control",0.0423777816806266
"F","Ore","Control",0.0457210067107655
"F","Ore","Control",0.029386157434089
"F","Ore","Control",0.0477297493737556
"F","Ore","Control",0.0487364670027446
"F","Ore","Control",0.0351759486413238
"F","Ore","Control",0.0265104199508635
"F","Ore","Control",0.0389996036547635
"F","Ore","Control",0.0469732468827272
"F","Ore","Control",0.0335137461965497
"F","Ore","Control",0.0347711274292731
"F","Ore","Control",0.047296299412054
"F","Ore","Control",0.0343270229182042
"F","Ore","Control",0.0461880033987599
"F","Ore","Control",0.0354321883092582
"F","Ore","Control",0.0403551939980496
"F","Ore","Control",0.0419329690995075
"F","Ore","Control",0.0447072720382165
"F","Ore","Control",0.0389359469783674
"F","Ore","Control",0.0495161930993401
"F","Ore","Control",0.0457671589683777
"F","Ore","Control",0.0482895480405871
"F","Ore","Control",0.0390176963076178
"F","Ore","Control",0.0446818330750663
"F","Ore","Control",0.0430191516157786
"F","Ore","Control",0.0348387526966267
"F","Ore","Control",0.0458469122585558
"F","Ore","Control",0.0378319932400031
"F","Ore","Control",0.0327870625949586
"F","Ore","Control",0.0277443303297804
"F","Ore","Control",0.0412059993143135
"F","Ore","Control",0.0400869193301032
"F","Ore","Control",0.0393284742162884
"F","Ore","Control",0.0412769990184819
"F","Ore","Control",0.0324939253015915
"F","Ore","Control",0.0430772824528667
"F","Ore","Control",0.0342365558035456
"F","Ore","Control",0.0539116905931726
"F","Ore","Control",0.0383524912913177
"F","Ore","Control",0.0401453643193105
"F","Ore","Control",0.0369290481072691
"F","Ore","Control",0.0387524345029479
"F","Ore","Control",0.0363184733998497
"F","Ore","Control",0.0372436351443736
"F","Ore","Control",0.0372751042738692
"F","Ore","Control",0.0491064805543856
"F","Ore","Control",0.0280805097444437
"F","Ore","Control",0.0450849687332622
"F","Ore","Control",0.0391650276791711
"F","Ore","Control",0.0376520883471249
"F","Ore","Control",0.0436815317277667
"F","Ore","Control",0.0475408500826854
"F","Ore","Control",0.045016285469864
"F","Ore","Control",0.0425812491244587
"F","Ore","Control",0.0381357018944149
"F","Ore","Control",0.0413630185291092
"F","Ore","Control",0.0441447589684183
"F","Ore","Control",0.0278497314016813
"F","Ore","Control",0.0472564738359336
"F","Ore","Control",0.0447650953238769
"F","Ore","Control",0.0394583978390158
"F","Ore","Control",0.0395601876208095
"F","Ore","Control",0.0379683348258602
"F","Ore","Control",0.0313373932456837
"F","Ore","Control",0.0249948826022653
"F","Ore","Control",0.0410814767483217
"F","Ore","Control",0.0345910488353078
"F","Ore","Control",0.0378785502193518
"F","Ore","Control",0.0459369465365407
"F","Ore","Control",0.0418011194503426
"F","Ore","Control",0.0288741787812592
"F","Ore","Control",0.0391360951954834
"F","Ore","Control",0.0382963641778377
"F","Ore","Control",0.0399927673402207
"F","Ore","Control",0.0323420471857584
"F","Ore","Control",0.0411530064879767
"F","Ore","Control",0.0350830877271127
"F","Ore","Control",0.0359648811563451
"F","Ore","Control",0.0366363438742166
"F","Ore","Control",0.0403933596643942
"F","Ore","Control",0.0449538358971558
"F","Ore","Control",0.0380521537986176
"F","Ore","Control",0.0333109281805811
"F","Ore","Control",0.0382203868693321
"F","Ore","Control",0.0440814500488319
"F","Ore","Control",0.0433182368192783
"F","Ore","Control",0.0231894698668114
"F","Ore","Control",0.0460630281151869
"F","Ore","Control",0.0479139715505804
"F","Ore","Control",0.0356739312487325
"F","Ore","Control",0.0341079574239714
"F","Ore","Control",0.0478916797205245
"F","Ore","Control",0.0439080003303194
"F","Ore","Control",0.0386308257535953
"F","Ore","Control",0.0416984095496673
"F","Ore","Control",0.0445504879788341
"F","Ore","Control",0.0314102830222227
"F","Ore","Control",0.0438125228625929
"F","Ore","Control",0.0445344158532848
"F","Ore","Control",0.0425623381731505
"F","Ore","Control",0.0454769364440256
"F","Ore","Control",0.0345210532275962
"F","Ore","Control",0.0423835935176638
"F","Ore","Control",0.0388745857172228
"F","Ore","Control",0.0337192943862926
"F","Ore","Control",0.0458378299417786
"F","Ore","Control",0.0399847852498009
"F","Ore","Control",0.0396973664459128
"F","Ore","Control",0.0464116870104517
"F","Ore","Control",0.0495152468171065
"F","Ore","Control",0.0420933390581818
"F","Ore","Control",0.0448047868845757
"F","Ore","Control",0.0434803032703859
"F","Ore","Control",0.0475888163547142
"F","Ore","Control",0.0293583544704057
"F","Ore","Control",0.0455697471394544
"F","Ore","Control",0.0449735014809525
"F","Ore","Control",0.050613581463962
"F","Ore","Control",0.0455220087914677
"F","Ore","Control",0.0440987267791692
"F","Ore","Control",0.0481246184647096
"F","Ore","Control",0.0426607103595071
"F","Ore","Control",0.0453054530879867
"F","Ore","Control",0.0379473214475012
"F","Ore","Control",0.0409296369484545
"F","Ore","Control",0.0381539704566685
"F","Ore","Control",0.0480352779738762
"F","Ore","Control",0.039173863036105
"F","Ore","Control",0.0349206599044019
"F","Ore","Control",0.0296215532676245
"F","Ore","Control",0.0407803774577712
"F","Ore","Control",0.0220795107973509
"F","Ore","Control",0.0401934584476306
"F","Ore","Control",0.0372461804260675
"F","Ore","Control",0.0470590644187454
"F","Ore","Control",0.029627282310096
"F","Ore","Control",0.0300766736295257
"F","Ore","Control",0.0424224244141252
"F","Ore","Control",0.0363527147647196
"F","Ore","Control",0.0403702175787733
"F","Ore","Control",0.0348182414811369
"F","Ore","Control",0.0373885274686722
"F","Ore","Control",0.0460672835390719
"F","Ore","Control",0.0401968625323354
"F","Ore","Control",0.0400775021502601
"F","Ore","Control",0.0470695745846517
"F","Ore","Control",0.0305603493305501
"F","Ore","Control",0.0343840882594351
"F","Ore","Control",0.0397505446905817
"F","Ore","Control",0.0435797404458959
"F","Ore","Control",0.0336563949863085
"F","Ore","Control",0.03560221288722
"F","Ore","Control",0.0358064673687564
"F","Ore","Control",0.0367334173125257
"F","Ore","Control",0.0296404972617749
"F","Ore","Control",0.0360615894389868
"F","Ore","Control",0.0370561379497939
"F","Ore","Control",0.0432357228001921
"F","Ore","Control",0.0389312029726527
"F","Ore","Control",0.0456225518218278
"F","Ore","Control",0.0456515405685553
"F","Ore","Control",0.0316084255608211
"F","Ore","Control",0.0386453430457049
"F","Ore","Control",0.0451949952373563
"F","Ore","Control",0.0437579603236774
"F","Ore","Control",0.046101468826238
"F","Ore","Control",0.0468853487119679
"F","Ore","Control",0.0427435665856412
"F","Ore","Control",0.0432618381096544
"F","Ore","Control",0.0490434640695296
"F","Ore","Control",0.0404245203002112
"F","Ore","Control",0.0380975153846975
"F","Ore","Control",0.0364881000578628
"F","Ore","Control",0.0469088056301057
"F","Ore","Control",0.0372317099947593
"F","Ore","Control",0.0469448921158711
"F","Ore","Control",0.0389065468266745
"F","Ore","Control",0.0450902912412032
"F","Ore","Control",0.0391798814016443
"F","Ore","Control",0.0401653793491882
"F","Ore","Control",0.0422869240604277
"F","Ore","Control",0.0484488264423439
"F","Ore","Control",0.0426744220556541
"F","Ore","Control",0.046085074998636
"F","Ore","Control",0.0381649870828209
"F","Ore","Control",0.0300069316976495
"F","Ore","Control",0.0399892601027599
"F","Ore","Control",0.047589824873907
"F","Ore","Control",0.0367339442674333
"F","Ore","Control",0.0430183975117052
"F","Ore","Control",0.0482887792336971
"F","Ore","Control",0.0459377327342595
"F","Ore","Control",0.0324516563617017
"F","Ore","Control",0.0460156439954103
"F","Ore","Control",0.0534906301662356
"F","Ore","Control",0.0432288259973424
"F","Ore","Control",0.0502396814722951
"F","Ore","Control",0.0504989194322957
"F","Ore","Control",0.0465080478015956
"F","Ore","Control",0.0367903775679535
"F","Ore","Control",0.0473000804767264
"F","Ore","Control",0.0378003216335436
"F","Ore","Control",0.044667414128743
"F","Ore","Control",0.0289748532638837
"F","Ore","Control",0.031280404983688
"F","Ore","Control",0.0323501274871866
"F","Ore","Control",0.0426162756193044
"F","Ore","Control",0.0447101372874922
"F","Ore","Control",0.0421065525083681
"F","Ore","Control",0.0403768139852858
"F","Ore","Control",0.0406490026906816
"F","Ore","Control",0.0338840490564738
"F","Ore","Control",0.045517374930808
"F","Ore","Control",0.0440835175358504
"F","Ore","Control",0.0425729874708718
"F","Ore","Control",0.0399886249510385
"F","Ore","Control",0.0403886285189921
"F","Ore","Control",0.0469616642016326
"F","Ore","Control",0.0396423192307318
"F","Ore","Control",0.0420068973140047
"F","Ore","Control",0.0343197757048038
"F","Ore","Control",0.0512625860129619
"F","Ore","Control",0.037410811730772
"F","Ore","Control",0.0440438300052069
"F","Ore","Control",0.0446989810390451
"F","Ore","Control",0.038115318492288
"F","Ore","Control",0.0384597306155237
"F","Ore","Control",0.0415299179886008
"F","Ore","Control",0.0378211138126559
"F","Ore","Control",0.0372453229008665
"F","Ore","Control",0.0472466757890981
"F","Ore","Control",0.0465213194479925
"F","Ore","Control",0.039461877357051
"F","Ore","Control",0.0336141844834099
"F","Ore","Control",0.0350167073113546
"F","Ore","Control",0.0322453009056302
"F","Ore","Control",0.0485111222941909
"F","Ore","Control",0.0491040844312245
"F","Ore","Control",0.0411010198462364
"F","Ore","Control",0.038755987173768
"F","Ore","Control",0.0447041512085818
"F","Ore","Control",0.0440424755202485
"F","Ore","Control",0.037763163911707
"F","Ore","Control",0.0516732432459048
"F","Ore","Control",0.0423986482145741
"F","Ore","Control",0.0279352920412397
"F","Ore","Control",0.0429604371181117
"F","Ore","Control",0.0424515913047443
"F","Ore","Control",0.0394119515328473
"F","Ore","Control",0.0313604555940166
"F","Ore","Control",0.0469964063209889
"F","Ore","Control",0.0295813917883167
"F","Ore","Control",0.0480447931886267
"F","Ore","Control",0.0551442025217249
"F","Ore","Control",0.0453013290604151
"F","Ore","Control",0.0414723935926347
"F","Ore","Control",0.0341412102538769
"F","Ore","Control",0.0447280839251984
"F","Ore","Control",0.0322941042877125
"F","Ore","Control",0.0370246277173955
"F","Ore","Control",0.0329992330429693
"F","Ore","Control",0.0452898928066865
"F","Ore","Control",0.0429030769479809
"F","Ore","Control",0.0367440367460839
"F","Ore","Control",0.0358760179974664
"F","Ore","Control",0.0416304903988892
"F","Ore","Control",0.0447106590173875
"F","Ore","Control",0.0418604905630834
"F","Ore","Control",0.030886305755155
"F","Ore","Control",0.0466979345086558
"F","Ore","Control",0.0326835068575701
"F","Ore","Control",0.0466281001065958
"F","Ore","Control",0.0291438310542382
"F","Ore","Control",0.0490398030502167
"F","Ore","Control",0.0408440869677092
"F","Ore","Control",0.0370097648979847
"F","Ore","Control",0.0403870094363518
"F","Ore","Control",0.0390693884319203
"F","Ore","Control",0.0402840931756761
"F","Ore","Control",0.055479753725752
"F","Ore","Control",0.0383636727932335
"F","Ore","Control",0.0472816824394377
"F","Ore","Control",0.0433378617249367
"F","Ore","Control",0.0342449567787281
"F","Ore","Control",0.0419596032817518
"F","Ore","Control",0.0378555327591505
"F","Ore","Control",0.0311344153478267
"F","Ore","Control",0.0548281584856591
"F","Ore","Control",0.0293470939922523
"F","Ore","Control",0.031886312237542
"F","Ore","Control",0.0387119892551745
"F","Ore","Control",0.0317538160217736
"F","Ore","Control",0.0487726055039278
"F","Ore","Control",0.040052780899356
"F","Ore","Control",0.0375395520148903
"F","Ore","Control",0.0501394559911838
"F","Ore","Control",0.032800200471984
"F","Ore","Control",0.0397256874573144
"F","Ore","Control",0.0415281974916882
"F","Ore","Control",0.0288374985842582
"F","Ore","Control",0.0388598088873149
"F","Ore","Control",0.0482773110601583
"F","Ore","Control",0.0402104424221063
"F","Ore","Control",0.0226029792434716
"F","Ore","Control",0.053944822841084
"F","Ore","Control",0.0417367887409476
"F","Ore","Control",0.0330203729324715
"F","Ore","Control",0.0407398620391523
"F","Ore","Control",0.0266403368037119
"F","Ore","Control",0.0459771134500622
"F","Ore","Control",0.0361704798007201
"F","Ore","Control",0.0375190951739744
"F","Ore","Control",0.0356512082134536
"F","Ore","Control",0.0448337520588921
"F","Ore","Control",0.0339909341272665
"F","Ore","Control",0.0422103433306581
"F","Ore","Control",0.0370554271866936
"F","Ore","Control",0.0459009266075489
"F","Ore","Control",0.0458423385343564
"F","Ore","Control",0.0360313118847347
"F","Ore","Control",0.0274990414042466
"F","Ore","Control",0.0367075004309485
"F","Ore","Control",0.0333450297794166
"F","Ore","Control",0.037475836237687
"F","Ore","Control",0.0459463054310828
"F","Ore","Control",0.0508424912458916
"F","Ore","Control",0.0383281591814455
"F","Ore","Control",0.0447212093809177
"F","Ore","Control",0.0419409730729233
"F","Ore","Control",0.0395338200503156
"F","Ore","Control",0.0388432745178669
"F","Ore","Control",0.0315805967866759
"F","Ore","Control",0.0241073293799763
"F","Ore","Control",0.0431673159205598
"F","Ore","Control",0.0355763652324551
"F","Ore","Control",0.0475299430385643
"F","Ore","Control",0.0436009327481121
"F","Ore","Control",0.0338058472194906
"F","Ore","Control",0.0390588411252657
"F","Ore","Control",0.0392965436659518
"F","Ore","Control",0.0465926311739644
"F","Ore","Control",0.0353150163946334
"F","Ore","Control",0.0304430684128461
"F","Ore","Control",0.0437673380252235
"F","Ore","Control",0.0205728812354818
"F","Ore","Control",0.0315104327429315
"F","Ore","Control",0.0467020015212403
"F","Ore","Control",0.0468764226405795
"F","Ore","Control",0.0295315653436959
"F","Ore","Control",0.0385195961112674
"F","Ore","Control",0.0295266939388349
"F","Ore","Control",0.0399743917463584
"F","Ore","Control",0.0347279044856499
"F","Ore","Control",0.0464228708656897
"F","Ore","Control",0.0398895272683593
"F","Ore","Control",0.0401198162183893
"F","Ore","Control",0.0293287188175698
"F","Ore","Control",0.0335870123978497
"F","Ore","Control",0.0399075261819509
"F","Ore","Control",0.0431731665330916
"F","Ore","Control",0.0416128303974149
"F","Ore","Control",0.0461473292417207
"F","Ore","Control",0.0433430081238083
"F","Ore","Control",0.0318323999844845
"F","Ore","Control",0.0517927889036455
"F","Ore","Control",0.0396839839828241
"F","Ore","Control",0.0421493166227652
"F","Ore","Control",0.0456465522172559
"F","Ore","Control",0.0408191326414532
"F","Ore","Control",0.0299821143465365
"F","Ore","Control",0.0515788337565753
"F","Ore","Control",0.0457820955093876
"F","Ore","Control",0.0402687698072197
"F","Ore","Control",0.0316536034585639
"F","Ore","Control",0.0243337658549339
"F","Ore","Control",0.0507820386774204
"F","Ore","Control",0.0328861853889443
"F","Ore","Control",0.0514287922974055
"F","Ore","Control",0.047269910577143
"F","Ore","Control",0.0437447235745911
"F","Ore","Control",0.0452028180149638
"F","Ore","Control",0.0289088302912103
"F","Ore","Control",0.0256874732001446
"F","Ore","Control",0.0370112224088727
"F","Ore","Control",0.0329836611563539
"F","Ore","Control",0.0318304064230228
"F","Ore","Control",0.0414343819457687
"F","Ore","Control",0.0372687071525138
"F","Ore","Control",0.0422782026253771
"F","Ore","Control",0.0398810155600525
"F","Ore","Control",0.0499050877624591
"F","Ore","Control",0.0382625027929916
"F","Ore","Control",0.0441650622363562
"F","Ore","Control",0.0450524659376486
"F","Ore","Control",0.0285885546758448
"F","Ore","Control",0.0371880634626724
"F","Ore","Control",0.0375395604301844
"F","Ore","Control",0.0356360745150948
"F","Ore","Control",0.0464162602600129
"F","Ore","Control",0.041082937868716
"F","Ore","Control",0.0359294599263899
"F","Ore","Control",0.0454376445398098
"F","Ore","Control",0.0362464860532366
"F","Ore","Control",0.0222613681980776
"F","Ore","Control",0.0472065119555594
"F","Ore","Control",0.0367963379793019
"F","Ore","Control",0.0409543417248104
"F","Ore","Control",0.0357459878051877
"F","Ore","Control",0.0301540108904884
"F","Ore","Control",0.0328109746153998
"F","Ore","Control",0.047958417698768
"F","Ore","Control",0.0363741317537576
"F","Ore","Control",0.0372176043894416
"F","Ore","Control",0.04253060386118
"F","Ore","Control",0.0400656061424954
"F","Ore","Control",0.0416877822784093
"F","Ore","Control",0.033213415909281
"F","Ore","Control",0.0361190726788094
"F","Ore","Control",0.0390957985442707
"F","Ore","Control",0.0419043572578593
"F","Ore","Control",0.0426426635826198
"F","Ore","Control",0.0236871616083029
"F","Ore","Control",0.0428877655594718
"F","Ore","Control",0.0359553899586342
"F","Ore","Control",0.0314468559802764
"F","Ore","Control",0.0404212735859569
"F","Ore","Control",0.0413323430683095
"F","Ore","Control",0.0329539512264161
"F","Ore","Control",0.036228906803085
"F","Ore","Control",0.0411226576402091
"F","Ore","Control",0.0498544133165777
"F","Ore","Control",0.04925823718111
"F","Ore","Control",0.0379055840709288
"F","Ore","Control",0.0391546835268478
"F","Ore","Control",0.0509583364146273
"F","Ore","Control",0.0341014703788851
"F","Ore","Control",0.0443574049482627
"F","Ore","Control",0.0382499587895705
"F","Ore","Control",0.038110248287318
"F","Ore","Control",0.0414697328119296
"F","Ore","Control",0.0412909124504193
"F","Ore","Control",0.0451210588093506
"F","Ore","Control",0.0376244448657715
"F","Ore","Control",0.0466328121996925
"F","Ore","Control",0.0402421516652416
"F","Ore","Control",0.054206613179162
"F","Ore","Control",0.0457921579601348
"F","Ore","Control",0.0458723359949457
"F","Ore","Control",0.0436083702850765
"F","Ore","Control",0.0407216568316474
"F","Ore","Control",0.0390996569005152
"F","Ore","Control",0.0451929595793886
"F","Ore","Control",0.0380421582944972
"F","Ore","Control",0.0454398001936728
"F","Ore","Control",0.0281409490280979
"F","Ore","Control",0.0401747601116611
"F","Ore","Control",0.0435640444150174
"F","Ore","Control",0.0556167135530597
"F","Ore","Control",0.0436755965105921
"F","Ore","Control",0.0301755275446248
"F","Ore","Control",0.0415733106354353
"F","Ore","Control",0.0334970016452129
"F","Ore","Control",0.034594115652748
"F","Ore","Control",0.0356832532198021
"F","Ore","Control",0.0401296639390564
"F","Ore","Control",0.0377995271448824
"F","Ore","Control",0.0473716610140552
"F","Ore","Control",0.0439087871969238
"F","Ore","Control",0.0400905029770943
"F","Ore","Control",0.0411911889613971
"F","Ore","Control",0.0492408526731737
"F","Ore","Control",0.0335053567792865
"F","Ore","Control",0.0381088756185338
"F","Ore","Control",0.0528362282609678
"F","Ore","Control",0.0410312077848655
"F","Ore","Control",0.049262856594084
"F","Ore","Control",0.0468236346913569
"F","Ore","Control",0.0359692575039788
"F","Ore","Control",0.0363071819234265
"F","Ore","Control",0.0397274446263743
"F","Ore","Control",0.0477736067051536
"F","Ore","Control",0.034147156094663
"F","Ore","Control",0.0506132707004205
"F","Ore","Control",0.0409953153482778
"F","Ore","Control",0.0364643655779555
"F","Ore","Control",0.0379701178990483
"F","Ore","Control",0.0430057809728478
"F","Ore","Control",0.0469066540440719
"F","Ore","Control",0.0401136638837689
"F","Ore","Control",0.0424335296086306
"F","Ore","Control",0.0412199133631672
"F","Ore","Control",0.0348874205199888
"F","Ore","Control",0.0375426640951077
"F","Ore","Control",0.0333879732151909
"F","Ore","Control",0.0394042928214722
"F","Ore","Control",0.0432541723415927
"F","Ore","Control",0.0405034139777914
"F","Ore","Control",0.0389652148999225
"F","Ore","Control",0.0406936210559281
"F","Ore","Control",0.0409337992985026
"F","Ore","Control",0.0442519980392408
"F","Ore","Control",0.0414099793242623
"F","Ore","Control",0.040639108490834
"F","Ore","Control",0.0426435306913291
"F","Ore","Control",0.03898012473552
"F","Ore","Control",0.0393466827909919
"F","Ore","Control",0.0439401331205288
"F","Ore","Control",0.0527759603595895
"F","Ore","Control",0.0332445412667823
"F","Ore","Control",0.0399806327831173
"F","Ore","Control",0.0443261889117759
"F","Ore","Control",0.0415602972427256
"F","Ore","Control",0.0413643943242895
"F","Ore","Control",0.0362262528128598
"F","Ore","Control",0.0385532963640793
"F","Ore","Control",0.0370846198347627
"F","Ore","Rotenone",0.03930877599339
"F","Ore","Rotenone",0.0455475876539171
"F","Ore","Rotenone",0.0380167881492939
"F","Ore","Rotenone",0.0540968981406812
"F","Ore","Rotenone",0.0437894195551003
"F","Ore","Rotenone",0.0404032082299409
"F","Ore","Rotenone",0.0606116922699494
"F","Ore","Rotenone",0.0506632302297066
"F","Ore","Rotenone",0.0471503776066343
"F","Ore","Rotenone",0.0604895127457362
"F","Ore","Rotenone",0.03551650242339
"F","Ore","Rotenone",0.0532552473669381
"F","Ore","Rotenone",0.0502224533598077
"F","Ore","Rotenone",0.0556461001074416
"F","Ore","Rotenone",0.0388224800559556
"F","Ore","Rotenone",0.0505625035797506
"F","Ore","Rotenone",0.0461671966546385
"F","Ore","Rotenone",0.0408029914384381
"F","Ore","Rotenone",0.0385243976229522
"F","Ore","Rotenone",0.0481853248741358
"F","Ore","Rotenone",0.042745237755254
"F","Ore","Rotenone",0.031598301166173
"F","Ore","Rotenone",0.0462303346612335
"F","Ore","Rotenone",0.032210114760031
"F","Ore","Rotenone",0.0485652768037122
"F","Ore","Rotenone",0.0485674265929699
"F","Ore","Rotenone",0.064729608848135
"F","Ore","Rotenone",0.0404249883747751
"F","Ore","Rotenone",0.0445103693775938
"F","Ore","Rotenone",0.0364181018997559
"F","Ore","Rotenone",0.0571444353693422
"F","Ore","Rotenone",0.0301791209806249
"F","Ore","Rotenone",0.0532912328722132
"F","Ore","Rotenone",0.0521536178515697
"F","Ore","Rotenone",0.0447523147318288
"F","Ore","Rotenone",0.0423358116169407
"F","Ore","Rotenone",0.0513063128561344
"F","Ore","Rotenone",0.0515332110648358
"F","Ore","Rotenone",0.056618307320197
"F","Ore","Rotenone",0.0471360038076261
"F","Ore","Rotenone",0.0448205533818248
"F","Ore","Rotenone",0.0343997311825022
"F","Ore","Rotenone",0.0580180708234036
"F","Ore","Rotenone",0.0677716119050317
"F","Ore","Rotenone",0.042150695621008
"F","Ore","Rotenone",0.0420341345670694
"F","Ore","Rotenone",0.0450483421053847
"F","Ore","Rotenone",0.0374607349251785
"F","Ore","Rotenone",0.0496665893009412
"F","Ore","Rotenone",0.0574316115168717
"F","Ore","Rotenone",0.0536791088217616
"F","Ore","Rotenone",0.0625310237719453
"F","Ore","Rotenone",0.0472569174102844
"F","Ore","Rotenone",0.0407968238139453
"F","Ore","Rotenone",0.040460112207206
"F","Ore","Rotenone",0.0422097338694517
"F","Ore","Rotenone",0.0472103633448836
"F","Ore","Rotenone",0.0432248522589344
"F","Ore","Rotenone",0.0475624760109018
"F","Ore","Rotenone",0.0410537054429482
"F","Ore","Rotenone",0.0457707571379935
"F","Ore","Rotenone",0.0456348385014145
"F","Ore","Rotenone",0.0617575060821303
"F","Ore","Rotenone",0.0386719604376805
"F","Ore","Rotenone",0.0515669870057264
"F","Ore","Rotenone",0.0464385781000381
"F","Ore","Rotenone",0.0429768542972019
"F","Ore","Rotenone",0.0400480106452236
"F","Ore","Rotenone",0.0532790864405026
"F","Ore","Rotenone",0.0481736637633696
"F","Ore","Rotenone",0.0495895504741401
"F","Ore","Rotenone",0.0373289400543611
"F","Ore","Rotenone",0.0462548059940585
"F","Ore","Rotenone",0.0429791212365271
"F","Ore","Rotenone",0.0376839113143142
"F","Ore","Rotenone",0.0534038076178544
"F","Ore","Rotenone",0.0463199204180101
"F","Ore","Rotenone",0.0444340537344532
"F","Ore","Rotenone",0.0520178343193027
"F","Ore","Rotenone",0.0373893016981783
"F","Ore","Rotenone",0.0552262276244252
"F","Ore","Rotenone",0.037014860170397
"F","Ore","Rotenone",0.0549799667481155
"F","Ore","Rotenone",0.0429521061092626
"F","Ore","Rotenone",0.0255816889191487
"F","Ore","Rotenone",0.0403450334403856
"F","Ore","Rotenone",0.0360877569104207
"F","Ore","Rotenone",0.0548845559602812
"F","Ore","Rotenone",0.0348776011356185
"F","Ore","Rotenone",0.0543187357446409
"F","Ore","Rotenone",0.041145124387109
"F","Ore","Rotenone",0.0513275675082778
"F","Ore","Rotenone",0.0459356887336704
"F","Ore","Rotenone",0.0565440757694783
"F","Ore","Rotenone",0.0630183591877648
"F","Ore","Rotenone",0.0406843379748744
"F","Ore","Rotenone",0.0468284480607404
"F","Ore","Rotenone",0.0447802357931277
"F","Ore","Rotenone",0.041810761742354
"F","Ore","Rotenone",0.0262839573478881
"F","Ore","Rotenone",0.0428913155267267
"F","Ore","Rotenone",0.0473858702866594
"F","Ore","Rotenone",0.0409042706628699
"F","Ore","Rotenone",0.0556211439536782
"F","Ore","Rotenone",0.0557234503550147
"F","Ore","Rotenone",0.0346748161593417
"F","Ore","Rotenone",0.0470550191627878
"F","Ore","Rotenone",0.0425071219269954
"F","Ore","Rotenone",0.0562708513416952
"F","Ore","Rotenone",0.0280664242948248
"F","Ore","Rotenone",0.0574593651577518
"F","Ore","Rotenone",0.045445952053477
"F","Ore","Rotenone",0.0555486124815107
"F","Ore","Rotenone",0.0481399031756072
"F","Ore","Rotenone",0.0401104372501069
"F","Ore","Rotenone",0.0554527823707495
"F","Ore","Rotenone",0.0338275858655462
"F","Ore","Rotenone",0.055712382692589
"F","Ore","Rotenone",0.0511464473593153
"F","Ore","Rotenone",0.0486970098032032
"F","Ore","Rotenone",0.0561814180476673
"F","Ore","Rotenone",0.0546892404286501
"F","Ore","Rotenone",0.0551522995327832
"F","Ore","Rotenone",0.0376036696906383
"F","Ore","Rotenone",0.0449951169079893
"F","Ore","Rotenone",0.0546296443359467
"F","Ore","Rotenone",0.044467742721363
"F","Ore","Rotenone",0.0290846026669992
"F","Ore","Rotenone",0.0349313296303817
"F","Ore","Rotenone",0.0487154731097966
"F","Ore","Rotenone",0.0429252402870122
"F","Ore","Rotenone",0.0430946778590925
"F","Ore","Rotenone",0.042428031403956
"F","Ore","Rotenone",0.0499311817978819
"F","Ore","Rotenone",0.0557938338075668
"F","Ore","Rotenone",0.0489851116414655
"F","Ore","Rotenone",0.0404969604979277
"F","Ore","Rotenone",0.0456168275085326
"F","Ore","Rotenone",0.0447818608076468
"F","Ore","Rotenone",0.054040608772301
"F","Ore","Rotenone",0.0497475895919835
"F","Ore","Rotenone",0.0342842012608275
"F","Ore","Rotenone",0.0599652314017883
"F","Ore","Rotenone",0.0284341587521452
"F","Ore","Rotenone",0.0315215425456698
"F","Ore","Rotenone",0.0421566093355375
"F","Ore","Rotenone",0.0577977069843594
"F","Ore","Rotenone",0.0386467870084536
"F","Ore","Rotenone",0.0436731458378217
"F","Ore","Rotenone",0.0497475537471185
"F","Ore","Rotenone",0.0374869677828148
"F","Ore","Rotenone",0.0553057508916131
"F","Ore","Rotenone",0.0425662355681739
"F","Ore","Rotenone",0.0372429819773809
"F","Ore","Rotenone",0.039917024284909
"F","Ore","Rotenone",0.0432715732847576
"F","Ore","Rotenone",0.0613528153934041
"F","Ore","Rotenone",0.061610476028896
"F","Ore","Rotenone",0.0393897345025419
"F","Ore","Rotenone",0.0364915271890887
"F","Ore","Rotenone",0.0493090648997346
"F","Ore","Rotenone",0.0475668329647728
"F","Ore","Rotenone",0.0381659385091601
"F","Ore","Rotenone",0.0429512299610518
"F","Ore","Rotenone",0.0412045480067523
"F","Ore","Rotenone",0.0417531995148479
"F","Ore","Rotenone",0.0341426986656785
"F","Ore","Rotenone",0.0435538027020289
"F","Ore","Rotenone",0.0534261358808655
"F","Ore","Rotenone",0.0435305562808929
"F","Ore","Rotenone",0.0471669567092223
"F","Ore","Rotenone",0.0275429477609294
"F","Ore","Rotenone",0.0397294165055066
"F","Ore","Rotenone",0.0419309681334059
"F","Ore","Rotenone",0.034494908493323
"F","Ore","Rotenone",0.047837536307545
"F","Ore","Rotenone",0.0424147300053902
"F","Ore","Rotenone",0.0538282014686459
"F","Ore","Rotenone",0.0302606756471272
"F","Ore","Rotenone",0.0472735067662506
"F","Ore","Rotenone",0.0354336347090021
"F","Ore","Rotenone",0.0246846556608076
"F","Ore","Rotenone",0.0318981033146316
"F","Ore","Rotenone",0.0466764062338501
"F","Ore","Rotenone",0.0433125650573159
"F","Ore","Rotenone",0.0550421515940046
"F","Ore","Rotenone",0.0527597086093958
"F","Ore","Rotenone",0.0448549578078878
"F","Ore","Rotenone",0.0446820154247875
"F","Ore","Rotenone",0.0414775606569005
"F","Ore","Rotenone",0.0619829077476549
"F","Ore","Rotenone",0.0510947511480415
"F","Ore","Rotenone",0.0446000130602578
"F","Ore","Rotenone",0.0443661109327146
"F","Ore","Rotenone",0.0420761227855028
"F","Ore","Rotenone",0.0416413885588637
"F","Ore","Rotenone",0.0363139655861822
"F","Ore","Rotenone",0.03767486653219
"F","Ore","Rotenone",0.0643240562339451
"F","Ore","Rotenone",0.0431819043381459
"F","Ore","Rotenone",0.0435351837848475
"F","Ore","Rotenone",0.0531799301716669
"F","Ore","Rotenone",0.0431140809160747
"F","Ore","Rotenone",0.0342459949771711
"F","Ore","Rotenone",0.0579239946825258
"F","Ore","Rotenone",0.0430185390125792
"F","Ore","Rotenone",0.041020269762174
"F","Ore","Rotenone",0.0569158780199037
"F","Ore","Rotenone",0.0412358014887307
"F","Ore","Rotenone",0.0529532944975666
"F","Ore","Rotenone",0.0454715521137377
"F","Ore","Rotenone",0.0534175542203574
"F","Ore","Rotenone",0.0329082155142389
"F","Ore","Rotenone",0.0553355235673581
"F","Ore","Rotenone",0.0344956024263125
"F","Ore","Rotenone",0.0423242019859893
"F","Ore","Rotenone",0.0435546768083955
"F","Ore","Rotenone",0.0446050041802092
"F","Ore","Rotenone",0.0475977862604264
"F","Ore","Rotenone",0.049624042228738
"F","Ore","Rotenone",0.0444327884236587
"F","Ore","Rotenone",0.054710858976854
"F","Ore","Rotenone",0.0350256718847302
"F","Ore","Rotenone",0.0350732903475079
"F","Ore","Rotenone",0.0436190734533557
"F","Ore","Rotenone",0.0538287391141438
"F","Ore","Rotenone",0.0577727717243737
"F","Ore","Rotenone",0.0630478586907721
"F","Ore","Rotenone",0.0442272081548715
"F","Ore","Rotenone",0.0420498771171076
"F","Ore","Rotenone",0.0519403694109567
"F","Ore","Rotenone",0.0404040603211997
"F","Ore","Rotenone",0.0558229472780925
"F","Ore","Rotenone",0.0535391586235832
"F","Ore","Rotenone",0.0354648196442138
"F","Ore","Rotenone",0.0386424405992983
"F","Ore","Rotenone",0.0565280362444479
"F","Ore","Rotenone",0.0401043222882541
"F","Ore","Rotenone",0.0428341108565663
"F","Ore","Rotenone",0.0388964594038539
"F","Ore","Rotenone",0.0550742505675643
"F","Ore","Rotenone",0.024369548816226
"F","Ore","Rotenone",0.0526660581164859
"F","Ore","Rotenone",0.0633649949901093
"F","Ore","Rotenone",0.0227146796361586
"F","Ore","Rotenone",0.0409107396157034
"F","Ore","Rotenone",0.0393633437139999
"F","Ore","Rotenone",0.0538144299538844
"F","Ore","Rotenone",0.0367581567293825
"F","Ore","Rotenone",0.0521340520063942
"F","Ore","Rotenone",0.0587574327474183
"F","Ore","Rotenone",0.0414878723647321
"F","Ore","Rotenone",0.0491463855763476
"F","Ore","Rotenone",0.0529477991647811
"F","Ore","Rotenone",0.0499363089080344
"F","Ore","Rotenone",0.0463030213083543
"F","Ore","Rotenone",0.0451274841867924
"F","Ore","Rotenone",0.048513262467932
"F","Ore","Rotenone",0.0338357169162126
"F","Ore","Rotenone",0.0520528287448397
"F","Ore","Rotenone",0.0453422374426221
"F","Ore","Rotenone",0.0622113544808025
"F","Ore","Rotenone",0.0535868095811841
"F","Ore","Rotenone",0.048613289300693
"F","Ore","Rotenone",0.0497921290067522
"F","Ore","Rotenone",0.0510910202826684
"F","Ore","Rotenone",0.0569587865351441
"F","Ore","Rotenone",0.0384418535014896
"F","Ore","Rotenone",0.0533566983597458
"F","Ore","Rotenone",0.0450161548732879
"F","Ore","Rotenone",0.0401498297624317
"F","Ore","Rotenone",0.0382547372999682
"F","Ore","Rotenone",0.0393517090050766
"F","Ore","Rotenone",0.0409829138540797
"F","Ore","Rotenone",0.0412034676942517
"F","Ore","Rotenone",0.0559529224713422
"F","Ore","Rotenone",0.0561842784319763
"F","Ore","Rotenone",0.0454365202990647
"F","Ore","Rotenone",0.0445353058758353
"F","Ore","Rotenone",0.0260403605314616
"F","Ore","Rotenone",0.0363981247826639
"F","Ore","Rotenone",0.0370740762226154
"F","Ore","Rotenone",0.0616936670902288
"F","Ore","Rotenone",0.0382842961122668
"F","Ore","Rotenone",0.0391482162782048
"F","Ore","Rotenone",0.0458638840789469
"F","Ore","Rotenone",0.0483055928919111
"F","Ore","Rotenone",0.0485285522537741
"F","Ore","Rotenone",0.0470357031555143
"F","Ore","Rotenone",0.0410480851505048
"F","Ore","Rotenone",0.0529264664818189
"F","Ore","Rotenone",0.0427434474421083
"F","Ore","Rotenone",0.0500160682184304
"F","Ore","Rotenone",0.0581435646127102
"F","Ore","Rotenone",0.0370639214496936
"F","Ore","Rotenone",0.0276248424692748
"F","Ore","Rotenone",0.0410064518162043
"F","Ore","Rotenone",0.0509038140779533
"F","Ore","Rotenone",0.0365325935591992
"F","Ore","Rotenone",0.048836975474793
"F","Ore","Rotenone",0.0451989682149394
"F","Ore","Rotenone",0.0362318304909727
"F","Ore","Rotenone",0.0588818721886905
"F","Ore","Rotenone",0.0542222572249434
"F","Ore","Rotenone",0.0368162445482892
"F","Ore","Rotenone",0.0377625281194879
"F","Ore","Rotenone",0.0463907974130941
"F","Ore","Rotenone",0.0260913093382054
"F","Ore","Rotenone",0.06367229538424
"F","Ore","Rotenone",0.0547167129328904
"F","Ore","Rotenone",0.0487321697413715
"F","Ore","Rotenone",0.0348263365717885
"F","Ore","Rotenone",0.0378174434196058
"F","Ore","Rotenone",0.0520352736650335
"F","Ore","Rotenone",0.0466857796654482
"F","Ore","Rotenone",0.0427362397035699
"F","Ore","Rotenone",0.0354252265678297
"F","Ore","Rotenone",0.0384472769496607
"F","Ore","Rotenone",0.04873156387428
"F","Ore","Rotenone",0.0533920769040907
"F","Ore","Rotenone",0.0405436117656315
"F","Ore","Rotenone",0.0422747493201758
"F","Ore","Rotenone",0.0403639374087651
"F","Ore","Rotenone",0.0563593370533828
"F","Ore","Rotenone",0.0483014747502374
"F","Ore","Rotenone",0.047766023813308
"F","Ore","Rotenone",0.0478403904541416
"F","Ore","Rotenone",0.0505636506133443
"F","Ore","Rotenone",0.0479377398028748
"F","Ore","Rotenone",0.0483104983739024
"F","Ore","Rotenone",0.035548172842105
"F","Ore","Rotenone",0.047121776065737
"F","Ore","Rotenone",0.0536385516170328
"F","Ore","Rotenone",0.0381939677705646
"F","Ore","Rotenone",0.0350251072343867
"F","Ore","Rotenone",0.0450613950415405
"F","Ore","Rotenone",0.035736368978259
"F","Ore","Rotenone",0.0466448561360848
"F","Ore","Rotenone",0.0544017849282105
"F","Ore","Rotenone",0.0632793130319924
"F","Ore","Rotenone",0.0445086331095011
"F","Ore","Rotenone",0.05104926675541
"F","Ore","Rotenone",0.0336778290571039
"F","Ore","Rotenone",0.0428780108226687
"F","Ore","Rotenone",0.0589507011369217
"F","Ore","Rotenone",0.0470352787391106
"F","Ore","Rotenone",0.0394522198712734
"F","Ore","Rotenone",0.0533831060806722
"F","Ore","Rotenone",0.0617699687142342
"F","Ore","Rotenone",0.0565111913260547
"F","Ore","Rotenone",0.0470996824093533
"F","Ore","Rotenone",0.0393558406814705
"F","Ore","Rotenone",0.0237153416091545
"F","Ore","Rotenone",0.0544660174479925
"F","Ore","Rotenone",0.0469612816564764
"F","Ore","Rotenone",0.0403973514431195
"F","Ore","Rotenone",0.0540859937441816
"F","Ore","Rotenone",0.0474572911932762
"F","Ore","Rotenone",0.0446541003812008
"F","Ore","Rotenone",0.0423826783779645
"F","Ore","Rotenone",0.0344533677925758
"F","Ore","Rotenone",0.0496317807704689
"F","Ore","Rotenone",0.0455856530126039
"F","Ore","Rotenone",0.037024211519303
"F","Ore","Rotenone",0.0379658456944723
"F","Ore","Rotenone",0.0461532922139115
"F","Ore","Rotenone",0.0353878196015099
"F","Ore","Rotenone",0.0490303617460655
"F","Ore","Rotenone",0.0315565981696561
"F","Ore","Rotenone",0.0511859542997256
"F","Ore","Rotenone",0.0543100519534204
"F","Ore","Rotenone",0.0469853436098948
"F","Ore","Rotenone",0.0641487576371506
"F","Ore","Rotenone",0.0441461197632316
"F","Ore","Rotenone",0.0610933304074288
"F","Ore","Rotenone",0.0411138425883997
"F","Ore","Rotenone",0.031593549702102
"F","Ore","Rotenone",0.0432024617404744
"F","Ore","Rotenone",0.0473531759224949
"F","Ore","Rotenone",0.0587979389959904
"F","Ore","Rotenone",0.0332078467428042
"F","Ore","Rotenone",0.043532669596495
"F","Ore","Rotenone",0.0560669359083791
"F","Ore","Rotenone",0.0300828431640428
"F","Ore","Rotenone",0.0556397507391359
"F","Ore","Rotenone",0.0505585743282373
"F","Ore","Rotenone",0.0509723588961915
"F","Ore","Rotenone",0.0519896837128572
"F","Ore","Rotenone",0.0305782044832714
"F","Ore","Rotenone",0.058489043092339
"F","Ore","Rotenone",0.049747996031299
"F","Ore","Rotenone",0.0521323479053875
"F","Ore","Rotenone",0.0494217514657502
"F","Ore","Rotenone",0.0538536232992742
"F","Ore","Rotenone",0.0648157042235181
"F","Ore","Rotenone",0.0418588542720908
"F","Ore","Rotenone",0.0444381533820671
"F","Ore","Rotenone",0.0573094241824297
"F","Ore","Rotenone",0.0529809476200458
"F","Ore","Rotenone",0.0622720714890512
"F","Ore","Rotenone",0.0446316438773125
"F","Ore","Rotenone",0.0334893813323526
"F","Ore","Rotenone",0.049424191912919
"F","Ore","Rotenone",0.0320956919865225
"F","Ore","Rotenone",0.0367749625840426
"F","Ore","Rotenone",0.0456875396553622
"F","Ore","Rotenone",0.0447423304397766
"F","Ore","Rotenone",0.0401881730134027
"F","Ore","Rotenone",0.0427153048756369
"F","Ore","Rotenone",0.0477483898460558
"F","Ore","Rotenone",0.0448916583258941
"F","Ore","Rotenone",0.0348073249327835
"F","Ore","Rotenone",0.0505316014711031
"F","Ore","Rotenone",0.0498352668264382
"F","Ore","Rotenone",0.0566919010765374
"F","Ore","Rotenone",0.0572484838038018
"F","Ore","Rotenone",0.0463033476718218
"F","Ore","Rotenone",0.0426482163163975
"F","Ore","Rotenone",0.0496326356164357
"F","Ore","Rotenone",0.0477074371509078
"F","Ore","Rotenone",0.0469217110232541
"F","Ore","Rotenone",0.0457346304917412
"F","Ore","Rotenone",0.0604701015402456
"F","Ore","Rotenone",0.0624994439214029
"F","Ore","Rotenone",0.0401380422277982
"F","Ore","Rotenone",0.0448954422841894
"F","Ore","Rotenone",0.0555267875345922
"F","Ore","Rotenone",0.0511191548786214
"F","Ore","Rotenone",0.0459288504528257
"F","Ore","Rotenone",0.0549670802819891
"F","Ore","Rotenone",0.0420813464861054
"F","Ore","Rotenone",0.0398803297543117
"F","Ore","Rotenone",0.0426824588686891
"F","Ore","Rotenone",0.0556897536523028
"F","Ore","Rotenone",0.0489970296119459
"F","Ore","Rotenone",0.0440661662997872
"F","Ore","Rotenone",0.0273246720140212
"F","Ore","Rotenone",0.0583369213638355
"F","Ore","Rotenone",0.0332155020223507
"F","Ore","Rotenone",0.05390203659094
"F","Ore","Rotenone",0.0518449115566853
"F","Ore","Rotenone",0.0479464554728521
"F","Ore","Rotenone",0.0497470770167592
"F","Ore","Rotenone",0.0436802129248968
"F","Ore","Rotenone",0.0252584201788759
"F","Ore","Rotenone",0.041272434800475
"F","Ore","Rotenone",0.0575469101923656
"F","Ore","Rotenone",0.0384708866741826
"F","Ore","Rotenone",0.0490555630652627
"F","Ore","Rotenone",0.0535175223155708
"F","Ore","Rotenone",0.0517115728390788
"F","Ore","Rotenone",0.0437584325264356
"F","Ore","Rotenone",0.0583518303917969
"F","Ore","Rotenone",0.0411998762621401
"F","Ore","Rotenone",0.0400377199626333
"F","Ore","Rotenone",0.0465229227747213
"F","Ore","Rotenone",0.0536030407890098
"F","Ore","Rotenone",0.0377491322947634
"F","Ore","Rotenone",0.0569117038160844
"F","Ore","Rotenone",0.0467782944087362
"F","Ore","Rotenone",0.0337899699499279
"F","Ore","Rotenone",0.0356637488374937
"F","Ore","Rotenone",0.0620413213530051
"F","Ore","Rotenone",0.0466728819433768
"F","Ore","Rotenone",0.0588188503718672
"F","Ore","Rotenone",0.0365341832705158
"F","Ore","Rotenone",0.0480297979001267
"F","Ore","Rotenone",0.0429417390945885
"F","Ore","Rotenone",0.0634050815343181
"F","Ore","Rotenone",0.0253254357782116
"F","Ore","Rotenone",0.05549267229702
"F","Ore","Rotenone",0.0436385070811751
"F","Ore","Rotenone",0.0298556620087423
"F","Ore","Rotenone",0.0325548027567707
"F","Ore","Rotenone",0.049435847241288
"F","Ore","Rotenone",0.043407684758799
"F","Ore","Rotenone",0.0304673247618168
"F","Ore","Rotenone",0.0338747067101468
"F","Ore","Rotenone",0.0405807710326235
"F","Ore","Rotenone",0.0534012154201718
"F","Ore","Rotenone",0.0399607211740678
"F","Ore","Rotenone",0.0532567384852283
"F","Ore","Rotenone",0.0619515313265472
"F","Ore","Rotenone",0.0461856780840016
"F","Ore","Rotenone",0.0468088485459116
"F","Ore","Rotenone",0.0441444938230778
"F","Ore","Rotenone",0.0386586516657436
"F","Ore","Rotenone",0.0483723722579666
"F","Ore","Rotenone",0.0476397201004717
"F","Ore","Rotenone",0.0298651712912617
"F","Ore","Rotenone",0.0424778762917365
"F","Ore","Rotenone",0.0517397687996141
"F","Ore","Rotenone",0.0383840762384045
"F","Ore","Rotenone",0.0467072781818551
"F","Ore","Rotenone",0.0462594414537696
"F","Ore","Rotenone",0.0460577620523788
"F","Ore","Rotenone",0.0390238527501607
"F","Ore","Rotenone",0.0481427615459581
"F","Ore","Rotenone",0.0502682827262722
"F","Ore","Rotenone",0.0579390693348021
"F","Ore","Rotenone",0.0364585377982098
"F","Ore","Rotenone",0.0363757114691866
"F","Ore","Rotenone",0.054196595883099
"F","Ore","Rotenone",0.0503954278913247
"F","Ore","Rotenone",0.0507085231980876
"F","Ore","Rotenone",0.040807048182089
"F","Ore","Rotenone",0.0552082898250714
"F","Ore","Rotenone",0.0600446127386663
"F","Ore","Rotenone",0.0457103222168399
"F","Ore","Rotenone",0.0420531584075405
"F","Ore","Rotenone",0.0478891636046754
"F","Ore","Rotenone",0.0433697907933969
"F","Ore","Rotenone",0.0232794955493101
"F","Ore","Rotenone",0.040582428363057
"F","Ore","Rotenone",0.0533520154905954
"F","Ore","Rotenone",0.0404977279906021
"F","Ore","Rotenone",0.0361666486542846
"F","Ore","Rotenone",0.0404982617342087
"F","Ore","Rotenone",0.0357206377185646
"F","Ore","Rotenone",0.0560949353667437
"F","Ore","Rotenone",0.0354456060951355
"F","Ore","Rotenone",0.0440772638321
"F","Ore","Rotenone",0.0386058650804634
"F","Ore","Rotenone",0.0387104701397752
"F","Ore","Rotenone",0.0413923355412471
"F","Ore","Rotenone",0.0551170690366656
"F","Ore","Rotenone",0.0468431193924882
"F","Ore","Rotenone",0.0403085137888154
"F","Ore","Rotenone",0.0480540620078336
"F","Ore","Rotenone",0.0496426183116568
"F","Ore","Rotenone",0.0513859254605449
"F","Ore","Rotenone",0.052422881976091
"F","Ore","Rotenone",0.0547275218433719
"F","Ore","Rotenone",0.0467591025891349
"F","Ore","Rotenone",0.0430612214221856
"F","Ore","Rotenone",0.0458320678347185
"F","Ore","Rotenone",0.0344543580634319
"F","Ore","Rotenone",0.0559964107119715
"F","Ore","Rotenone",0.0488586414539842
"F","Ore","Rotenone",0.0524036275350535
"F","Ore","Rotenone",0.0439738777219407
"F","Ore","Rotenone",0.0519082155490061
"F","Ore","Rotenone",0.0414536933152269
"F","Ore","Rotenone",0.04509028078445
"F","Ore","Rotenone",0.0495966823424406
"F","Ore","Rotenone",0.0475601142017546
"F","Ore","Rotenone",0.0470439250303641
"F","Ore","Rotenone",0.0424475992368934
"F","Ore","Rotenone",0.0483010499345529
"F","Ore","Rotenone",0.0294092996458931
"F","Ore","Rotenone",0.0391816577632012
"F","Ore","Rotenone",0.0498533369239158
"F","Ore","Rotenone",0.0432157887502918
"F","Ore","Rotenone",0.044623930815457
"F","Ore","Rotenone",0.0521871356579899
"F","Ore","Rotenone",0.0535883105728929
"F","Ore","Rotenone",0.0347313060876533
"F","Ore","Rotenone",0.0569724753785541
"F","Ore","Rotenone",0.0509157806437557
"F","Ore","Rotenone",0.0444537740378504
"F","Ore","Rotenone",0.0348957495708336
"F","Ore","Rotenone",0.0334153382986197
"F","Ore","Rotenone",0.0402235861765425
"F","Ore","Rotenone",0.0369130077895405
"F","Ore","Rotenone",0.049459241935834
"F","Ore","Rotenone",0.0348358551207159
"F","Ore","Rotenone",0.0325138120736952
"F","Ore","Rotenone",0.0389468389371219
"F","Ore","Rotenone",0.0394352471733322
"F","Ore","Rotenone",0.0460175294687625
"F","Ore","Rotenone",0.0430493857340219
"F","Ore","Rotenone",0.0409795449818027
"F","Ore","Rotenone",0.047999591507874
"F","Ore","Rotenone",0.056915232722469
"F","Ore","Rotenone",0.0383177757548613
"F","Ore","Rotenone",0.0535215247396497
"F","Ore","Rotenone",0.0421849845516987
"F","Ore","Rotenone",0.040515923085961
"F","Ore","Rotenone",0.0419686105256914
"F","Ore","Rotenone",0.0424034482472112
"F","Ore","Rotenone",0.0453675514040009
"F","Ore","Rotenone",0.0437043130815386
"F","Ore","Rotenone",0.0181415317709457
"F","Ore","Rotenone",0.048879448311426
"F","Ore","Rotenone",0.0468520457667982
"F","Ore","Rotenone",0.0264526939826647
"F","Ore","Rotenone",0.0246479840486685
"F","Ore","Rotenone",0.0531415994405979
"F","Ore","Rotenone",0.0514177697638443
"F","Ore","Rotenone",0.0430873718844693
"F","Ore","Rotenone",0.0570717440994053
"F","Ore","Rotenone",0.0455781798937495
"F","Ore","Rotenone",0.0457068520726494
"F","Ore","Rotenone",0.0337537821028918
"F","Ore","Rotenone",0.0488464265049156
"F","Ore","Rotenone",0.0235672364203204
"F","Ore","Rotenone",0.0486829678481127
"F","Ore","Rotenone",0.0335387695426373
"F","Ore","Rotenone",0.0514386837532898
"F","Ore","Rotenone",0.0351563244147869
"F","Ore","Rotenone",0.0219597110814047
"F","Ore","Rotenone",0.0482189739992259
"F","Ore","Rotenone",0.0655681493405614
"F","Ore","Rotenone",0.0355358165759467
"F","Ore","Rotenone",0.0461614487699033
"F","Ore","Rotenone",0.0438492416560758
"F","Ore","Rotenone",0.0287084358250207
"F","Ore","Rotenone",0.0595617135529084
"F","Ore","Rotenone",0.0466946739328615
"F","Ore","Rotenone",0.0439935431833702
"F","Ore","Rotenone",0.0421046184832728
"F","Ore","Rotenone",0.0393430947737217
"F","Ore","Rotenone",0.0358148348081251
"F","Ore","Rotenone",0.0428641474199675
"F","Ore","Rotenone",0.0371779631420817
"F","Ore","Rotenone",0.055092317743403
"F","Ore","Rotenone",0.0383004026295271
"F","Ore","Rotenone",0.032200638489276
"F","Ore","Rotenone",0.0308412237243253
"F","Ore","Rotenone",0.0312108855731315
"F","Ore","Rotenone",0.0299830248036699
"F","Ore","Rotenone",0.0289410046509863
"F","Ore","Rotenone",0.0438520665767605
"F","Ore","Rotenone",0.0561293069536979
"F","Ore","Rotenone",0.0451131371233763
"F","Ore","Rotenone",0.0447834879251575
"F","Ore","Rotenone",0.0458073141574073
"F","Ore","Rotenone",0.0380295960913403
"F","Ore","Rotenone",0.0495125737721601
"F","Ore","Rotenone",0.0422996294346404
"F","Ore","Rotenone",0.033752136556148
"F","Ore","Rotenone",0.0366952177235924
"F","Ore","Rotenone",0.0413136896359655
"F","Ore","Rotenone",0.0477539920238156
"F","Ore","Rotenone",0.0516285132672104
"F","Ore","Rotenone",0.0302865297576424
"F","Ore","Rotenone",0.0460089115797568
"F","Ore","Rotenone",0.0600575431907227
"F","Ore","Rotenone",0.0448497995859573
"F","Ore","Rotenone",0.0565515412482085
"F","Ore","Rotenone",0.0488064472088202
"F","Ore","Rotenone",0.0355924027288298
"F","Ore","Rotenone",0.0401396380611489
"F","Ore","Rotenone",0.0500498160142688
"F","Ore","Rotenone",0.0441363323970141
"F","Ore","Rotenone",0.0479227051381918
"F","Ore","Rotenone",0.0551740303336179
"F","Ore","Rotenone",0.0467755198125441
"F","Ore","Rotenone",0.0598659881376089
"F","Ore","Rotenone",0.0387260257540041
"F","Ore","Rotenone",0.0412114985444926
"F","Ore","Rotenone",0.0415739539659048
"F","Ore","Rotenone",0.0373498980788044
"F","Ore","Rotenone",0.0594127902737202
"F","Ore","Rotenone",0.0635076560825882
"F","Ore","Rotenone",0.0438541979443712
"F","Ore","Rotenone",0.0476964833060815
"F","Ore","Rotenone",0.0420475160017922
"F","Ore","Rotenone",0.0701013617843508
"F","Ore","Rotenone",0.0397063479255528
"F","Ore","Rotenone",0.0435705815046463
"F","Ore","Rotenone",0.0480354094583557
"F","Ore","Rotenone",0.0374698266606487
"F","Ore","Rotenone",0.044780491676054
"F","Ore","Rotenone",0.0486868537974287
"F","Ore","Rotenone",0.038234228702421
"F","Ore","Rotenone",0.0580990876534685
"F","Ore","Rotenone",0.0408932187897432
"F","Ore","Rotenone",0.0489530759926605
"F","Ore","Rotenone",0.0440908438558197
"F","Ore","Rotenone",0.0482495561664321
"F","Ore","Rotenone",0.04192602570075
"F","Ore","Rotenone",0.0630239970147714
"F","Ore","Rotenone",0.0523130116926351
"F","Ore","Rotenone",0.0489283811983933
"F","Ore","Rotenone",0.0484819232414084
"F","Ore","Rotenone",0.0507472039845269
"F","Ore","Rotenone",0.0408280320062867
"F","Ore","Rotenone",0.0331151984207407
"F","Ore","Rotenone",0.0424476272217207
"F","Ore","Rotenone",0.0463489613107487
"F","Ore","Rotenone",0.0315374799059884
"F","Ore","Rotenone",0.0389251783116121
"F","Ore","Rotenone",0.0526356841219369
"F","Ore","Rotenone",0.0322562346485851
"F","Ore","Rotenone",0.0617646422996016
"F","Ore","Rotenone",0.036870786494345
"F","Ore","Rotenone",0.0393376879564773
"F","Ore","Rotenone",0.0500017764432215
"F","Ore","Rotenone",0.0535650658756762
"F","Ore","Rotenone",0.0601566608446751
"F","Ore","Rotenone",0.0406962251368214
"F","Ore","Rotenone",0.055378999331033
"F","Ore","Rotenone",0.0578950019607157
"F","Ore","Rotenone",0.0405883349643158
"F","Ore","Rotenone",0.0486677596152461
"F","Ore","Rotenone",0.0495824199777377
"F","Ore","Rotenone",0.0458024464389395
"F","Ore","Rotenone",0.036712897351159
"F","Ore","Rotenone",0.0418793448642406
"F","Ore","Rotenone",0.0495997516950983
"F","Ore","Rotenone",0.0542652318262806
"F","Ore","Rotenone",0.044254946955638
"F","Ore","Rotenone",0.0549921129296267
"F","Ore","Rotenone",0.0276195117042421
"F","Ore","Rotenone",0.0434376212034366
"F","Ore","Rotenone",0.0543202809797585
"F","Ore","Rotenone",0.0366723608607959
"F","Ore","Rotenone",0.0344962395574998
"F","Ore","Rotenone",0.048073506534017
"F","Ore","Rotenone",0.0487839167261994
"F","Ore","Rotenone",0.0440876309134336
"F","Ore","Rotenone",0.0446576387182664
"F","Ore","Rotenone",0.0362646849306315
"F","Ore","Rotenone",0.0533010630177157
"F","Ore","Rotenone",0.0476530516062996
"F","Ore","Rotenone",0.0452960463895536
"F","Ore","Rotenone",0.0453854211171905
"F","Ore","Rotenone",0.0486370266475386
"F","Ore","Rotenone",0.0279178222646633
"F","Ore","Rotenone",0.0394280334643675
"F","Ore","Rotenone",0.0520192789289004
"F","Ore","Rotenone",0.0291001751945565
"F","Ore","Rotenone",0.0327322118430902
"F","Ore","Rotenone",0.0381333325933055
"F","Ore","Rotenone",0.0604928794086824
"F","Ore","Rotenone",0.0309788023453168
"F","Ore","Rotenone",0.022205316338938
"F","Ore","Rotenone",0.0543681802638707
"F","Ore","Rotenone",0.0515105420145377
"F","Ore","Rotenone",0.0624395482089437
"F","Ore","Rotenone",0.0579313749067901
"F","Ore","Rotenone",0.0533709091740691
"F","Ore","Rotenone",0.052334316825436
"F","Ore","Rotenone",0.0487631681641578
"F","Ore","Rotenone",0.044220527489066
"F","Ore","Rotenone",0.0427978305860583
"F","Ore","Rotenone",0.0379895154018962
"F","Ore","Rotenone",0.0554257608278888
"F","Ore","Rotenone",0.0473716091280657
"F","Ore","Rotenone",0.0504651141367063
"F","Ore","Rotenone",0.0446779946697992
"F","Ore","Rotenone",0.0484643077884066
"F","Ore","Rotenone",0.0413860064501071
"F","Ore","Rotenone",0.0398771155938996
"F","Ore","Rotenone",0.0428185369753867
"F","Ore","Rotenone",0.0390232854293063
"F","Ore","Rotenone",0.0504324384176109
"F","Ore","Rotenone",0.0477486997083311
"F","Ore","Rotenone",0.0576753617298665
"F","Ore","Rotenone",0.0408538485187335
"F","Ore","Rotenone",0.0530817889756068
"F","Ore","Rotenone",0.0397670692121827
"F","Ore","Rotenone",0.0445896464250769
"F","Ore","Rotenone",0.0399730954316729
"F","Ore","Rotenone",0.0508150654255887
"F","Ore","Rotenone",0.0452758110879223
"F","Ore","Rotenone",0.0500359280034393
"F","Ore","Rotenone",0.0453868160221204
"F","Ore","Rotenone",0.0281646891895814
"F","Ore","Rotenone",0.0440469703967848
"F","Ore","Rotenone",0.0324067448847563
"F","Ore","Rotenone",0.0535156697201083
"F","Ore","Rotenone",0.0350690575638774
"F","Ore","Rotenone",0.0262744273344898
"F","Ore","Rotenone",0.0422635892559498
"F","Ore","Rotenone",0.0491993273696923
"F","Ore","Rotenone",0.0530182698421083
"F","Ore","Rotenone",0.0483033325804103
"F","Ore","Rotenone",0.0433152724980095
"F","Ore","Rotenone",0.0345728904241489
"F","Ore","Rotenone",0.0438521173462365
"F","Ore","Rotenone",0.048707799123212
"F","Ore","Rotenone",0.0496665779804096
"F","Ore","Rotenone",0.0263917213264037
"F","Ore","Rotenone",0.0461401179862649
"F","Ore","Rotenone",0.0424709988023005
"F","Ore","Rotenone",0.05085600881192
"F","Ore","Rotenone",0.0544071635996208
"F","Ore","Rotenone",0.0520189983777582
"F","Ore","Rotenone",0.0404840629775849
"F","Ore","Rotenone",0.0586437899164491
"F","Ore","Rotenone",0.0427532923001507
"F","Ore","Rotenone",0.0528536443447117
"F","Ore","Rotenone",0.0420569342048045
"F","Ore","Rotenone",0.0447386782521974
"F","Ore","Rotenone",0.0388910822496397
"F","Ore","Rotenone",0.0409142441934563
"F","Ore","Rotenone",0.0403400222114409
"F","Ore","Rotenone",0.0412963651995046
"F","Ore","Rotenone",0.0547416523562254
"F","Ore","Rotenone",0.0399692756133055
"F","Ore","Rotenone",0.0448861373925683
"F","Ore","Rotenone",0.0509640389048506
"F","Ore","Rotenone",0.0439675339445133
"F","Ore","Rotenone",0.0658531169195696
"F","Ore","Rotenone",0.0415126357087681
"F","Ore","Rotenone",0.0434583778316177
"F","Ore","Rotenone",0.0495152214608837
"F","Ore","Rotenone",0.0464202987796751
"F","Ore","Rotenone",0.0541193114848493
"F","Ore","Rotenone",0.0442137704818285
"F","Ore","Rotenone",0.0385654956298058
"F","Ore","Rotenone",0.0469205284499523
"F","Ore","Rotenone",0.0403616686896958
"F","Ore","Rotenone",0.0584764043713078
"F","Ore","Rotenone",0.0514390776253072
"F","Ore","Rotenone",0.0436289664868525
"F","Ore","Rotenone",0.056179644541452
"F","Ore","Rotenone",0.0447745946073248
"F","Ore","Rotenone",0.0297360410223188
"F","Ore","Rotenone",0.0417880671678069
"F","Ore","Rotenone",0.0469974482955906
"F","Ore","Rotenone",0.0414677492349665
"F","Ore","Rotenone",0.0495984448006524
"F","Ore","Rotenone",0.0531363720484048
"F","Ore","Rotenone",0.0393527786110961
"F","Ore","Rotenone",0.0338591819369949
"F","Ore","Rotenone",0.0491529313082919
"F","Ore","Rotenone",0.0489278372120906
"F","Ore","Rotenone",0.040614637136572
"F","Ore","Rotenone",0.0426211172545394
"F","Ore","Rotenone",0.0475427235880966
"F","Ore","Rotenone",0.0491952383051459
"F","Ore","Rotenone",0.0414945257709765
"F","Ore","Rotenone",0.0455935028836968
"F","Ore","Rotenone",0.0435300740044177
"F","Ore","Rotenone",0.0460138174901136
"F","Ore","Rotenone",0.0365736368328455
"F","Ore","Rotenone",0.0452951919528735
"F","Ore","Rotenone",0.0545766681782285
"F","Ore","Rotenone",0.0529066084106769
"F","Ore","Rotenone",0.0513393942043435
"F","Ore","Rotenone",0.0440689309301165
"F","Ore","Rotenone",0.0363126421132898
"F","Ore","Rotenone",0.06829061505158
"F","Ore","Rotenone",0.0314801145750857
"F","Ore","Rotenone",0.0469397942218858
"F","Ore","Rotenone",0.0471314487209925
"F","Ore","Rotenone",0.0505077168033094
"F","Ore","Rotenone",0.062438174578666
"F","Ore","Rotenone",0.0502841758376635
"F","Ore","Rotenone",0.038935574085563
"F","Ore","Rotenone",0.0666861957601328
"F","Ore","Rotenone",0.0497573838149462
"F","Ore","Rotenone",0.0466512982237289
"F","Ore","Rotenone",0.0357296515369075
"F","Ore","Rotenone",0.0443025528567496
"F","Ore","Rotenone",0.0472156765663085
"F","Ore","Rotenone",0.0452825655804316
"F","Ore","Rotenone",0.0290494571629298
"F","Ore","Rotenone",0.0567723259628625
"F","Ore","Rotenone",0.0404856406297983
"F","Ore","Rotenone",0.0380996793778366
"F","Ore","Rotenone",0.0461877264144304
"F","Ore","Rotenone",0.0343114787250707
"F","Ore","Rotenone",0.0556209107334647
"F","Ore","Rotenone",0.0389404631290677
"F","Ore","Rotenone",0.0494138167906761
"F","Ore","Rotenone",0.0409496722462964
"F","Ore","Rotenone",0.0377953801250538
"F","Ore","Rotenone",0.0561912094606403
"F","Ore","Rotenone",0.0320284186937675
"F","Ore","Rotenone",0.0374952176372366
"F","Ore","Rotenone",0.0361330054478873
"F","Ore","Rotenone",0.0595344521329275
"F","Ore","Rotenone",0.0517337011040513
"F","Ore","Rotenone",0.0277260148475379
"F","Ore","Rotenone",0.0411303806786373
"F","Ore","Rotenone",0.0430664948121214
"F","Ore","Rotenone",0.0542009183197962
"F","Ore","Rotenone",0.0386691826335447
"F","Ore","Rotenone",0.0408608381509549
"F","Ore","Rotenone",0.0526529909264393
"F","Ore","Rotenone",0.0424185719508531
"F","Ore","Rotenone",0.0484799978309561
"F","Ore","Rotenone",0.0513784041267704
"F","Ore","Rotenone",0.0357945489931694
"F","Ore","Rotenone",0.0587125112112818
"F","Ore","Rotenone",0.0461631216538407
"F","Ore","Rotenone",0.0376299200545517
"F","Ore","Rotenone",0.0578049201437083
"F","Ore","Rotenone",0.0476818308140059
"F","Ore","Rotenone",0.0488525430360013
"F","Ore","Rotenone",0.0423761155555886
"F","Ore","Rotenone",0.0382821953783942
"F","Ore","Rotenone",0.0436239183331096
"F","Ore","Rotenone",0.0506769668586479
"F","Ore","Rotenone",0.0395483423865866
"F","Ore","Rotenone",0.0367850692229981
"F","Ore","Rotenone",0.0348339136161735
"F","Ore","Rotenone",0.048510484841192
"F","Ore","Rotenone",0.0426915242558752
"F","Ore","Rotenone",0.0536838628904109
"F","Ore","Rotenone",0.0439040800426261
"F","Ore","Rotenone",0.0532945796127209
"F","Ore","Rotenone",0.0522929351427601
"F","Ore","Rotenone",0.047406109674771
"F","Ore","Rotenone",0.0492992767225869
"F","Ore","Rotenone",0.0258899311288184
"F","Ore","Rotenone",0.0428117043484331
"F","Ore","Rotenone",0.0453746613145368
"F","Ore","Rotenone",0.0454466131671725
"F","Ore","Rotenone",0.0520309013829861
"F","Ore","Rotenone",0.0365631140674454
"F","Ore","Rotenone",0.0331442196755388
"F","Ore","Rotenone",0.0423321222794355
"F","Ore","Rotenone",0.0346041274941704
"F","Ore","Rotenone",0.044480820807021
"F","Ore","Rotenone",0.0476267449467778
"F","Ore","Rotenone",0.0408135739707979
"F","Ore","Rotenone",0.0319888881279664
"F","Ore","Rotenone",0.0467329670186263
"F","Ore","Rotenone",0.0469595103068839
"F","Ore","Rotenone",0.0615329948285167
"F","Ore","Rotenone",0.0450900197935884
"F","Ore","Rotenone",0.0504529484289434
"F","Ore","Rotenone",0.0365975432373318
"F","Ore","Rotenone",0.0489640424076443
"F","Ore","Rotenone",0.0527541447748985
"F","Ore","Rotenone",0.0428885522612831
"F","Ore","Rotenone",0.0414532544117055
"F","Ore","Rotenone",0.032773830461684
"F","Ore","Rotenone",0.0404456776704839
"F","Ore","Rotenone",0.0383897824404501
"F","Ore","Rotenone",0.0452915519044163
"F","Ore","Rotenone",0.0509409724428792
"F","Ore","Rotenone",0.0542154706132561
"F","Ore","Rotenone",0.0393571943594312
"F","Ore","Rotenone",0.0467094373642628
"F","Ore","Rotenone",0.0521719619616097
"F","Ore","Rotenone",0.036481063776722
"F","Ore","Rotenone",0.0466604253996496
"F","Ore","Rotenone",0.0346156898771181
"F","Ore","Rotenone",0.0345911571610726
"F","Ore","Rotenone",0.0360986399568287
"F","Ore","Rotenone",0.0398133711703209
"F","Ore","Rotenone",0.0388463420788605
"F","Ore","Rotenone",0.0245803239664137
"F","Ore","Rotenone",0.0635042251801913
"F","Ore","Rotenone",0.0422701189007893
"F","Ore","Rotenone",0.0557321738463093
"F","Ore","Rotenone",0.0479395005072268
"F","Ore","Rotenone",0.0659969153022556
"F","Ore","Rotenone",0.0390998679059296
"F","Ore","Rotenone",0.0564016159932817
"F","Ore","Rotenone",0.0483618480575807
"F","Ore","Rotenone",0.0416720796065374
"F","Ore","Rotenone",0.0406310581850791
"F","Ore","Rotenone",0.0438193750729163
"F","Ore","Rotenone",0.0358744186912351
"F","Ore","Rotenone",0.0483667441421109
"F","Ore","Rotenone",0.0452974722821605
"F","Ore","Rotenone",0.047065311383896
"F","Ore","Rotenone",0.0517174230076704
"F","Ore","Rotenone",0.0531495140937773
"F","Ore","Rotenone",0.0513103215705102
"F","Ore","Rotenone",0.050621345891689
"F","Ore","Rotenone",0.038141017309261
"F","Ore","Rotenone",0.0430814618144989
"F","Ore","Rotenone",0.0416780667792494
"F","Ore","Rotenone",0.0431522831342741
"F","Ore","Rotenone",0.04426350675281
"F","Ore","Rotenone",0.0648173159315336
"F","Ore","Rotenone",0.039682684763384
"F","Ore","Rotenone",0.0504700765314544
"F","Ore","Rotenone",0.0374818410066855
"F","Ore","Rotenone",0.0494952868387404
"F","Ore","Rotenone",0.0310711285281545
"F","Ore","Rotenone",0.0646612833383691
"F","Ore","Rotenone",0.0517362534087212
"F","Ore","Rotenone",0.0468093425611654
"F","Ore","Rotenone",0.0555803420942085
"F","Ore","Rotenone",0.0400652379220716
"F","Ore","Rotenone",0.0353623265043613
"F","Ore","Rotenone",0.0378935595830681
"F","Ore","Rotenone",0.0628107437157014
"F","Ore","Rotenone",0.0412814306582453
"F","Ore","Rotenone",0.027813472533311
"F","Ore","Rotenone",0.0393998496284042
"F","Ore","Rotenone",0.0399486827886408
"F","Ore","Rotenone",0.0365648500551655
"F","Ore","Rotenone",0.043138449722424
"F","Ore","Rotenone",0.0438813142523242
"F","Ore","Rotenone",0.0459675879607902
"F","Ore","Rotenone",0.0383659595600504
"F","Ore","Rotenone",0.050481871971148
"F","Ore","Rotenone",0.0482371079813202
"F","Ore","Rotenone",0.0370606015709875
"F","Ore","Rotenone",0.0467965851205662
"F","Ore","Rotenone",0.0473586744207939
"F","Ore","Rotenone",0.0465771926007564
"F","Ore","Rotenone",0.0586954189260196
"F","Ore","Rotenone",0.0403964878732448
"F","Ore","Rotenone",0.0397255627205035
"F","Ore","Rotenone",0.0433161482105521
"F","Ore","Rotenone",0.0372546045235732
"F","Ore","Rotenone",0.048384109385237
"F","Ore","Rotenone",0.0512648934237082
"F","Ore","Rotenone",0.0336913385347861
"M","375","Control",0.0242217202625278
"M","375","Control",0.0251104649247956
"M","375","Control",0.0215280880662476
"M","375","Control",0.0230814899613036
"M","375","Control",0.0272389661826281
"M","375","Control",0.0221101891542302
"M","375","Control",0.0234682855112204
"M","375","Control",0.0225096919358941
"M","375","Control",0.027197316044173
"M","375","Control",0.0202033353228086
"M","375","Control",0.0270394756305652
"M","375","Control",0.0268065545281689
"M","375","Control",0.0229262535108084
"M","375","Control",0.0206464859656815
"M","375","Control",0.0311575213735967
"M","375","Control",0.0251792470682927
"M","375","Control",0.0268626473323464
"M","375","Control",0.0222229030731332
"M","375","Control",0.0238388537625881
"M","375","Control",0.0258189283963397
"M","375","Control",0.0256974862568828
"M","375","Control",0.022944525832333
"M","375","Control",0.0230144121223389
"M","375","Control",0.0214969403587284
"M","375","Control",0.0226253466018976
"M","375","Control",0.0214938992805622
"M","375","Control",0.0287687406152167
"M","375","Control",0.0259280462002753
"M","375","Control",0.0224035177425767
"M","375","Control",0.0237889824877004
"M","375","Control",0.0270679855104737
"M","375","Control",0.0268331566490809
"M","375","Control",0.0201326344943938
"M","375","Control",0.0182184363351151
"M","375","Control",0.0267595891597116
"M","375","Control",0.0235568529334776
"M","375","Control",0.0272293489517826
"M","375","Control",0.0243924904214594
"M","375","Control",0.0283792553517953
"M","375","Control",0.0250178226571245
"M","375","Control",0.0271404388537086
"M","375","Control",0.0225276939165667
"M","375","Control",0.022177623645038
"M","375","Control",0.0254764929951702
"M","375","Control",0.0216792537887598
"M","375","Control",0.0260363731728488
"M","375","Control",0.0217893468918282
"M","375","Control",0.0262035348475784
"M","375","Control",0.0244479017990663
"M","375","Control",0.0281116156440723
"M","375","Control",0.0234089030617873
"M","375","Control",0.0241312021678626
"M","375","Control",0.0231502232473724
"M","375","Control",0.0277637274796959
"M","375","Control",0.0244242146523682
"M","375","Control",0.0255151807295019
"M","375","Control",0.0237973721739934
"M","375","Control",0.022136045122574
"M","375","Control",0.0246567899351227
"M","375","Control",0.0271790254384491
"M","375","Control",0.0271198512352275
"M","375","Control",0.021413091173546
"M","375","Control",0.0218300986457399
"M","375","Control",0.0224596009177596
"M","375","Control",0.0266517665308267
"M","375","Control",0.0234769405448308
"M","375","Control",0.0223216545860003
"M","375","Control",0.0215442307611039
"M","375","Control",0.025422340813748
"M","375","Control",0.0231625923037077
"M","375","Control",0.0221981413212942
"M","375","Control",0.0257580430916708
"M","375","Control",0.0271376784964661
"M","375","Control",0.0231657847645767
"M","375","Control",0.0199019235182657
"M","375","Control",0.0235837430008866
"M","375","Control",0.0227422594058493
"M","375","Control",0.0267198859564297
"M","375","Control",0.024667968394192
"M","375","Control",0.0235479314892803
"M","375","Control",0.0244776644417141
"M","375","Control",0.0242130775777498
"M","375","Control",0.0217282072483496
"M","375","Control",0.0244649576477079
"M","375","Control",0.0241356808840638
"M","375","Control",0.024443242403344
"M","375","Control",0.0244174741688383
"M","375","Control",0.0219562132326983
"M","375","Control",0.0271027397030964
"M","375","Control",0.0258816314185702
"M","375","Control",0.0241529646720955
"M","375","Control",0.0209671965257647
"M","375","Control",0.0241417529723653
"M","375","Control",0.0234492890484564
"M","375","Control",0.0238750216601544
"M","375","Control",0.0251976603058441
"M","375","Control",0.0166528391116295
"M","375","Control",0.0211989114344251
"M","375","Control",0.019555323393917
"M","375","Control",0.0259336019059762
"M","375","Control",0.0236914411940654
"M","375","Control",0.0226581351433399
"M","375","Control",0.0214181196881544
"M","375","Control",0.0247805332380823
"M","375","Control",0.0230431837412859
"M","375","Control",0.0253020541509224
"M","375","Control",0.0195729005654572
"M","375","Control",0.0262762585481502
"M","375","Control",0.0278893920491197
"M","375","Control",0.0269841768941299
"M","375","Control",0.0233375734367179
"M","375","Control",0.0260761607170675
"M","375","Control",0.0236208408762293
"M","375","Control",0.024427721377514
"M","375","Control",0.0256763405276847
"M","375","Control",0.0243076549469967
"M","375","Control",0.0256542522421312
"M","375","Control",0.020135423643347
"M","375","Control",0.0227938343497056
"M","375","Control",0.0238438818822199
"M","375","Control",0.0242718240646143
"M","375","Control",0.0244315455427149
"M","375","Control",0.0232663627639657
"M","375","Control",0.0216317463071581
"M","375","Control",0.0287851482069389
"M","375","Control",0.0253208225799232
"M","375","Control",0.0234003639144739
"M","375","Control",0.0212379825823093
"M","375","Control",0.0289834247317659
"M","375","Control",0.0231564106653
"M","375","Control",0.0270898424515792
"M","375","Control",0.0249133499738384
"M","375","Control",0.0236724062100062
"M","375","Control",0.0247167483075054
"M","375","Control",0.0284525523087028
"M","375","Control",0.0240761715153852
"M","375","Control",0.021364237307339
"M","375","Control",0.0239986749794088
"M","375","Control",0.0207237079595902
"M","375","Control",0.0273421746637316
"M","375","Control",0.0198029842678615
"M","375","Control",0.020728198316308
"M","375","Control",0.0271820689529211
"M","375","Control",0.0243725205915193
"M","375","Control",0.0269476659179518
"M","375","Control",0.0231120639676896
"M","375","Control",0.0245846472612969
"M","375","Control",0.0264589300938759
"M","375","Control",0.0214464305535207
"M","375","Control",0.0258665432029175
"M","375","Control",0.0245871577833348
"M","375","Control",0.0253728699426846
"M","375","Control",0.0252539988964295
"M","375","Control",0.0213529962668686
"M","375","Control",0.0271048483679996
"M","375","Control",0.0215908348478742
"M","375","Control",0.0224419355252092
"M","375","Control",0.0248621207954673
"M","375","Control",0.023175653085182
"M","375","Control",0.0259428067734041
"M","375","Control",0.02228357856541
"M","375","Control",0.02295930329297
"M","375","Control",0.025947028311807
"M","375","Control",0.0266170364998322
"M","375","Control",0.0245765145618954
"M","375","Control",0.0231186082510749
"M","375","Control",0.0237159000524729
"M","375","Control",0.0254704680018932
"M","375","Control",0.024982713819246
"M","375","Control",0.0240294548768653
"M","375","Control",0.0185912183065779
"M","375","Control",0.0257992682203926
"M","375","Control",0.0251906315229826
"M","375","Control",0.0247443513770571
"M","375","Control",0.0240443686167739
"M","375","Control",0.0279096029760818
"M","375","Control",0.0204837746893143
"M","375","Control",0.0229604532511318
"M","375","Control",0.0215324573438328
"M","375","Control",0.0233920335086309
"M","375","Control",0.0274818630663158
"M","375","Control",0.0244090980035253
"M","375","Control",0.0258093221589951
"M","375","Control",0.0252695008862556
"M","375","Control",0.0253260433197123
"M","375","Control",0.0263126144786373
"M","375","Control",0.0200460208388661
"M","375","Control",0.0246340013366245
"M","375","Control",0.020372069359787
"M","375","Control",0.0268485515724268
"M","375","Control",0.0306459182340759
"M","375","Control",0.0250114824880617
"M","375","Control",0.0206586769782693
"M","375","Control",0.0247546644403754
"M","375","Control",0.02395103492996
"M","375","Control",0.0271621103064148
"M","375","Control",0.0258688812282859
"M","375","Control",0.0229635996270532
"M","375","Control",0.0244238558190271
"M","375","Control",0.019917829118434
"M","375","Control",0.0277621389645207
"M","375","Control",0.0241209991571126
"M","375","Control",0.017499313055793
"M","375","Control",0.0229886986414448
"M","375","Control",0.0288298333083252
"M","375","Control",0.0238938967160753
"M","375","Control",0.0247514190424353
"M","375","Control",0.0238593164535045
"M","375","Control",0.0227418835321409
"M","375","Control",0.0208944905527201
"M","375","Control",0.0268184538134708
"M","375","Control",0.0250627924426085
"M","375","Control",0.0233155328270659
"M","375","Control",0.0220570952223801
"M","375","Control",0.0234845793193249
"M","375","Control",0.0261547110055218
"M","375","Control",0.0262553734189418
"M","375","Control",0.0194146269966967
"M","375","Control",0.0264928655481734
"M","375","Control",0.0233110771333296
"M","375","Control",0.025242596361478
"M","375","Control",0.0249874608175943
"M","375","Control",0.027228766121764
"M","375","Control",0.0275373751509787
"M","375","Control",0.0236112675778668
"M","375","Control",0.0253252690004331
"M","375","Control",0.0245952456058608
"M","375","Control",0.0217941668589199
"M","375","Control",0.0228560256742668
"M","375","Control",0.0280232126004092
"M","375","Control",0.0209824685233159
"M","375","Control",0.0268051792713706
"M","375","Control",0.0242361146104675
"M","375","Control",0.0284136053361575
"M","375","Control",0.0238579974575835
"M","375","Control",0.0249108979610187
"M","375","Control",0.0253718150367186
"M","375","Control",0.0212555549001966
"M","375","Control",0.0250962170958112
"M","375","Control",0.0220281013875353
"M","375","Control",0.0247059264535202
"M","375","Control",0.0256641176807897
"M","375","Control",0.0252799339785568
"M","375","Control",0.0259901807086336
"M","375","Control",0.0254215546940193
"M","375","Control",0.0271166458137389
"M","375","Control",0.0284555643516281
"M","375","Control",0.0229761031990978
"M","375","Control",0.0218340465243135
"M","375","Control",0.0242968406690493
"M","375","Control",0.0232760099573489
"M","375","Control",0.0280232799092616
"M","375","Control",0.0208208325053946
"M","375","Control",0.0241957830713957
"M","375","Control",0.0285448497142613
"M","375","Control",0.0238235205205479
"M","375","Control",0.0233535625704648
"M","375","Control",0.0242718384971592
"M","375","Control",0.0235878681357942
"M","375","Control",0.0256115557710627
"M","375","Control",0.0242269422479894
"M","375","Control",0.0216636301966711
"M","375","Control",0.0289014908481727
"M","375","Control",0.0228274147240418
"M","375","Control",0.0250355748008571
"M","375","Control",0.0257372382073873
"M","375","Control",0.0262393555055495
"M","375","Control",0.0259177690881241
"M","375","Control",0.0211502415224316
"M","375","Control",0.0240416861164223
"M","375","Control",0.0239007871467193
"M","375","Control",0.0258527216255501
"M","375","Control",0.0238647339062454
"M","375","Control",0.0263699990263131
"M","375","Control",0.0221077469687433
"M","375","Control",0.0240055720807775
"M","375","Control",0.0254152958930763
"M","375","Control",0.022153840117306
"M","375","Control",0.0234705251312538
"M","375","Control",0.0275576473859917
"M","375","Control",0.0234673261047059
"M","375","Control",0.0253071806712574
"M","375","Control",0.0252717161664922
"M","375","Control",0.0243617886205845
"M","375","Control",0.0244057539133855
"M","375","Control",0.024866729317566
"M","375","Control",0.0249475236629626
"M","375","Control",0.0242900014133499
"M","375","Control",0.0260406503543171
"M","375","Control",0.0229931802521732
"M","375","Control",0.022296367956971
"M","375","Control",0.027061340680301
"M","375","Control",0.0246925934240808
"M","375","Control",0.0252927329485636
"M","375","Control",0.0239289079098453
"M","375","Control",0.023694949119231
"M","375","Control",0.0214555787738661
"M","375","Control",0.0246900805045783
"M","375","Control",0.0253548776399743
"M","375","Control",0.0263886897775333
"M","375","Control",0.0215351318716544
"M","375","Control",0.0270350595398542
"M","375","Control",0.0235397636658523
"M","375","Control",0.0275998586285163
"M","375","Control",0.0268323232359193
"M","375","Control",0.0217285722838781
"M","375","Control",0.0228206361866241
"M","375","Control",0.023660344570056
"M","375","Control",0.0233757704159869
"M","375","Control",0.0269501511388273
"M","375","Control",0.0244561480164248
"M","375","Control",0.0277825608001671
"M","375","Control",0.0240545911782141
"M","375","Control",0.0232555745315231
"M","375","Control",0.0274350817893361
"M","375","Control",0.0226604802539138
"M","375","Control",0.0252657529894498
"M","375","Control",0.0249963322434967
"M","375","Control",0.0230767776543966
"M","375","Control",0.025451398635691
"M","375","Control",0.0268616401636316
"M","375","Control",0.0216086735593145
"M","375","Control",0.0210484019760554
"M","375","Control",0.0232075162136249
"M","375","Control",0.0269448175692063
"M","375","Control",0.0267413371484254
"M","375","Control",0.0235715860564842
"M","375","Control",0.0254491217375687
"M","375","Control",0.0254500934069576
"M","375","Control",0.0225699717154405
"M","375","Control",0.0252464221859476
"M","375","Control",0.0260131479566471
"M","375","Control",0.0258839083398963
"M","375","Control",0.0256211013130496
"M","375","Control",0.0245219556978076
"M","375","Control",0.0244922231824322
"M","375","Control",0.0298776116608322
"M","375","Control",0.0240713409212831
"M","375","Control",0.0294293206426518
"M","375","Control",0.023035009832792
"M","375","Control",0.0254720288537457
"M","375","Control",0.0263730621963732
"M","375","Control",0.0234681516967321
"M","375","Control",0.0212567665628955
"M","375","Control",0.0270913378624595
"M","375","Control",0.0224132140203937
"M","375","Control",0.0235093897615373
"M","375","Control",0.0269452768753972
"M","375","Control",0.0227198136908571
"M","375","Control",0.0276398695502068
"M","375","Control",0.0258664563619683
"M","375","Control",0.0240562735182019
"M","375","Control",0.025051506669221
"M","375","Control",0.0224337418348868
"M","375","Control",0.0258754346050428
"M","375","Control",0.0227315926249259
"M","375","Control",0.0241876746258059
"M","375","Control",0.024824136419217
"M","375","Control",0.0230765108920727
"M","375","Control",0.0201048600127436
"M","375","Control",0.0263628479346175
"M","375","Control",0.0216457647073622
"M","375","Control",0.0270420385970552
"M","375","Control",0.0269064829426605
"M","375","Control",0.0263836596651563
"M","375","Control",0.0267492678407266
"M","375","Control",0.0233863846646572
"M","375","Control",0.0249659816356841
"M","375","Control",0.0209524037515063
"M","375","Control",0.027659782426748
"M","375","Control",0.0254583627136123
"M","375","Control",0.0255284441004998
"M","375","Control",0.0215168715597342
"M","375","Control",0.0222482172523315
"M","375","Control",0.0246949978521334
"M","375","Control",0.023333774812844
"M","375","Control",0.0235767444804262
"M","375","Control",0.0244456068405232
"M","375","Control",0.027192693456125
"M","375","Control",0.0239420628317208
"M","375","Control",0.0243247900491153
"M","375","Control",0.0260168764650943
"M","375","Control",0.0251243325802175
"M","375","Control",0.0196361687913252
"M","375","Control",0.0222373600408273
"M","375","Control",0.0216204111355164
"M","375","Control",0.0245120923343692
"M","375","Control",0.0245395267742575
"M","375","Control",0.0264336194645663
"M","375","Control",0.0255098959795663
"M","375","Control",0.0238546074370348
"M","375","Control",0.0234825070381358
"M","375","Control",0.0292680265271178
"M","375","Control",0.0211243725680569
"M","375","Control",0.0261478413218841
"M","375","Control",0.0238700458475519
"M","375","Control",0.0262736021582146
"M","375","Control",0.0286163387227437
"M","375","Control",0.028044275825365
"M","375","Control",0.027343054187947
"M","375","Control",0.0212573452270667
"M","375","Control",0.0269342892388079
"M","375","Control",0.0237068514694838
"M","375","Control",0.0272248179744013
"M","375","Control",0.0203215055576083
"M","375","Control",0.0199181332455919
"M","375","Control",0.0261061513340462
"M","375","Control",0.0237187913250269
"M","375","Control",0.0224017092034972
"M","375","Control",0.0299115945700534
"M","375","Control",0.0245388274904829
"M","375","Control",0.0260011273271442
"M","375","Control",0.0249871804986856
"M","375","Control",0.0275782044067594
"M","375","Control",0.0244972010338628
"M","375","Control",0.0263212855434301
"M","375","Control",0.0234287496737312
"M","375","Control",0.0258226177502919
"M","375","Control",0.0249269962517363
"M","375","Control",0.0203896065303955
"M","375","Control",0.0246694766139976
"M","375","Control",0.0257210281537645
"M","375","Control",0.0239423695289077
"M","375","Control",0.0213423718635649
"M","375","Control",0.0234705706091948
"M","375","Control",0.0229298701205188
"M","375","Control",0.0205841521150279
"M","375","Control",0.0243079011994197
"M","375","Control",0.026588327306783
"M","375","Control",0.025625284618223
"M","375","Control",0.0234482267971424
"M","375","Control",0.0223218750514935
"M","375","Control",0.0226066298560044
"M","375","Control",0.0216684553835576
"M","375","Control",0.0209394506038159
"M","375","Control",0.0271695800852601
"M","375","Control",0.0234309991311598
"M","375","Control",0.023312634943047
"M","375","Control",0.0281906564715915
"M","375","Control",0.0264082211061485
"M","375","Control",0.0201231464853422
"M","375","Control",0.0242651867066981
"M","375","Control",0.0194794347652253
"M","375","Control",0.027946257514152
"M","375","Control",0.0262403592889032
"M","375","Control",0.0253373420145693
"M","375","Control",0.0299693960651819
"M","375","Control",0.0274386457554929
"M","375","Control",0.0255093707443633
"M","375","Control",0.0240926194193015
"M","375","Control",0.0252091126929293
"M","375","Control",0.0257451601142285
"M","375","Control",0.0197700913375
"M","375","Control",0.0239451145857607
"M","375","Control",0.0241036749049692
"M","375","Control",0.0244715324627936
"M","375","Control",0.0248770513443305
"M","375","Control",0.025814347233927
"M","375","Control",0.0221969017832348
"M","375","Control",0.0235177610585239
"M","375","Control",0.0235281244172059
"M","375","Control",0.0217383936770537
"M","375","Control",0.0269208907191773
"M","375","Control",0.0270364759670364
"M","375","Control",0.0236937837592004
"M","375","Control",0.0250549756420467
"M","375","Control",0.0241019016286752
"M","375","Control",0.0277023674811196
"M","375","Control",0.0270873891464599
"M","375","Control",0.0289282707536973
"M","375","Control",0.0217703856048708
"M","375","Control",0.0265791376836748
"M","375","Control",0.0234563397948997
"M","375","Control",0.0223962002105604
"M","375","Control",0.0269376358535043
"M","375","Control",0.0245281284526238
"M","375","Control",0.0257400130342332
"M","375","Control",0.0256255196499014
"M","375","Control",0.0266333142259036
"M","375","Control",0.0236551458665965
"M","375","Control",0.0213468443296468
"M","375","Control",0.0273979197674891
"M","375","Control",0.0245804391688126
"M","375","Control",0.0209429568408879
"M","375","Control",0.0248696130824091
"M","375","Control",0.0259688586688921
"M","375","Control",0.025791050761163
"M","375","Control",0.0257078830911298
"M","375","Control",0.0250503278897516
"M","375","Control",0.0245362661887408
"M","375","Control",0.024229500510703
"M","375","Control",0.0269812716946402
"M","375","Control",0.0243640294526102
"M","375","Control",0.0289396914743711
"M","375","Control",0.026936655087995
"M","375","Control",0.0242965733424372
"M","375","Control",0.0232993039536472
"M","375","Control",0.0227388377907445
"M","375","Control",0.0285442296613016
"M","375","Control",0.0239643204959861
"M","375","Control",0.0263002783080051
"M","375","Control",0.0219977665157711
"M","375","Control",0.0249663185270037
"M","375","Control",0.0223891743678485
"M","375","Control",0.0230080181802865
"M","375","Control",0.0206051745534468
"M","375","Control",0.0232546265337548
"M","375","Control",0.0249465018092662
"M","375","Control",0.0247424064178592
"M","375","Control",0.0278359980017867
"M","375","Control",0.0193185058866412
"M","375","Control",0.025536065909372
"M","375","Control",0.0204653728410866
"M","375","Control",0.0271146344205152
"M","375","Control",0.0267303146368722
"M","375","Control",0.0228662670228326
"M","375","Control",0.0240131281114337
"M","375","Control",0.0251806657723437
"M","375","Control",0.0234226527627156
"M","375","Control",0.0244158269585492
"M","375","Control",0.0267315449541459
"M","375","Control",0.0264657732092403
"M","375","Control",0.0235679356964371
"M","375","Control",0.0238188206481079
"M","375","Control",0.0262455666711628
"M","375","Control",0.0249421494581809
"M","375","Control",0.0244201974788484
"M","375","Control",0.0230541966660969
"M","375","Control",0.023999657123556
"M","375","Control",0.0223470168610916
"M","375","Control",0.0284243597337518
"M","375","Control",0.0213905972126104
"M","375","Control",0.0244293840549873
"M","375","Control",0.0218172091883522
"M","375","Control",0.0231853296522146
"M","375","Control",0.0260017730337787
"M","375","Control",0.0266813645676144
"M","375","Control",0.0236788944579213
"M","375","Control",0.0280989994938159
"M","375","Control",0.0250660229529826
"M","375","Control",0.0263630074708952
"M","375","Control",0.0222740502061218
"M","375","Control",0.0243733913028858
"M","375","Control",0.027946979671185
"M","375","Control",0.0259911088619862
"M","375","Control",0.0187717040359287
"M","375","Control",0.0238179278125342
"M","375","Control",0.0243562651911194
"M","375","Control",0.0251621827835954
"M","375","Control",0.0269393113148781
"M","375","Control",0.0198431145508545
"M","375","Control",0.0218611689890179
"M","375","Control",0.0256061498093834
"M","375","Control",0.0276900720306158
"M","375","Control",0.0245672941126694
"M","375","Control",0.0251187340310566
"M","375","Control",0.0276873891461692
"M","375","Control",0.0236851516851489
"M","375","Control",0.0232176143385657
"M","375","Control",0.025611096274906
"M","375","Control",0.02339358874935
"M","375","Control",0.0266650151672724
"M","375","Control",0.0234914161471373
"M","375","Control",0.0239205276343413
"M","375","Control",0.0247198835487872
"M","375","Control",0.0228382300996721
"M","375","Control",0.0274179907540172
"M","375","Control",0.0269468445669503
"M","375","Control",0.0245711442938222
"M","375","Control",0.0222209366979223
"M","375","Control",0.0257525437221391
"M","375","Control",0.0248972482711678
"M","375","Control",0.0238540413542731
"M","375","Control",0.0220550199452471
"M","375","Control",0.0237661673221847
"M","375","Control",0.0206998176443575
"M","375","Control",0.0235315941852808
"M","375","Control",0.0210087218892198
"M","375","Control",0.0251897514149466
"M","375","Control",0.0224585792419328
"M","375","Control",0.0277271176265774
"M","375","Control",0.0228539777851479
"M","375","Control",0.0202509146766609
"M","375","Control",0.0209661371708132
"M","375","Control",0.0205462659875816
"M","375","Control",0.0249430600922558
"M","375","Control",0.0239255545896062
"M","375","Control",0.0223946351455744
"M","375","Control",0.022990584474523
"M","375","Control",0.0245885404237708
"M","375","Control",0.0264596666531465
"M","375","Control",0.023502392355056
"M","375","Control",0.0269696363520404
"M","375","Control",0.0246346147729554
"M","375","Control",0.0264146731944248
"M","375","Control",0.0283993510145328
"M","375","Control",0.0217069574751727
"M","375","Control",0.0266440366400968
"M","375","Control",0.0265147824765069
"M","375","Control",0.024905279961755
"M","375","Control",0.027012733570303
"M","375","Control",0.0247241429198688
"M","375","Control",0.0220498114674991
"M","375","Control",0.0265504431380444
"M","375","Control",0.0264763268604339
"M","375","Control",0.0229798668738145
"M","375","Control",0.0239494851415613
"M","375","Control",0.0262862395814408
"M","375","Control",0.0215393831575952
"M","375","Control",0.0261529832997108
"M","375","Control",0.0230287733978135
"M","375","Control",0.0277537157097883
"M","375","Control",0.0188243065856876
"M","375","Control",0.0240926621641313
"M","375","Control",0.027281508878991
"M","375","Control",0.0257410494022464
"M","375","Control",0.0244119150106567
"M","375","Control",0.0253896263645112
"M","375","Control",0.0229696609506699
"M","375","Control",0.0210731194607505
"M","375","Control",0.0267641491652686
"M","375","Control",0.0236833313565375
"M","375","Control",0.0253672096315411
"M","375","Control",0.0234818631140677
"M","375","Control",0.0207960312190029
"M","375","Control",0.0256423610787445
"M","375","Control",0.0243287945199383
"M","375","Control",0.0254277177597114
"M","375","Control",0.0246836417507481
"M","375","Control",0.0287104159814045
"M","375","Control",0.0280529757227256
"M","375","Control",0.0244884029589296
"M","375","Control",0.0226378766280661
"M","375","Control",0.0251029487494335
"M","375","Control",0.025192906412021
"M","375","Control",0.026783320522521
"M","375","Control",0.0264404041409051
"M","375","Control",0.0228434248499212
"M","375","Control",0.0237810797052015
"M","375","Control",0.0276289182346394
"M","375","Control",0.0261332492349728
"M","375","Control",0.0249015711355913
"M","375","Control",0.0260581472931716
"M","375","Control",0.0174817552701334
"M","375","Control",0.026494477688826
"M","375","Control",0.0306747154587234
"M","375","Control",0.0261808899466814
"M","375","Control",0.0242797779336008
"M","375","Control",0.0252784887882448
"M","375","Control",0.0245597802910392
"M","375","Control",0.0287549537362716
"M","375","Control",0.0242103620504442
"M","375","Control",0.0262014147793502
"M","375","Control",0.0212993370662978
"M","375","Control",0.024913123093112
"M","375","Control",0.023520535117064
"M","375","Control",0.0206676538443207
"M","375","Control",0.0262082177108667
"M","375","Control",0.0235217263945509
"M","375","Control",0.022785546597043
"M","375","Control",0.0213801512522741
"M","375","Control",0.0257094672945267
"M","375","Control",0.0178543400988315
"M","375","Control",0.0197618691200721
"M","375","Control",0.0223230862047457
"M","375","Control",0.0268724257255959
"M","375","Control",0.0277610619562308
"M","375","Control",0.0246285897157856
"M","375","Control",0.0214652164400388
"M","375","Control",0.027314348729428
"M","375","Control",0.022764397785276
"M","375","Control",0.0240756103943096
"M","375","Control",0.0250137422176859
"M","375","Control",0.0220309015110138
"M","375","Control",0.0275444297657478
"M","375","Control",0.0284681774376469
"M","375","Control",0.020675872391791
"M","375","Control",0.0232345754978983
"M","375","Control",0.0288818347471061
"M","375","Control",0.0236636057274215
"M","375","Control",0.0220639715696204
"M","375","Control",0.0233037622057524
"M","375","Control",0.0218884669722613
"M","375","Control",0.0241129627609125
"M","375","Control",0.0227637485091238
"M","375","Control",0.0249561978064066
"M","375","Control",0.0232356200286709
"M","375","Control",0.0278099677124527
"M","375","Control",0.0247145953629707
"M","375","Control",0.0258652195053679
"M","375","Control",0.0207648639458266
"M","375","Control",0.0260541190179738
"M","375","Control",0.0237379895014856
"M","375","Control",0.0250661637543554
"M","375","Control",0.0258939921622732
"M","375","Control",0.0256348605204041
"M","375","Control",0.0163252604207439
"M","375","Control",0.0264603903344715
"M","375","Control",0.0281356418320426
"M","375","Control",0.0252079633591662
"M","375","Control",0.0232324097703469
"M","375","Control",0.0188660675574383
"M","375","Control",0.0231717856162762
"M","375","Control",0.0218613810224048
"M","375","Control",0.0242343336214745
"M","375","Control",0.021011926094503
"M","375","Control",0.0240550739041086
"M","375","Control",0.027631964727408
"M","375","Control",0.0287106513265896
"M","375","Control",0.0241556629123795
"M","375","Control",0.0268789645725658
"M","375","Control",0.0253845923419788
"M","375","Control",0.0219960438947855
"M","375","Control",0.0229218023488433
"M","375","Control",0.0267668325785228
"M","375","Control",0.0250271140800197
"M","375","Control",0.024405982548143
"M","375","Control",0.0233989967328336
"M","375","Control",0.028720215055473
"M","375","Control",0.0271794302385305
"M","375","Control",0.0270411402476515
"M","375","Control",0.0230019464742159
"M","375","Control",0.0203572168252593
"M","375","Control",0.0257453024505701
"M","375","Control",0.0248328974815066
"M","375","Control",0.0247710129756636
"M","375","Control",0.0250494862578763
"M","375","Control",0.0221691144337755
"M","375","Control",0.0247101385253263
"M","375","Control",0.0243652315341049
"M","375","Control",0.0204072515172724
"M","375","Control",0.0237964984656501
"M","375","Control",0.0225897908297965
"M","375","Control",0.0228611773769645
"M","375","Control",0.0216609350846367
"M","375","Control",0.0245519148087971
"M","375","Control",0.0213179559689294
"M","375","Control",0.0212221170101593
"M","375","Control",0.0234120549312648
"M","375","Control",0.0223894542547167
"M","375","Control",0.0250338028968178
"M","375","Control",0.0249713322794532
"M","375","Control",0.0229638993014733
"M","375","Control",0.020975728209291
"M","375","Control",0.0249087290908104
"M","375","Control",0.0266511089708385
"M","375","Control",0.0240305119951793
"M","375","Control",0.028624293824096
"M","375","Control",0.0244769905374853
"M","375","Control",0.0232807614845147
"M","375","Control",0.025744904020094
"M","375","Control",0.0234422979224308
"M","375","Control",0.0231788379712307
"M","375","Control",0.0251353415134972
"M","375","Control",0.020866107434509
"M","375","Control",0.0222275477783841
"M","375","Control",0.0199360299644914
"M","375","Control",0.025463576637605
"M","375","Control",0.0244561081517623
"M","375","Control",0.0226872119316958
"M","375","Control",0.0188732123153478
"M","375","Control",0.0223026706205242
"M","375","Control",0.0242274830893488
"M","375","Control",0.0262497767186571
"M","375","Control",0.0228404035280913
"M","375","Control",0.0251396742665869
"M","375","Control",0.0285988721871599
"M","375","Control",0.0260312050137494
"M","375","Control",0.0239876798297403
"M","375","Control",0.0264390451006261
"M","375","Control",0.0232896919133276
"M","375","Control",0.0198959520087811
"M","375","Control",0.0239740265568342
"M","375","Control",0.0183066665898863
"M","375","Control",0.0275366104227165
"M","375","Control",0.0229297530551527
"M","375","Control",0.0211084999933651
"M","375","Control",0.022861809877082
"M","375","Control",0.0211434268438597
"M","375","Control",0.0280526370398539
"M","375","Control",0.0265945218476682
"M","375","Control",0.0260474576271618
"M","375","Control",0.0256506859772512
"M","375","Control",0.0249991842143324
"M","375","Control",0.0259572683189867
"M","375","Control",0.0254112095901976
"M","375","Control",0.020625705289603
"M","375","Control",0.027765208895524
"M","375","Control",0.0252642084420005
"M","375","Control",0.0233578353300008
"M","375","Control",0.020218701997894
"M","375","Control",0.0205114320558054
"M","375","Control",0.0251967837337689
"M","375","Control",0.0261867282698666
"M","375","Control",0.0230543277041952
"M","375","Control",0.0206908175127005
"M","375","Control",0.0209134322251467
"M","375","Control",0.0232523725418699
"M","375","Control",0.0283156774243348
"M","375","Control",0.0253416039434303
"M","375","Control",0.0252026342640109
"M","375","Control",0.0243744167017848
"M","375","Control",0.0240302700105024
"M","375","Control",0.0240841312403929
"M","375","Control",0.0279118785950144
"M","375","Control",0.0277705832111888
"M","375","Control",0.0208130052055166
"M","375","Control",0.024189872112909
"M","375","Control",0.0214039463833345
"M","375","Control",0.0255310939660125
"M","375","Control",0.0273919643761134
"M","375","Control",0.0254211950787201
"M","375","Control",0.0219719020667321
"M","375","Control",0.0219394109383086
"M","375","Control",0.0273452384657678
"M","375","Control",0.0239035839253085
"M","375","Control",0.0228584283393279
"M","375","Control",0.0254856962000409
"M","375","Control",0.0257499726270863
"M","375","Control",0.0231396042207206
"M","375","Control",0.0243141719178962
"M","375","Control",0.0245226142159381
"M","375","Control",0.0230206649746715
"M","375","Control",0.0248789382857755
"M","375","Control",0.0272414066624575
"M","375","Control",0.0283671881421387
"M","375","Control",0.0273686280692335
"M","375","Control",0.0247142765903216
"M","375","Control",0.0204065776205788
"M","375","Control",0.0242649213449282
"M","375","Control",0.0239402956036938
"M","375","Control",0.0239956435735734
"M","375","Control",0.028278476217333
"M","375","Control",0.0241403225145851
"M","375","Control",0.0271086750842145
"M","375","Control",0.0205870315585615
"M","375","Control",0.0257681676046271
"M","375","Control",0.0227623056533964
"M","375","Control",0.0256102012661859
"M","375","Control",0.0258962336743803
"M","375","Control",0.0242175129215016
"M","375","Control",0.0263305551244272
"M","375","Control",0.0259557871598731
"M","375","Control",0.0277790025378123
"M","375","Control",0.0238584540456426
"M","375","Control",0.0190037086384473
"M","375","Control",0.0256806376653377
"M","375","Control",0.0257299709500775
"M","375","Control",0.0267496795446786
"M","375","Control",0.0268879728200903
"M","375","Control",0.0265082028358675
"M","375","Control",0.023985179357039
"M","375","Control",0.0254373434782392
"M","375","Control",0.019074186367582
"M","375","Control",0.0204138151454099
"M","375","Control",0.0216583486899727
"M","375","Control",0.0256500215577392
"M","375","Control",0.0264868063165526
"M","375","Control",0.0195490046944377
"M","375","Control",0.0235798954948417
"M","375","Control",0.0254699733452811
"M","375","Control",0.026232735822819
"M","375","Control",0.0225062494316316
"M","375","Control",0.0183533500531285
"M","375","Control",0.0249854742331179
"M","375","Control",0.0249420572778881
"M","375","Control",0.0268496840735842
"M","375","Control",0.0260762027923101
"M","375","Control",0.0254071362398855
"M","375","Control",0.0283733546047989
"M","375","Control",0.0204242370387999
"M","375","Control",0.0256538349710006
"M","375","Control",0.0250801457826927
"M","375","Control",0.0264493240854688
"M","375","Control",0.0279497960362712
"M","375","Control",0.0249350959939221
"M","375","Control",0.0243775604706544
"M","375","Control",0.0235419895578334
"M","375","Control",0.0218867040095079
"M","375","Control",0.0244575494887907
"M","375","Control",0.0263076042687233
"M","375","Control",0.0252314792220032
"M","375","Control",0.0248561608519257
"M","375","Control",0.0230000715830842
"M","375","Control",0.0248641741439344
"M","375","Control",0.0258036765402218
"M","375","Control",0.025312860320706
"M","375","Control",0.0235555241039927
"M","375","Control",0.0269633326536658
"M","375","Control",0.0260230663460496
"M","375","Control",0.0237686955549279
"M","375","Control",0.0236835292963039
"M","375","Control",0.0244821334794428
"M","375","Control",0.0247579009843722
"M","375","Control",0.0220800669022001
"M","375","Control",0.0268706599260586
"M","375","Control",0.0244522690980163
"M","375","Control",0.0250088537042656
"M","375","Control",0.0253978675163065
"M","375","Control",0.0252524194777867
"M","375","Control",0.0216257950034912
"M","375","Control",0.0263054957045227
"M","375","Control",0.0257796162171133
"M","375","Control",0.0210638882015406
"M","375","Control",0.0253848811436511
"M","375","Control",0.020553884045564
"M","375","Control",0.0248886449296894
"M","375","Control",0.0235593924324081
"M","375","Control",0.0250261714919946
"M","375","Control",0.0237929769673302
"M","375","Control",0.0231870056927047
"M","375","Control",0.0225689914842319
"M","375","Control",0.0229803887304251
"M","375","Control",0.0252345809360865
"M","375","Control",0.0226429318867673
"M","375","Control",0.0215687244273273
"M","375","Control",0.0276377020075188
"M","375","Control",0.0225728389401612
"M","375","Control",0.0257828104482417
"M","375","Control",0.023736633991485
"M","375","Control",0.0189759251445714
"M","375","Control",0.0278562353717566
"M","375","Control",0.0240479373518013
"M","375","Control",0.0185912087191605
"M","375","Control",0.0264413202943349
"M","375","Control",0.0241819488483103
"M","375","Control",0.0252877287198494
"M","375","Control",0.025473857078674
"M","375","Control",0.0240365007715903
"M","375","Control",0.02070776001448
"M","375","Control",0.0258335554045287
"M","375","Control",0.0252542267856283
"M","375","Control",0.0255282671822781
"M","375","Control",0.0226224299052254
"M","375","Control",0.0249679200334362
"M","375","Control",0.0257647391335798
"M","375","Control",0.0253278946907581
"M","375","Control",0.0235084301391836
"M","375","Control",0.0242002375759929
"M","375","Control",0.0268781933305365
"M","375","Control",0.0250707675234267
"M","375","Control",0.021738260765398
"M","375","Control",0.0209745415137915
"M","375","Control",0.0249796648608535
"M","375","Control",0.0232691259759351
"M","375","Control",0.0243087250087991
"M","375","Control",0.0235395162583066
"M","375","Control",0.0257785252325009
"M","375","Control",0.0243175774253904
"M","375","Control",0.0216664057821758
"M","375","Control",0.0277531092100513
"M","375","Control",0.0269227703900933
"M","375","Control",0.0299153139885165
"M","375","Control",0.02207816472056
"M","375","Control",0.0224568416940498
"M","375","Control",0.0248539089271644
"M","375","Control",0.0249517918976362
"M","375","Control",0.0273863611258893
"M","375","Control",0.0250947406131291
"M","375","Control",0.0201061358738707
"M","375","Control",0.0226203640238992
"M","375","Control",0.0245222973478829
"M","375","Control",0.0280457870649375
"M","375","Control",0.018391060574393
"M","375","Control",0.0262119355562899
"M","375","Control",0.0232773611390308
"M","375","Control",0.023958998587265
"M","375","Control",0.0280622939933731
"M","375","Control",0.0238016237857632
"M","375","Control",0.025285149194599
"M","375","Control",0.0228916795573546
"M","375","Control",0.0251986396217905
"M","375","Control",0.0222224044781399
"M","375","Control",0.0240702636117924
"M","375","Control",0.0225693644773119
"M","375","Control",0.0234978346749855
"M","375","Control",0.027568640443291
"M","375","Control",0.0242474026480915
"M","375","Control",0.0205793498474502
"M","375","Control",0.0292912981483483
"M","375","Control",0.0227385678172183
"M","375","Control",0.0207959613472537
"M","375","Control",0.0238771399431056
"M","375","Control",0.0242571762002268
"M","375","Control",0.0218341731081151
"M","375","Control",0.0237539188745976
"M","375","Control",0.0246924581709413
"M","375","Control",0.0222576130845959
"M","375","Control",0.0261088200757563
"M","375","Control",0.0199506789558923
"M","375","Control",0.0253980515717369
"M","375","Control",0.0256612976464313
"M","375","Control",0.0266700440712583
"M","375","Control",0.0273560041238118
"M","375","Control",0.0244801955390394
"M","375","Control",0.0178913172672808
"M","375","Control",0.0272273790199352
"M","375","Control",0.0243644163971613
"M","375","Control",0.022213161433645
"M","375","Control",0.0247806896566095
"M","375","Rotenone",0.0454729056770352
"M","375","Rotenone",0.0542549229338678
"M","375","Rotenone",0.0667247715212219
"M","375","Rotenone",0.0735982448774514
"M","375","Rotenone",0.0374500529987444
"M","375","Rotenone",0.0514293392264163
"M","375","Rotenone",0.015600409997267
"M","375","Rotenone",0.0580984663175855
"M","375","Rotenone",0.05191116398992
"M","375","Rotenone",0.0321064491707761
"M","375","Rotenone",0.0382076803611197
"M","375","Rotenone",0.0563983587058123
"M","375","Rotenone",0.0484232082563392
"M","375","Rotenone",0.0389107484084965
"M","375","Rotenone",0.0283014641321415
"M","375","Rotenone",0.0450274594417621
"M","375","Rotenone",0.0499780711418132
"M","375","Rotenone",0.0513435612802529
"M","375","Rotenone",0.0180064221987103
"M","375","Rotenone",0.0399789627779671
"M","375","Rotenone",0.0505863725890587
"M","375","Rotenone",0.0176159501824172
"M","375","Rotenone",0.0445609343626244
"M","375","Rotenone",0.044854417165003
"M","375","Rotenone",0.0198939216286782
"M","375","Rotenone",0.0534048964520942
"M","375","Rotenone",0.0181025300610513
"M","375","Rotenone",0.0311920712178606
"M","375","Rotenone",0.037267035226928
"M","375","Rotenone",0.0502338400490679
"M","375","Rotenone",0.0294651877920437
"M","375","Rotenone",0.0292997571198345
"M","375","Rotenone",0.0312661480969763
"M","375","Rotenone",0.0312033115145348
"M","375","Rotenone",0.0302555497105236
"M","375","Rotenone",0.0685337359483571
"M","375","Rotenone",0.0464588444877274
"M","375","Rotenone",0.0512990788380697
"M","375","Rotenone",0.0562438607703743
"M","375","Rotenone",0.0369972292070591
"M","375","Rotenone",0.049093849071592
"M","375","Rotenone",0.0628008229293826
"M","375","Rotenone",0.0489614368891695
"M","375","Rotenone",0.0403611266532055
"M","375","Rotenone",0.0190323191984022
"M","375","Rotenone",0.0441824315490032
"M","375","Rotenone",0.055743841637418
"M","375","Rotenone",0.0539111930664875
"M","375","Rotenone",0.0443430792958174
"M","375","Rotenone",0.0561990884691451
"M","375","Rotenone",0.0399242030375539
"M","375","Rotenone",0.0149209139183918
"M","375","Rotenone",0.0494233935560352
"M","375","Rotenone",0.0369776335625156
"M","375","Rotenone",0.028791148524859
"M","375","Rotenone",0.0552173835970234
"M","375","Rotenone",0.0436518135316299
"M","375","Rotenone",0.0489096794376837
"M","375","Rotenone",0.0595419531321161
"M","375","Rotenone",0.0498051319562793
"M","375","Rotenone",0.0207101530993068
"M","375","Rotenone",0.0316286656626975
"M","375","Rotenone",0.0212337769977914
"M","375","Rotenone",0.0447856135885963
"M","375","Rotenone",0.0320824472892468
"M","375","Rotenone",0.0505074640093068
"M","375","Rotenone",0.0302362274164527
"M","375","Rotenone",0.0693345921894307
"M","375","Rotenone",0.0366591859318742
"M","375","Rotenone",0.020278413048336
"M","375","Rotenone",0.0438785115226621
"M","375","Rotenone",0.0449459127593788
"M","375","Rotenone",0.0591318542701498
"M","375","Rotenone",0.0436269234374155
"M","375","Rotenone",0.0318144215131094
"M","375","Rotenone",0.036771001044251
"M","375","Rotenone",0.0381356463756845
"M","375","Rotenone",0.0185125922136155
"M","375","Rotenone",0.0378056238275155
"M","375","Rotenone",0.0455398162278394
"M","375","Rotenone",0.0322397528510177
"M","375","Rotenone",0.0441929092614622
"M","375","Rotenone",0.0164751485738803
"M","375","Rotenone",0.0307817303014251
"M","375","Rotenone",0.0174244989801117
"M","375","Rotenone",0.0305816374288964
"M","375","Rotenone",0.0543153219659984
"M","375","Rotenone",0.0302237752793305
"M","375","Rotenone",0.0434035013085543
"M","375","Rotenone",0.0556336658031513
"M","375","Rotenone",0.039417144147285
"M","375","Rotenone",0.0361272115320015
"M","375","Rotenone",0.06232820512256
"M","375","Rotenone",0.0193785759021949
"M","375","Rotenone",0.0621931232357828
"M","375","Rotenone",0.0364080565398691
"M","375","Rotenone",0.063186391274748
"M","375","Rotenone",0.0504770427539794
"M","375","Rotenone",0.0649892088327856
"M","375","Rotenone",0.0621051308516916
"M","375","Rotenone",0.0374819223849561
"M","375","Rotenone",0.0550687189874729
"M","375","Rotenone",0.0447097365183604
"M","375","Rotenone",0.0583895595417109
"M","375","Rotenone",0.0384400376594339
"M","375","Rotenone",0.030218959972551
"M","375","Rotenone",0.0368843503115454
"M","375","Rotenone",0.0367362919866915
"M","375","Rotenone",0.0613268571887656
"M","375","Rotenone",0.0392661236645229
"M","375","Rotenone",0.0575489751049087
"M","375","Rotenone",0.0391814160382815
"M","375","Rotenone",0.0545000353421505
"M","375","Rotenone",0.0394836890079282
"M","375","Rotenone",0.0549318024750833
"M","375","Rotenone",0.0504767139318412
"M","375","Rotenone",0.0289333465821962
"M","375","Rotenone",0.0435306906033574
"M","375","Rotenone",0.0392618273697114
"M","375","Rotenone",0.0578130787538355
"M","375","Rotenone",0.049827450712048
"M","375","Rotenone",0.0458968007158088
"M","375","Rotenone",0.054430333183023
"M","375","Rotenone",0.0588252752133516
"M","375","Rotenone",0.0484784223239974
"M","375","Rotenone",0.0179377148834233
"M","375","Rotenone",0.0490517810826957
"M","375","Rotenone",0.0384548352150861
"M","375","Rotenone",0.0385020003830409
"M","375","Rotenone",0.0142851050733695
"M","375","Rotenone",0.0273202038634837
"M","375","Rotenone",0.0432503349340769
"M","375","Rotenone",0.0534705972966888
"M","375","Rotenone",0.0562376571803463
"M","375","Rotenone",0.0443873674888997
"M","375","Rotenone",0.0509325072861306
"M","375","Rotenone",0.0654004925045173
"M","375","Rotenone",0.043709929420597
"M","375","Rotenone",0.0518144521146488
"M","375","Rotenone",0.029915857172285
"M","375","Rotenone",0.0371816897638426
"M","375","Rotenone",0.021461477368905
"M","375","Rotenone",0.0426330572248847
"M","375","Rotenone",0.0456114402369014
"M","375","Rotenone",0.0550459362152235
"M","375","Rotenone",0.0390140836339995
"M","375","Rotenone",0.0394144330657877
"M","375","Rotenone",0.0389172546958168
"M","375","Rotenone",0.0489527692797465
"M","375","Rotenone",0.0274520514464333
"M","375","Rotenone",0.0639588886626117
"M","375","Rotenone",0.0446306073904974
"M","375","Rotenone",0.0149418262836069
"M","375","Rotenone",0.0374420199719306
"M","375","Rotenone",0.0445050268168122
"M","375","Rotenone",0.0289246067535292
"M","375","Rotenone",0.0451891244804465
"M","375","Rotenone",0.0438249037528401
"M","375","Rotenone",0.0596980825778361
"M","375","Rotenone",0.0585477015560387
"M","375","Rotenone",0.0393325682076999
"M","375","Rotenone",0.0383688362608175
"M","375","Rotenone",0.0450947000645869
"M","375","Rotenone",0.0564639188297731
"M","375","Rotenone",0.0185065253511185
"M","375","Rotenone",0.0201856242098647
"M","375","Rotenone",0.0390262086144512
"M","375","Rotenone",0.0388008591261728
"M","375","Rotenone",0.0396275893105226
"M","375","Rotenone",0.0307452761184908
"M","375","Rotenone",0.0532822753424055
"M","375","Rotenone",0.0367103811230703
"M","375","Rotenone",0.0552011909047492
"M","375","Rotenone",0.0137063017577867
"M","375","Rotenone",0.0296996251434215
"M","375","Rotenone",0.0465366987099115
"M","375","Rotenone",0.0293583685429865
"M","375","Rotenone",0.0305316355829798
"M","375","Rotenone",0.044366313232229
"M","375","Rotenone",0.0177880252553743
"M","375","Rotenone",0.0294428383003463
"M","375","Rotenone",0.0389540584916311
"M","375","Rotenone",0.0297719013885983
"M","375","Rotenone",0.0506287612765948
"M","375","Rotenone",0.0443566125633887
"M","375","Rotenone",0.0370789377071807
"M","375","Rotenone",0.0134707127723739
"M","375","Rotenone",0.0375066061515325
"M","375","Rotenone",0.0719732785114006
"M","375","Rotenone",0.048624146543964
"M","375","Rotenone",0.014883680967466
"M","375","Rotenone",0.0292639646870935
"M","375","Rotenone",0.0371437563064277
"M","375","Rotenone",0.0594832702162475
"M","375","Rotenone",0.0376990287703339
"M","375","Rotenone",0.0289951114647552
"M","375","Rotenone",0.0586390938984787
"M","375","Rotenone",0.0299881743291271
"M","375","Rotenone",0.0290349217983372
"M","375","Rotenone",0.0202693632508423
"M","375","Rotenone",0.018379341614325
"M","375","Rotenone",0.06052183841287
"M","375","Rotenone",0.0381637945134378
"M","375","Rotenone",0.0502029808146906
"M","375","Rotenone",0.0439004373548074
"M","375","Rotenone",0.0384426934233631
"M","375","Rotenone",0.0499216486408656
"M","375","Rotenone",0.0484390842153005
"M","375","Rotenone",0.0225957554430689
"M","375","Rotenone",0.0377063235950841
"M","375","Rotenone",0.0378033231787734
"M","375","Rotenone",0.0383743736899731
"M","375","Rotenone",0.029581418858659
"M","375","Rotenone",0.052622667784354
"M","375","Rotenone",0.0379280107449484
"M","375","Rotenone",0.0380991033073282
"M","375","Rotenone",0.0311995762856322
"M","375","Rotenone",0.0524465086883864
"M","375","Rotenone",0.0363099220239763
"M","375","Rotenone",0.0176186222248895
"M","375","Rotenone",0.0555916909299011
"M","375","Rotenone",0.0451935999177123
"M","375","Rotenone",0.0549552209661885
"M","375","Rotenone",0.0160739479285795
"M","375","Rotenone",0.0545965852769329
"M","375","Rotenone",0.0540792332879228
"M","375","Rotenone",0.0445971492353416
"M","375","Rotenone",0.0553145761016145
"M","375","Rotenone",0.0430668593294839
"M","375","Rotenone",0.0538610583944881
"M","375","Rotenone",0.0399892152822317
"M","375","Rotenone",0.0306421301792138
"M","375","Rotenone",0.0183228257242982
"M","375","Rotenone",0.0685576679104765
"M","375","Rotenone",0.0384137911839206
"M","375","Rotenone",0.038904018077931
"M","375","Rotenone",0.035860497109881
"M","375","Rotenone",0.0582858243137436
"M","375","Rotenone",0.0453201896935608
"M","375","Rotenone",0.0557579999424111
"M","375","Rotenone",0.0174364346057272
"M","375","Rotenone",0.0427377609353636
"M","375","Rotenone",0.0655571297638156
"M","375","Rotenone",0.0293334879730717
"M","375","Rotenone",0.0552471449617953
"M","375","Rotenone",0.0187591576169775
"M","375","Rotenone",0.0426708754822581
"M","375","Rotenone",0.0312748858081943
"M","375","Rotenone",0.0322781695984528
"M","375","Rotenone",0.0322207232838619
"M","375","Rotenone",0.0629121258665832
"M","375","Rotenone",0.0552283633720899
"M","375","Rotenone",0.054946689643362
"M","375","Rotenone",0.0202381462052234
"M","375","Rotenone",0.0204763087598131
"M","375","Rotenone",0.043394052274817
"M","375","Rotenone",0.0506799991871524
"M","375","Rotenone",0.0527544682253287
"M","375","Rotenone",0.0374323121876745
"M","375","Rotenone",0.0194513141928287
"M","375","Rotenone",0.0292757782138615
"M","375","Rotenone",0.0380604545530936
"M","375","Rotenone",0.0385180204764746
"M","375","Rotenone",0.0440004620386484
"M","375","Rotenone",0.0450461940715157
"M","375","Rotenone",0.0441239103219148
"M","375","Rotenone",0.0392181282360523
"M","375","Rotenone",0.0185589107424161
"M","375","Rotenone",0.0330159517207539
"M","375","Rotenone",0.0513089007400061
"M","375","Rotenone",0.051061192811471
"M","375","Rotenone",0.037274586874634
"M","375","Rotenone",0.0182747472304718
"M","375","Rotenone",0.0451182851958186
"M","375","Rotenone",0.054596284046466
"M","375","Rotenone",0.0450284703486163
"M","375","Rotenone",0.0623586884792933
"M","375","Rotenone",0.0171420353516265
"M","375","Rotenone",0.0465385566491534
"M","375","Rotenone",0.0291042596922307
"M","375","Rotenone",0.0542662208472202
"M","375","Rotenone",0.0383622638636601
"M","375","Rotenone",0.0587801724892689
"M","375","Rotenone",0.0543356525472068
"M","375","Rotenone",0.0378042352286289
"M","375","Rotenone",0.0308886970637633
"M","375","Rotenone",0.0373294093754833
"M","375","Rotenone",0.0178529703930398
"M","375","Rotenone",0.0371097368750949
"M","375","Rotenone",0.0188004083789794
"M","375","Rotenone",0.040308207281517
"M","375","Rotenone",0.0568632644750765
"M","375","Rotenone",0.0310674516658183
"M","375","Rotenone",0.0316543563399568
"M","375","Rotenone",0.0372473995067996
"M","375","Rotenone",0.0287338851721933
"M","375","Rotenone",0.0370638307700415
"M","375","Rotenone",0.0497951078757667
"M","375","Rotenone",0.0129369781781199
"M","375","Rotenone",0.0317855636471936
"M","375","Rotenone",0.0393653117281876
"M","375","Rotenone",0.0565118845671119
"M","375","Rotenone",0.0295433914752712
"M","375","Rotenone",0.063754880954981
"M","375","Rotenone",0.0400899964217352
"M","375","Rotenone",0.053351604356362
"M","375","Rotenone",0.0289739731049287
"M","375","Rotenone",0.019898479182059
"M","375","Rotenone",0.0180976253985363
"M","375","Rotenone",0.0554520418304429
"M","375","Rotenone",0.0192472010934132
"M","375","Rotenone",0.053055586137532
"M","375","Rotenone",0.0152913933076094
"M","375","Rotenone",0.017555800555393
"M","375","Rotenone",0.0371838617117185
"M","375","Rotenone",0.028916886937132
"M","375","Rotenone",0.0170602527262373
"M","375","Rotenone",0.0622294289135355
"M","375","Rotenone",0.0622732171758684
"M","375","Rotenone",0.0379824732174524
"M","375","Rotenone",0.0191022609103783
"M","375","Rotenone",0.0206439044931168
"M","375","Rotenone",0.0495978173047326
"M","375","Rotenone",0.0490495215489979
"M","375","Rotenone",0.055731925488634
"M","375","Rotenone",0.0485443933746483
"M","375","Rotenone",0.0470020716873889
"M","375","Rotenone",0.0617368056857818
"M","375","Rotenone",0.0507279923940714
"M","375","Rotenone",0.0458084034044601
"M","375","Rotenone",0.0622929566602199
"M","375","Rotenone",0.0192301569347525
"M","375","Rotenone",0.0490988372844843
"M","375","Rotenone",0.0378355159091718
"M","375","Rotenone",0.0154566443699315
"M","375","Rotenone",0.0492129952363419
"M","375","Rotenone",0.0190103632217271
"M","375","Rotenone",0.0145781007652284
"M","375","Rotenone",0.0385479893645448
"M","375","Rotenone",0.0468780801259659
"M","375","Rotenone",0.060058294727184
"M","375","Rotenone",0.051330082244505
"M","375","Rotenone",0.0181931722156254
"M","375","Rotenone",0.0443896044151281
"M","375","Rotenone",0.0225528231320329
"M","375","Rotenone",0.0189625643210401
"M","375","Rotenone",0.0375097597747627
"M","375","Rotenone",0.0440702325642088
"M","375","Rotenone",0.0580276251272693
"M","375","Rotenone",0.0447179442027619
"M","375","Rotenone",0.0440465744271998
"M","375","Rotenone",0.0555300446598769
"M","375","Rotenone",0.0452793054470734
"M","375","Rotenone",0.030284271427145
"M","375","Rotenone",0.0287485722969252
"M","375","Rotenone",0.0383331212089617
"M","375","Rotenone",0.0457050500882131
"M","375","Rotenone",0.0366213722628576
"M","375","Rotenone",0.0558327532141468
"M","375","Rotenone",0.0492394074039024
"M","375","Rotenone",0.0683350101563769
"M","375","Rotenone",0.0438465717569311
"M","375","Rotenone",0.0510783721466535
"M","375","Rotenone",0.0489914462942899
"M","375","Rotenone",0.049164431382525
"M","375","Rotenone",0.0669931649586112
"M","375","Rotenone",0.0390648181312726
"M","375","Rotenone",0.0432157142972031
"M","375","Rotenone",0.0655462508789515
"M","375","Rotenone",0.0528669614889839
"M","375","Rotenone",0.030459028321935
"M","375","Rotenone",0.049954073711405
"M","375","Rotenone",0.0448603740043205
"M","375","Rotenone",0.0478708535802426
"M","375","Rotenone",0.0391712122879076
"M","375","Rotenone",0.0468451829712416
"M","375","Rotenone",0.0365964884009816
"M","375","Rotenone",0.0384500470738827
"M","375","Rotenone",0.0601972705734884
"M","375","Rotenone",0.0435135793929093
"M","375","Rotenone",0.0221217153581117
"M","375","Rotenone",0.0301162402574444
"M","375","Rotenone",0.0499111390658681
"M","375","Rotenone",0.0622676444116896
"M","375","Rotenone",0.0495021075754954
"M","375","Rotenone",0.0393437110944704
"M","375","Rotenone",0.0448370639029547
"M","375","Rotenone",0.0445544250170592
"M","375","Rotenone",0.0487860455187364
"M","375","Rotenone",0.0502079392245506
"M","375","Rotenone",0.0453897970505781
"M","375","Rotenone",0.0301367461786641
"M","375","Rotenone",0.0368689752042436
"M","375","Rotenone",0.0514095380614906
"M","375","Rotenone",0.0435165576051456
"M","375","Rotenone",0.055126977254724
"M","375","Rotenone",0.0167555281452368
"M","375","Rotenone",0.0605195362032191
"M","375","Rotenone",0.038671081042133
"M","375","Rotenone",0.048866890263765
"M","375","Rotenone",0.0474616881156967
"M","375","Rotenone",0.0561334873338152
"M","375","Rotenone",0.0430779826900298
"M","375","Rotenone",0.0571902543161701
"M","375","Rotenone",0.0209363723190481
"M","375","Rotenone",0.0456597570374383
"M","375","Rotenone",0.0197140727734752
"M","375","Rotenone",0.0492124889470097
"M","375","Rotenone",0.0381105532804459
"M","375","Rotenone",0.0508605191969778
"M","375","Rotenone",0.0493219233991239
"M","375","Rotenone",0.01830639905954
"M","375","Rotenone",0.0521846801330733
"M","375","Rotenone",0.0382032757278838
"M","375","Rotenone",0.0173995606207468
"M","375","Rotenone",0.0670329185137472
"M","375","Rotenone",0.0388489141649722
"M","375","Rotenone",0.038809663186892
"M","375","Rotenone",0.0478099834247627
"M","375","Rotenone",0.0445419718119143
"M","375","Rotenone",0.0190984362916827
"M","375","Rotenone",0.0514200909208865
"M","375","Rotenone",0.0558764856131645
"M","375","Rotenone",0.0200487164384874
"M","375","Rotenone",0.0451532902031628
"M","375","Rotenone",0.0547820452064008
"M","375","Rotenone",0.0538104683203657
"M","375","Rotenone",0.0319067075928359
"M","375","Rotenone",0.0295179652278376
"M","375","Rotenone",0.0446941769182562
"M","375","Rotenone",0.0376630400914858
"M","375","Rotenone",0.039571598079437
"M","375","Rotenone",0.0293482262761494
"M","375","Rotenone",0.0500211658718622
"M","375","Rotenone",0.037667676971289
"M","375","Rotenone",0.0553878435116233
"M","375","Rotenone",0.0369293885015454
"M","375","Rotenone",0.0682866582411129
"M","375","Rotenone",0.0486994749409317
"M","375","Rotenone",0.0298528271299367
"M","375","Rotenone",0.0312987510321968
"M","375","Rotenone",0.0276317729077273
"M","375","Rotenone",0.0389231107357978
"M","375","Rotenone",0.0623224631616546
"M","375","Rotenone",0.0618709784521574
"M","375","Rotenone",0.0393458374192956
"M","375","Rotenone",0.0177332810996402
"M","375","Rotenone",0.0645605226642085
"M","375","Rotenone",0.0207886345807217
"M","375","Rotenone",0.0295365475665979
"M","375","Rotenone",0.0374173265185569
"M","375","Rotenone",0.0332795693513209
"M","375","Rotenone",0.0586095195858969
"M","375","Rotenone",0.0181807462563435
"M","375","Rotenone",0.0377745231473195
"M","375","Rotenone",0.0660716831805741
"M","375","Rotenone",0.0578362211637724
"M","375","Rotenone",0.0395601953722614
"M","375","Rotenone",0.0283250667842667
"M","375","Rotenone",0.0287770873470972
"M","375","Rotenone",0.0381929966778985
"M","375","Rotenone",0.0381334175482052
"M","375","Rotenone",0.0447681288765816
"M","375","Rotenone",0.0581872054511289
"M","375","Rotenone",0.0137611598538958
"M","375","Rotenone",0.0453668005638033
"M","375","Rotenone",0.0400364011004046
"M","375","Rotenone",0.049489014199325
"M","375","Rotenone",0.0390203431109574
"M","375","Rotenone",0.0489688850619521
"M","375","Rotenone",0.021402040584688
"M","375","Rotenone",0.0393646081683408
"M","375","Rotenone",0.0437467242716615
"M","375","Rotenone",0.0382810992148592
"M","375","Rotenone",0.0195532461390176
"M","375","Rotenone",0.0321582296728144
"M","375","Rotenone",0.0504344851131581
"M","375","Rotenone",0.0162529423468801
"M","375","Rotenone",0.0656813640107596
"M","375","Rotenone",0.028908488875933
"M","375","Rotenone",0.0377148245425409
"M","375","Rotenone",0.0502906428652738
"M","375","Rotenone",0.0214354904237633
"M","375","Rotenone",0.0386711581901284
"M","375","Rotenone",0.0496726014700821
"M","375","Rotenone",0.0199377234537042
"M","375","Rotenone",0.0518522429159179
"M","375","Rotenone",0.0558465348753905
"M","375","Rotenone",0.0394596338205024
"M","375","Rotenone",0.0443393448044812
"M","375","Rotenone",0.0597580295964474
"M","375","Rotenone",0.0543169447188918
"M","375","Rotenone",0.0597793917246668
"M","375","Rotenone",0.0453562708383206
"M","375","Rotenone",0.0595825532629708
"M","375","Rotenone",0.0589421140007329
"M","375","Rotenone",0.0499789475070483
"M","375","Rotenone",0.0451002474078393
"M","375","Rotenone",0.0444275946321473
"M","375","Rotenone",0.0539242545688294
"M","375","Rotenone",0.0575572592747636
"M","375","Rotenone",0.0384920917746456
"M","375","Rotenone",0.0664604402207807
"M","375","Rotenone",0.0440165514327386
"M","375","Rotenone",0.0284179574907282
"M","375","Rotenone",0.0442312384356869
"M","375","Rotenone",0.0696285470503114
"M","375","Rotenone",0.0563060872857992
"M","375","Rotenone",0.0454620984799167
"M","375","Rotenone",0.0496122027423115
"M","375","Rotenone",0.0436381816502654
"M","375","Rotenone",0.0506055721281337
"M","375","Rotenone",0.0291820005532649
"M","375","Rotenone",0.0422864806637288
"M","375","Rotenone",0.0447105008086119
"M","375","Rotenone",0.0513891357431706
"M","375","Rotenone",0.038325273982713
"M","375","Rotenone",0.0599117273869864
"M","375","Rotenone",0.049434349387518
"M","375","Rotenone",0.0437021823490915
"M","375","Rotenone",0.0393629136974719
"M","375","Rotenone",0.0400456427274657
"M","375","Rotenone",0.0311591942305509
"M","375","Rotenone",0.0451515398107424
"M","375","Rotenone",0.050682104860608
"M","375","Rotenone",0.0203075575419311
"M","375","Rotenone",0.0202622556361425
"M","375","Rotenone",0.0475743819195882
"M","375","Rotenone",0.0643905477745487
"M","375","Rotenone",0.0515257901246734
"M","375","Rotenone",0.0503380424773516
"M","375","Rotenone",0.0185556537918352
"M","375","Rotenone",0.0514227080896964
"M","375","Rotenone",0.0582410492741026
"M","375","Rotenone",0.0367587795617346
"M","375","Rotenone",0.0544369265116768
"M","375","Rotenone",0.0282035350089576
"M","375","Rotenone",0.0386237394540504
"M","375","Rotenone",0.0192986749019832
"M","375","Rotenone",0.029958182482234
"M","375","Rotenone",0.0462022726782546
"M","375","Rotenone",0.029408888917785
"M","375","Rotenone",0.0588783866256746
"M","375","Rotenone",0.0552955417041363
"M","375","Rotenone",0.0298624619748413
"M","375","Rotenone",0.0382385273143206
"M","375","Rotenone",0.0441456431811671
"M","375","Rotenone",0.0488153810184024
"M","375","Rotenone",0.0213761142640557
"M","375","Rotenone",0.0587991182403657
"M","375","Rotenone",0.0314051928886637
"M","375","Rotenone",0.017623962471893
"M","375","Rotenone",0.0577011404460042
"M","375","Rotenone",0.0444701084502598
"M","375","Rotenone",0.0402114411589861
"M","375","Rotenone",0.0439490660125571
"M","375","Rotenone",0.0395512750229458
"M","375","Rotenone",0.0203261730309691
"M","375","Rotenone",0.0386238050996579
"M","375","Rotenone",0.0624582716729253
"M","375","Rotenone",0.0521678042949919
"M","375","Rotenone",0.0586550360187417
"M","375","Rotenone",0.0386615239341182
"M","375","Rotenone",0.038286781020652
"M","375","Rotenone",0.0597901707904016
"M","375","Rotenone",0.050841509381099
"M","375","Rotenone",0.0379928196793587
"M","375","Rotenone",0.0488414399994097
"M","375","Rotenone",0.0591966106804882
"M","375","Rotenone",0.0299456817288767
"M","375","Rotenone",0.0399339816930038
"M","375","Rotenone",0.0582235597093122
"M","375","Rotenone",0.0620556552994749
"M","375","Rotenone",0.0599085406057175
"M","375","Rotenone",0.0517174706219976
"M","375","Rotenone",0.0168663021970153
"M","375","Rotenone",0.0195561209401111
"M","375","Rotenone",0.0493512602955646
"M","375","Rotenone",0.0609378549184234
"M","375","Rotenone",0.0537079714362807
"M","375","Rotenone",0.0293352810166411
"M","375","Rotenone",0.0571179069674892
"M","375","Rotenone",0.0551750737445386
"M","375","Rotenone",0.0381960172665646
"M","375","Rotenone",0.0449210644677024
"M","375","Rotenone",0.0450328153364526
"M","375","Rotenone",0.0506262488789787
"M","375","Rotenone",0.0403291971790178
"M","375","Rotenone",0.0401113061330073
"M","375","Rotenone",0.0443229256262575
"M","375","Rotenone",0.0321052525628908
"M","375","Rotenone",0.0434265721850044
"M","375","Rotenone",0.0470890013364221
"M","375","Rotenone",0.0445607209952305
"M","375","Rotenone",0.0439098353514681
"M","375","Rotenone",0.0576865927575486
"M","375","Rotenone",0.0505301217256022
"M","375","Rotenone",0.0516445116988788
"M","375","Rotenone",0.0551901465090184
"M","375","Rotenone",0.0538375672489921
"M","375","Rotenone",0.0409412061766586
"M","375","Rotenone",0.0300420004653431
"M","375","Rotenone",0.0364850959102845
"M","375","Rotenone",0.0505573478564945
"M","375","Rotenone",0.0304685465189492
"M","375","Rotenone",0.0383279859965234
"M","375","Rotenone",0.0503809307546122
"M","375","Rotenone",0.0488708252152902
"M","375","Rotenone",0.0414807004424435
"M","375","Rotenone",0.0584761183998102
"M","375","Rotenone",0.0642317833306361
"M","375","Rotenone",0.0558447977623325
"M","375","Rotenone",0.04450469586809
"M","375","Rotenone",0.0175243118232864
"M","375","Rotenone",0.0528606949962677
"M","375","Rotenone",0.0643217588836438
"M","375","Rotenone",0.0304743629652883
"M","375","Rotenone",0.0441396402621324
"M","375","Rotenone",0.0376807397358556
"M","375","Rotenone",0.0396380434032441
"M","375","Rotenone",0.0187496958317538
"M","375","Rotenone",0.0318277260234543
"M","375","Rotenone",0.019591655316659
"M","375","Rotenone",0.0276555376286299
"M","375","Rotenone",0.0505624066276832
"M","375","Rotenone",0.0453579076886419
"M","375","Rotenone",0.0382957516972855
"M","375","Rotenone",0.0381191807896324
"M","375","Rotenone",0.0462376046512262
"M","375","Rotenone",0.0401001830920404
"M","375","Rotenone",0.037066211980082
"M","375","Rotenone",0.0448308737531527
"M","375","Rotenone",0.043934825867607
"M","375","Rotenone",0.0434757782109595
"M","375","Rotenone",0.0456584512418409
"M","375","Rotenone",0.0312411020124698
"M","375","Rotenone",0.0441099230829043
"M","375","Rotenone",0.05022492026513
"M","375","Rotenone",0.0306328049494064
"M","375","Rotenone",0.0365899751863174
"M","375","Rotenone",0.0569858860187528
"M","375","Rotenone",0.0503951555202519
"M","375","Rotenone",0.0458506542321047
"M","375","Rotenone",0.0192173114417665
"M","375","Rotenone",0.0509831699317971
"M","375","Rotenone",0.0461096856744993
"M","375","Rotenone",0.0436281028923995
"M","375","Rotenone",0.0295620521392812
"M","375","Rotenone",0.0444582444092481
"M","375","Rotenone",0.0505122299328764
"M","375","Rotenone",0.0400322235160235
"M","375","Rotenone",0.032680031819283
"M","375","Rotenone",0.0137973295659077
"M","375","Rotenone",0.0579911697241431
"M","375","Rotenone",0.036920622424349
"M","375","Rotenone",0.0503084812908437
"M","375","Rotenone",0.0451141301061944
"M","375","Rotenone",0.0580076764165309
"M","375","Rotenone",0.0279329918723866
"M","375","Rotenone",0.0548608911103256
"M","375","Rotenone",0.0503306822656086
"M","375","Rotenone",0.0325623935663358
"M","375","Rotenone",0.025094748577209
"M","375","Rotenone",0.0601227382300475
"M","375","Rotenone",0.026963009587717
"M","375","Rotenone",0.016814581377976
"M","375","Rotenone",0.039595138546837
"M","375","Rotenone",0.019431834130708
"M","375","Rotenone",0.0182891942104612
"M","375","Rotenone",0.0170952407231131
"M","375","Rotenone",0.0507773983523328
"M","375","Rotenone",0.0224631332631018
"M","375","Rotenone",0.0288518496153195
"M","375","Rotenone",0.0209094275595352
"M","375","Rotenone",0.064561275813979
"M","375","Rotenone",0.0378141690414956
"M","375","Rotenone",0.0551942939729348
"M","375","Rotenone",0.0333031459742122
"M","375","Rotenone",0.0164995152112293
"M","375","Rotenone",0.0602191074211438
"M","375","Rotenone",0.0489038849614944
"M","375","Rotenone",0.0377650906944023
"M","375","Rotenone",0.0172646850391208
"M","375","Rotenone",0.0638185967967015
"M","375","Rotenone",0.0367213578339527
"M","375","Rotenone",0.0560221330638642
"M","375","Rotenone",0.0617632163320646
"M","375","Rotenone",0.0495376149550187
"M","375","Rotenone",0.037972097243063
"M","375","Rotenone",0.0559760517093148
"M","375","Rotenone",0.020975370744452
"M","375","Rotenone",0.0368463320321528
"M","375","Rotenone",0.0448458932085368
"M","375","Rotenone",0.0380218554087031
"M","375","Rotenone",0.0495471334271198
"M","375","Rotenone",0.0599151196377651
"M","375","Rotenone",0.0380780623833172
"M","375","Rotenone",0.0589561287241629
"M","375","Rotenone",0.0378299235038053
"M","375","Rotenone",0.0372364136261307
"M","375","Rotenone",0.0367067378545017
"M","375","Rotenone",0.0423148661416364
"M","375","Rotenone",0.0289398679486648
"M","375","Rotenone",0.0485129134886136
"M","375","Rotenone",0.0306648619624387
"M","375","Rotenone",0.0291530169055355
"M","375","Rotenone",0.0453579391239123
"M","375","Rotenone",0.0324697898064676
"M","375","Rotenone",0.0508588765315064
"M","375","Rotenone",0.0636147701865411
"M","375","Rotenone",0.0194894787546262
"M","375","Rotenone",0.0440239156962037
"M","375","Rotenone",0.0385084628127629
"M","375","Rotenone",0.0450242975006394
"M","375","Rotenone",0.0490468183920883
"M","375","Rotenone",0.0529889747903089
"M","375","Rotenone",0.0613035253281955
"M","375","Rotenone",0.0363016603160333
"M","375","Rotenone",0.0292630684083474
"M","375","Rotenone",0.0385248395572986
"M","375","Rotenone",0.0371893657518554
"M","375","Rotenone",0.0531188410786478
"M","375","Rotenone",0.0461322683436627
"M","375","Rotenone",0.0445772609309742
"M","375","Rotenone",0.0481838754130392
"M","375","Rotenone",0.042127601324797
"M","375","Rotenone",0.0390608968698464
"M","375","Rotenone",0.0166765679759097
"M","375","Rotenone",0.0297169567458604
"M","375","Rotenone",0.0495407455092831
"M","375","Rotenone",0.0384815153026916
"M","375","Rotenone",0.044907915685669
"M","375","Rotenone",0.0174839894173598
"M","375","Rotenone",0.0299026944768757
"M","375","Rotenone",0.0503668537945593
"M","375","Rotenone",0.0504709056071333
"M","375","Rotenone",0.0448483958684602
"M","375","Rotenone",0.0388168656224426
"M","375","Rotenone",0.0374823378411117
"M","375","Rotenone",0.062878566906682
"M","375","Rotenone",0.0161755449273896
"M","375","Rotenone",0.0655181162927189
"M","375","Rotenone",0.0190613987334653
"M","375","Rotenone",0.0603371946068374
"M","375","Rotenone",0.0433275247966927
"M","375","Rotenone",0.0324204391688968
"M","375","Rotenone",0.037124311463197
"M","375","Rotenone",0.0620954566779491
"M","375","Rotenone",0.062869220480184
"M","375","Rotenone",0.0541694077750548
"M","375","Rotenone",0.0547462603330647
"M","375","Rotenone",0.0387157122349703
"M","375","Rotenone",0.0646877556622374
"M","375","Rotenone",0.0166645272733017
"M","375","Rotenone",0.0388854633766291
"M","375","Rotenone",0.03936514672335
"M","375","Rotenone",0.0380096795373463
"M","375","Rotenone",0.0616464879937157
"M","375","Rotenone",0.0438592165558502
"M","375","Rotenone",0.0299827935632045
"M","375","Rotenone",0.0322899062631497
"M","375","Rotenone",0.0331718477601437
"M","375","Rotenone",0.0435613602185049
"M","375","Rotenone",0.029488798449773
"M","375","Rotenone",0.0446603010052989
"M","375","Rotenone",0.0391321010614157
"M","375","Rotenone",0.0159572314315363
"M","375","Rotenone",0.030222488539682
"M","375","Rotenone",0.0511350881155321
"M","375","Rotenone",0.0286241092331197
"M","375","Rotenone",0.0502821159553514
"M","375","Rotenone",0.0546514294384415
"M","375","Rotenone",0.0385987077399045
"M","375","Rotenone",0.0508949158659587
"M","375","Rotenone",0.0172658970750945
"M","375","Rotenone",0.0485996054868007
"M","375","Rotenone",0.0438187802014642
"M","375","Rotenone",0.0496281048959726
"M","375","Rotenone",0.0442197190764653
"M","375","Rotenone",0.0443206284136494
"M","375","Rotenone",0.0450213352845424
"M","375","Rotenone",0.0196832915432984
"M","375","Rotenone",0.0580614858506822
"M","375","Rotenone",0.0327931780674853
"M","375","Rotenone",0.0371954600186018
"M","375","Rotenone",0.0608255728861645
"M","375","Rotenone",0.0534345461842106
"M","375","Rotenone",0.0452255934128681
"M","375","Rotenone",0.020877930060655
"M","375","Rotenone",0.0592626839247607
"M","375","Rotenone",0.0547982695134942
"M","375","Rotenone",0.0452556485872248
"M","375","Rotenone",0.0439024563833083
"M","375","Rotenone",0.0496962234897495
"M","375","Rotenone",0.0209697197336712
"M","375","Rotenone",0.0484936034615391
"M","375","Rotenone",0.0204721770763982
"M","375","Rotenone",0.0442997917278028
"M","375","Rotenone",0.0594395654863742
"M","375","Rotenone",0.0309550534638432
"M","375","Rotenone",0.0369437351243147
"M","375","Rotenone",0.0204572551494264
"M","375","Rotenone",0.0389743518557823
"M","375","Rotenone",0.0126526823546197
"M","375","Rotenone",0.0179573710868483
"M","375","Rotenone",0.0288211096670767
"M","375","Rotenone",0.0393338936075237
"M","375","Rotenone",0.0206790988193867
"M","375","Rotenone",0.0596556630216492
"M","375","Rotenone",0.0506197792468225
"M","375","Rotenone",0.0623530338427261
"M","375","Rotenone",0.0323360730027541
"M","375","Rotenone",0.0316439070938666
"M","375","Rotenone",0.0579822664945509
"M","375","Rotenone",0.0389210091278736
"M","375","Rotenone",0.0387872580666737
"M","375","Rotenone",0.0506494256929257
"M","375","Rotenone",0.0303140249007485
"M","375","Rotenone",0.0489193360495764
"M","375","Rotenone",0.0436059898228095
"M","375","Rotenone",0.0538259949862757
"M","375","Rotenone",0.0495628951257329
"M","375","Rotenone",0.0649191660933381
"M","375","Rotenone",0.0300706913485659
"M","375","Rotenone",0.0695139644977283
"M","375","Rotenone",0.0165293082833265
"M","375","Rotenone",0.0496837124969276
"M","375","Rotenone",0.043690024846632
"M","375","Rotenone",0.0316594587100425
"M","375","Rotenone",0.04937006427084
"M","375","Rotenone",0.0499078675067907
"M","375","Rotenone",0.0556046182480564
"M","375","Rotenone",0.0296412481277967
"M","375","Rotenone",0.0442111746615341
"M","375","Rotenone",0.0508917781079724
"M","375","Rotenone",0.0492778536726532
"M","375","Rotenone",0.0529040968286739
"M","375","Rotenone",0.0497685145236901
"M","375","Rotenone",0.0611315900945642
"M","375","Rotenone",0.0502737827108253
"M","375","Rotenone",0.0603773482136998
"M","375","Rotenone",0.044170732649574
"M","375","Rotenone",0.0382807010457782
"M","375","Rotenone",0.0454149812151713
"M","375","Rotenone",0.0440846997879508
"M","375","Rotenone",0.0218794098407098
"M","375","Rotenone",0.0393499185023574
"M","375","Rotenone",0.0704294471554053
"M","375","Rotenone",0.0440705243593404
"M","375","Rotenone",0.0509724915085045
"M","375","Rotenone",0.0362368790827069
"M","375","Rotenone",0.0397012643704428
"M","375","Rotenone",0.0494020775953793
"M","375","Rotenone",0.0573079567847546
"M","375","Rotenone",0.0382750964608102
"M","375","Rotenone",0.0393895771688221
"M","375","Rotenone",0.038026224022423
"M","375","Rotenone",0.0366769048960156
"M","375","Rotenone",0.0300674286227353
"M","375","Rotenone",0.0174655863104624
"M","375","Rotenone",0.0552071511852632
"M","375","Rotenone",0.0561758477996691
"M","375","Rotenone",0.0463708555330815
"M","375","Rotenone",0.0498558024175765
"M","375","Rotenone",0.045001444308131
"M","375","Rotenone",0.046879912459865
"M","375","Rotenone",0.0644105655571119
"M","375","Rotenone",0.0324999815304182
"M","375","Rotenone",0.0169094355704007
"M","375","Rotenone",0.0371952998033083
"M","375","Rotenone",0.0369026441685816
"M","375","Rotenone",0.0506557238301561
"M","375","Rotenone",0.056399631517682
"M","375","Rotenone",0.0378323010124943
"M","375","Rotenone",0.0198141666644188
"M","375","Rotenone",0.0511382083788174
"M","375","Rotenone",0.0225197707040339
"M","375","Rotenone",0.0287198418686942
"M","375","Rotenone",0.0308263248442375
"M","375","Rotenone",0.0451839321011371
"M","375","Rotenone",0.0675964179556858
"M","375","Rotenone",0.0373987127613284
"M","375","Rotenone",0.0391327408931676
"M","375","Rotenone",0.0164271534476567
"M","375","Rotenone",0.0594640439899153
"M","375","Rotenone",0.0508513070348333
"M","375","Rotenone",0.0454855868917674
"M","375","Rotenone",0.0314373672763005
"M","375","Rotenone",0.0225610412444562
"M","375","Rotenone",0.0194770000868464
"M","375","Rotenone",0.0603593741564848
"M","375","Rotenone",0.0516189494944211
"M","375","Rotenone",0.043412809908965
"M","375","Rotenone",0.0493628296783258
"M","375","Rotenone",0.0599362774908764
"M","375","Rotenone",0.0299715599216648
"M","375","Rotenone",0.0393947376419992
"M","375","Rotenone",0.0437864193278928
"M","375","Rotenone",0.0488999752951735
"M","375","Rotenone",0.0176890319321225
"M","375","Rotenone",0.0280076394179716
"M","375","Rotenone",0.0602548374027671
"M","375","Rotenone",0.0187918127606574
"M","375","Rotenone",0.050600414399964
"M","375","Rotenone",0.0293304864491524
"M","375","Rotenone",0.0561611596068109
"M","375","Rotenone",0.0436104585485776
"M","375","Rotenone",0.058327902882518
"M","375","Rotenone",0.0583719117486054
"M","375","Rotenone",0.0445703255604178
"M","375","Rotenone",0.0393134154562398
"M","375","Rotenone",0.0368794655696089
"M","375","Rotenone",0.0531549211643489
"M","375","Rotenone",0.0452627255787884
"M","375","Rotenone",0.0172392031911992
"M","375","Rotenone",0.0627657043002396
"M","375","Rotenone",0.0552254784075315
"M","375","Rotenone",0.0382094848807022
"M","375","Rotenone",0.0494091905174348
"M","375","Rotenone",0.0562114846934537
"M","375","Rotenone",0.0464629610229558
"M","375","Rotenone",0.0690242505635239
"M","375","Rotenone",0.0451920743923056
"M","375","Rotenone",0.0198288104106555
"M","375","Rotenone",0.0454811031542525
"M","375","Rotenone",0.066033411475568
"M","375","Rotenone",0.0484219275736158
"M","375","Rotenone",0.0597158542209793
"M","375","Rotenone",0.0385166879258753
"M","375","Rotenone",0.0632179950195981
"M","375","Rotenone",0.0505201974853002
"M","375","Rotenone",0.0209345704736656
"M","375","Rotenone",0.0448759936072256
"M","375","Rotenone",0.0533607230972501
"M","375","Rotenone",0.0450225992611068
"M","375","Rotenone",0.0614117318929358
"M","375","Rotenone",0.0322971072094852
"M","375","Rotenone",0.0545137065909361
"M","375","Rotenone",0.0380015512012069
"M","375","Rotenone",0.015935044259077
"M","375","Rotenone",0.0492885255004996
"M","375","Rotenone",0.020425128674123
"M","375","Rotenone",0.0479549741433246
"M","375","Rotenone",0.0371465755330596
"M","375","Rotenone",0.0179745318797118
"M","375","Rotenone",0.0370981866609335
"M","375","Rotenone",0.013274125886832
"M","375","Rotenone",0.0490537319194434
"M","375","Rotenone",0.0292395846468769
"M","375","Rotenone",0.0386294689126892
"M","375","Rotenone",0.0497990500010799
"M","375","Rotenone",0.0500463503564293
"M","375","Rotenone",0.0546253184334116
"M","375","Rotenone",0.0445001486810973
"M","375","Rotenone",0.045389851112151
"M","375","Rotenone",0.0292431683272503
"M","375","Rotenone",0.0542508879363174
"M","375","Rotenone",0.0643131703710233
"M","375","Rotenone",0.0309905972486133
"M","375","Rotenone",0.0373068963707949
"M","375","Rotenone",0.0385951078647011
"M","375","Rotenone",0.044716967497176
"M","375","Rotenone",0.0489974342557284
"M","375","Rotenone",0.0505518245022106
"M","375","Rotenone",0.0299232221227396
"M","375","Rotenone",0.0629339849538559
"M","375","Rotenone",0.0502656346510185
"M","375","Rotenone",0.0390722868975057
"M","375","Rotenone",0.0458267973077743
"M","375","Rotenone",0.0301903359405104
"M","375","Rotenone",0.0288880087445574
"M","375","Rotenone",0.0380182787928464
"M","375","Rotenone",0.0447914510512924
"M","375","Rotenone",0.0195203296352184
"M","375","Rotenone",0.046024118589524
"M","375","Rotenone",0.0431301171980166
"M","375","Rotenone",0.0545573227762274
"M","375","Rotenone",0.0534139217734976
"M","375","Rotenone",0.0385629931727932
"M","375","Rotenone",0.0305150420168928
"M","375","Rotenone",0.0296662872433052
"M","375","Rotenone",0.0411978386219122
"M","375","Rotenone",0.0207532684847588
"M","375","Rotenone",0.0453219222119275
"M","375","Rotenone",0.0495303508698119
"M","375","Rotenone",0.0377045018739484
"M","375","Rotenone",0.0568335134340138
"M","375","Rotenone",0.0298698761309607
"M","375","Rotenone",0.0499252319565357
"M","375","Rotenone",0.0381625774539249
"M","375","Rotenone",0.0499112519897994
"M","375","Rotenone",0.0190466233437371
"M","375","Rotenone",0.0516968877062511
"M","375","Rotenone",0.0394147954396639
"M","375","Rotenone",0.0675946820440433
"M","375","Rotenone",0.0156034093734838
"M","375","Rotenone",0.0390158453252212
"M","375","Rotenone",0.0631269272646933
"M","375","Rotenone",0.044747939058402
"M","375","Rotenone",0.0394511232461933
"M","Ore","Control",0.0287736793407443
"M","Ore","Control",0.0361765227438579
"M","Ore","Control",0.0327945420269511
"M","Ore","Control",0.0412845285622801
"M","Ore","Control",0.0415862702731201
"M","Ore","Control",0.0268658710084067
"M","Ore","Control",0.0401408300608895
"M","Ore","Control",0.0323277253412943
"M","Ore","Control",0.0356480846258102
"M","Ore","Control",0.0404404356866076
"M","Ore","Control",0.0310688767795989
"M","Ore","Control",0.0304221142078651
"M","Ore","Control",0.0317349754091627
"M","Ore","Control",0.0296492021377107
"M","Ore","Control",0.033508098218603
"M","Ore","Control",0.0391390411840039
"M","Ore","Control",0.0332325672419257
"M","Ore","Control",0.0393492599893381
"M","Ore","Control",0.025013352796419
"M","Ore","Control",0.0360754508359135
"M","Ore","Control",0.0273052126117826
"M","Ore","Control",0.0330853059732657
"M","Ore","Control",0.0397336419959115
"M","Ore","Control",0.0405293865642155
"M","Ore","Control",0.0319045385113714
"M","Ore","Control",0.0365488043501083
"M","Ore","Control",0.0408102154216651
"M","Ore","Control",0.0354041533773607
"M","Ore","Control",0.0385124520606209
"M","Ore","Control",0.0365826111095057
"M","Ore","Control",0.038625878309298
"M","Ore","Control",0.031985491731136
"M","Ore","Control",0.0371392530304285
"M","Ore","Control",0.0409642898185039
"M","Ore","Control",0.0275659678573606
"M","Ore","Control",0.0390845445381292
"M","Ore","Control",0.0280204735404084
"M","Ore","Control",0.0370899348789859
"M","Ore","Control",0.0422720824003106
"M","Ore","Control",0.0308158663127398
"M","Ore","Control",0.0336807905084201
"M","Ore","Control",0.0261538058547557
"M","Ore","Control",0.0319918005185882
"M","Ore","Control",0.0293342149146134
"M","Ore","Control",0.0383691240875969
"M","Ore","Control",0.0242638213696621
"M","Ore","Control",0.0318455126363137
"M","Ore","Control",0.0380244958804855
"M","Ore","Control",0.0311025246464968
"M","Ore","Control",0.0374708085325803
"M","Ore","Control",0.0254562437163462
"M","Ore","Control",0.0332356913642167
"M","Ore","Control",0.0313225039593056
"M","Ore","Control",0.0387726131421091
"M","Ore","Control",0.0347676954775387
"M","Ore","Control",0.0369446555639141
"M","Ore","Control",0.0387863578725723
"M","Ore","Control",0.0320824985754223
"M","Ore","Control",0.0275576964653478
"M","Ore","Control",0.0431225585640944
"M","Ore","Control",0.0433446026568542
"M","Ore","Control",0.0376018953520714
"M","Ore","Control",0.0300363493669106
"M","Ore","Control",0.0312709045151592
"M","Ore","Control",0.0361174507685738
"M","Ore","Control",0.0386307536820989
"M","Ore","Control",0.0415302946025412
"M","Ore","Control",0.0344404378742011
"M","Ore","Control",0.0345650948778796
"M","Ore","Control",0.0272759751225707
"M","Ore","Control",0.0405966508623854
"M","Ore","Control",0.036236774268282
"M","Ore","Control",0.0381959709264836
"M","Ore","Control",0.037791959466983
"M","Ore","Control",0.0353698672458111
"M","Ore","Control",0.0330881649511017
"M","Ore","Control",0.0438639608232592
"M","Ore","Control",0.0343267292505921
"M","Ore","Control",0.0298621210253505
"M","Ore","Control",0.0308450367769469
"M","Ore","Control",0.0399806235650058
"M","Ore","Control",0.0342672883072352
"M","Ore","Control",0.0226927250434037
"M","Ore","Control",0.0397466920162367
"M","Ore","Control",0.0306600102697909
"M","Ore","Control",0.0272678607808713
"M","Ore","Control",0.0352726379321771
"M","Ore","Control",0.0292748540163249
"M","Ore","Control",0.0348252916414061
"M","Ore","Control",0.0314644677177442
"M","Ore","Control",0.0295827406127967
"M","Ore","Control",0.0255230926636294
"M","Ore","Control",0.0405414698651679
"M","Ore","Control",0.0332742406868088
"M","Ore","Control",0.03724155297455
"M","Ore","Control",0.0363388576368849
"M","Ore","Control",0.0456712302075155
"M","Ore","Control",0.0375677147837549
"M","Ore","Control",0.0195592662215019
"M","Ore","Control",0.0244179424860281
"M","Ore","Control",0.0334956398844816
"M","Ore","Control",0.0262113608325291
"M","Ore","Control",0.0320090188623925
"M","Ore","Control",0.0286859999942114
"M","Ore","Control",0.0222588458560363
"M","Ore","Control",0.0342076616518185
"M","Ore","Control",0.0321330980641522
"M","Ore","Control",0.0321012319168502
"M","Ore","Control",0.0373820570367427
"M","Ore","Control",0.0393790044921102
"M","Ore","Control",0.0333184258013048
"M","Ore","Control",0.0339720139921602
"M","Ore","Control",0.0314130699241934
"M","Ore","Control",0.0255352914176926
"M","Ore","Control",0.0433589699754203
"M","Ore","Control",0.0371687595444006
"M","Ore","Control",0.0419869820482596
"M","Ore","Control",0.0293470464251018
"M","Ore","Control",0.03062249138689
"M","Ore","Control",0.0364365461353145
"M","Ore","Control",0.0240273256444719
"M","Ore","Control",0.0312860514277049
"M","Ore","Control",0.0389757483216575
"M","Ore","Control",0.0416019176200821
"M","Ore","Control",0.0283626883258358
"M","Ore","Control",0.0254037185388036
"M","Ore","Control",0.033396301341123
"M","Ore","Control",0.0304570360453279
"M","Ore","Control",0.0411923432361618
"M","Ore","Control",0.0389167776085869
"M","Ore","Control",0.0278165663717971
"M","Ore","Control",0.0385311645052579
"M","Ore","Control",0.0333910676413971
"M","Ore","Control",0.0343931412752159
"M","Ore","Control",0.0291775278122554
"M","Ore","Control",0.0282567599588963
"M","Ore","Control",0.034329298725217
"M","Ore","Control",0.0313079751852042
"M","Ore","Control",0.0339004048530792
"M","Ore","Control",0.0355825027073642
"M","Ore","Control",0.0320872933340066
"M","Ore","Control",0.0282496868552932
"M","Ore","Control",0.0397406071006078
"M","Ore","Control",0.0390608144874634
"M","Ore","Control",0.0410744908175254
"M","Ore","Control",0.0461178384074974
"M","Ore","Control",0.0447920796342829
"M","Ore","Control",0.0364532772302547
"M","Ore","Control",0.0346650177239213
"M","Ore","Control",0.036606628932824
"M","Ore","Control",0.0317951697557494
"M","Ore","Control",0.0263678788718314
"M","Ore","Control",0.0359876977698256
"M","Ore","Control",0.0383881582898113
"M","Ore","Control",0.0381854722126655
"M","Ore","Control",0.0318390165760443
"M","Ore","Control",0.0307275246058555
"M","Ore","Control",0.0371386566613453
"M","Ore","Control",0.0295284520417572
"M","Ore","Control",0.0311729590032866
"M","Ore","Control",0.0236526585221977
"M","Ore","Control",0.0330844306029917
"M","Ore","Control",0.0336388013376084
"M","Ore","Control",0.038553215520177
"M","Ore","Control",0.0408257813398184
"M","Ore","Control",0.0349767792883937
"M","Ore","Control",0.0356080623563926
"M","Ore","Control",0.0312136082455821
"M","Ore","Control",0.0345861975031455
"M","Ore","Control",0.0285379824692044
"M","Ore","Control",0.0260923746390125
"M","Ore","Control",0.0215111483986551
"M","Ore","Control",0.0372882928768295
"M","Ore","Control",0.0229027371301576
"M","Ore","Control",0.0392527940459035
"M","Ore","Control",0.0404245977010755
"M","Ore","Control",0.0434076375147841
"M","Ore","Control",0.0376558689842984
"M","Ore","Control",0.0341728031503147
"M","Ore","Control",0.025210859441224
"M","Ore","Control",0.0429137907057675
"M","Ore","Control",0.0311689734521272
"M","Ore","Control",0.0308995428447331
"M","Ore","Control",0.0363638090813445
"M","Ore","Control",0.0453933672864586
"M","Ore","Control",0.0366775667021904
"M","Ore","Control",0.0342756459958918
"M","Ore","Control",0.0199276745410836
"M","Ore","Control",0.0303739949489423
"M","Ore","Control",0.0310117239973457
"M","Ore","Control",0.0384478854736232
"M","Ore","Control",0.0370319363189381
"M","Ore","Control",0.0288314510191942
"M","Ore","Control",0.0365769177703462
"M","Ore","Control",0.036362793687988
"M","Ore","Control",0.030380501079689
"M","Ore","Control",0.0335766768158184
"M","Ore","Control",0.0413930747818545
"M","Ore","Control",0.0382664270673372
"M","Ore","Control",0.0304259220890815
"M","Ore","Control",0.0303046518491497
"M","Ore","Control",0.023791380736598
"M","Ore","Control",0.0374478454533405
"M","Ore","Control",0.0317465180233209
"M","Ore","Control",0.037831944249155
"M","Ore","Control",0.0306110169516922
"M","Ore","Control",0.0328288402348574
"M","Ore","Control",0.0313656380690912
"M","Ore","Control",0.033474548804256
"M","Ore","Control",0.0228199373723191
"M","Ore","Control",0.0295615021775839
"M","Ore","Control",0.0373080854503161
"M","Ore","Control",0.0359145971225702
"M","Ore","Control",0.0314727706991324
"M","Ore","Control",0.0373535255053341
"M","Ore","Control",0.037967890342549
"M","Ore","Control",0.0361827248131276
"M","Ore","Control",0.0373828923561
"M","Ore","Control",0.0361647887692423
"M","Ore","Control",0.0403097711366829
"M","Ore","Control",0.0402821966863707
"M","Ore","Control",0.0335235027106201
"M","Ore","Control",0.0301498221375515
"M","Ore","Control",0.0270237171307397
"M","Ore","Control",0.0352680176299032
"M","Ore","Control",0.0313185194458538
"M","Ore","Control",0.0330484095850574
"M","Ore","Control",0.0326478645783773
"M","Ore","Control",0.0372145816520619
"M","Ore","Control",0.0315425090166435
"M","Ore","Control",0.0414920432670561
"M","Ore","Control",0.0331132575772826
"M","Ore","Control",0.0358715919017752
"M","Ore","Control",0.0175222589921039
"M","Ore","Control",0.0321335089858974
"M","Ore","Control",0.0394926884400341
"M","Ore","Control",0.0308379289071394
"M","Ore","Control",0.0431925684419752
"M","Ore","Control",0.0382763672834819
"M","Ore","Control",0.0273918346730178
"M","Ore","Control",0.0361100494081397
"M","Ore","Control",0.0315385776132564
"M","Ore","Control",0.0349567925627059
"M","Ore","Control",0.0247774782975764
"M","Ore","Control",0.0368712201142733
"M","Ore","Control",0.03489174212071
"M","Ore","Control",0.0372863723640694
"M","Ore","Control",0.0400564802947467
"M","Ore","Control",0.0287177593626075
"M","Ore","Control",0.033163302993566
"M","Ore","Control",0.0318109077697693
"M","Ore","Control",0.0333848968353617
"M","Ore","Control",0.040992823992098
"M","Ore","Control",0.028723510002441
"M","Ore","Control",0.0276308191025077
"M","Ore","Control",0.0229189277266701
"M","Ore","Control",0.0426160368833707
"M","Ore","Control",0.0340340143472589
"M","Ore","Control",0.0278055073231755
"M","Ore","Control",0.0397219909861939
"M","Ore","Control",0.0402538129778954
"M","Ore","Control",0.0398576715042997
"M","Ore","Control",0.0404986442353607
"M","Ore","Control",0.0399540322564487
"M","Ore","Control",0.0354378013249717
"M","Ore","Control",0.0415723622798773
"M","Ore","Control",0.0425059551424342
"M","Ore","Control",0.028771571161476
"M","Ore","Control",0.0320105286900036
"M","Ore","Control",0.0304370135101942
"M","Ore","Control",0.0267651524895981
"M","Ore","Control",0.0260062836181188
"M","Ore","Control",0.019427393054277
"M","Ore","Control",0.036245864992403
"M","Ore","Control",0.0401625913406168
"M","Ore","Control",0.0312389807122911
"M","Ore","Control",0.0263336142750522
"M","Ore","Control",0.0315854920994283
"M","Ore","Control",0.0328830194389214
"M","Ore","Control",0.0350802173681114
"M","Ore","Control",0.0318418507941203
"M","Ore","Control",0.041723537883881
"M","Ore","Control",0.0388342357590713
"M","Ore","Control",0.0393640254777364
"M","Ore","Control",0.025430857107084
"M","Ore","Control",0.0344700319267087
"M","Ore","Control",0.0445542407885678
"M","Ore","Control",0.0354863818817473
"M","Ore","Control",0.037415780678637
"M","Ore","Control",0.0306454694410261
"M","Ore","Control",0.0377723099312163
"M","Ore","Control",0.0405821962412914
"M","Ore","Control",0.0356302044538441
"M","Ore","Control",0.0265815310557903
"M","Ore","Control",0.0412436350405115
"M","Ore","Control",0.0317987983592418
"M","Ore","Control",0.0415424536869331
"M","Ore","Control",0.0366218359310101
"M","Ore","Control",0.0276566163594526
"M","Ore","Control",0.0452889161647656
"M","Ore","Control",0.0358476549372206
"M","Ore","Control",0.0245254127631131
"M","Ore","Control",0.0322320947549107
"M","Ore","Control",0.0327167231681886
"M","Ore","Control",0.0320592287938756
"M","Ore","Control",0.0400370433208404
"M","Ore","Control",0.0345522099732629
"M","Ore","Control",0.0408912067172813
"M","Ore","Control",0.0346953671136696
"M","Ore","Control",0.0245824500570805
"M","Ore","Control",0.0351265780676947
"M","Ore","Control",0.0202109942106481
"M","Ore","Control",0.0356443198779655
"M","Ore","Control",0.0338919269037652
"M","Ore","Control",0.034192976215391
"M","Ore","Control",0.0303121433479545
"M","Ore","Control",0.0455412704562802
"M","Ore","Control",0.0352954719763626
"M","Ore","Control",0.0225110899332404
"M","Ore","Control",0.0309358963011961
"M","Ore","Control",0.032136365412289
"M","Ore","Control",0.0368822186752612
"M","Ore","Control",0.0412196326620245
"M","Ore","Control",0.0313653863746387
"M","Ore","Control",0.0358750520007085
"M","Ore","Control",0.0289614519664334
"M","Ore","Control",0.0387407888297784
"M","Ore","Control",0.0349172083057018
"M","Ore","Control",0.0333552952340705
"M","Ore","Control",0.02965782297989
"M","Ore","Control",0.0413320830466265
"M","Ore","Control",0.0280260912108316
"M","Ore","Control",0.0325663915349343
"M","Ore","Control",0.0324098553328683
"M","Ore","Control",0.0337681163900109
"M","Ore","Control",0.0360313779006399
"M","Ore","Control",0.0241322413746704
"M","Ore","Control",0.0365668626864384
"M","Ore","Control",0.0361352121181051
"M","Ore","Control",0.0350580264005357
"M","Ore","Control",0.0243993722063708
"M","Ore","Control",0.0246310287485348
"M","Ore","Control",0.032898797786975
"M","Ore","Control",0.0290784506164975
"M","Ore","Control",0.0388315591202372
"M","Ore","Control",0.0330379675825478
"M","Ore","Control",0.0266434243349884
"M","Ore","Control",0.0436960011153086
"M","Ore","Control",0.0344271925194595
"M","Ore","Control",0.0391312471204664
"M","Ore","Control",0.0351427427613011
"M","Ore","Control",0.0353638108329809
"M","Ore","Control",0.0350758460477517
"M","Ore","Control",0.0344746105839729
"M","Ore","Control",0.0285457910624616
"M","Ore","Control",0.0211392448150291
"M","Ore","Control",0.0297335808581689
"M","Ore","Control",0.0348912251856171
"M","Ore","Control",0.0364468699589033
"M","Ore","Control",0.0405913807139281
"M","Ore","Control",0.0323833257540306
"M","Ore","Control",0.040446467315261
"M","Ore","Control",0.0331613918169702
"M","Ore","Control",0.0423037654944881
"M","Ore","Control",0.0390880584497268
"M","Ore","Control",0.0290664425641322
"M","Ore","Control",0.0405211931499447
"M","Ore","Control",0.0309161186614563
"M","Ore","Control",0.0296125521824069
"M","Ore","Control",0.0419478580154405
"M","Ore","Control",0.0467284077733928
"M","Ore","Control",0.0357839924532617
"M","Ore","Control",0.0340451773299111
"M","Ore","Control",0.0367806059353116
"M","Ore","Control",0.039983804815969
"M","Ore","Control",0.028736316442033
"M","Ore","Control",0.037084422194359
"M","Ore","Control",0.0399468430491632
"M","Ore","Control",0.0313238079678242
"M","Ore","Control",0.0277982395729976
"M","Ore","Control",0.0348745370409981
"M","Ore","Control",0.0265422374671848
"M","Ore","Control",0.0396022637464558
"M","Ore","Control",0.0266269596619566
"M","Ore","Control",0.0368852618226755
"M","Ore","Control",0.0365948421270165
"M","Ore","Control",0.0368575695721788
"M","Ore","Control",0.0259916696530087
"M","Ore","Control",0.0296996137177871
"M","Ore","Control",0.043443763246517
"M","Ore","Control",0.0370081868450495
"M","Ore","Control",0.0257749109482554
"M","Ore","Control",0.0324570849637855
"M","Ore","Control",0.0303847539772184
"M","Ore","Control",0.0429958144838528
"M","Ore","Control",0.0325483354008211
"M","Ore","Control",0.0255107223342613
"M","Ore","Control",0.0336730231532788
"M","Ore","Control",0.0349552071238386
"M","Ore","Control",0.0346045921375789
"M","Ore","Control",0.0453457563883677
"M","Ore","Control",0.0332294793467528
"M","Ore","Control",0.034937364937402
"M","Ore","Control",0.0333754339969264
"M","Ore","Control",0.0312923589060555
"M","Ore","Control",0.0374851168145914
"M","Ore","Control",0.0310499191410277
"M","Ore","Control",0.037588719109472
"M","Ore","Control",0.029692812227243
"M","Ore","Control",0.0395156122031239
"M","Ore","Control",0.0264841403619451
"M","Ore","Control",0.0316828279200098
"M","Ore","Control",0.0316372125344608
"M","Ore","Control",0.0328638495881293
"M","Ore","Control",0.0366272909181462
"M","Ore","Control",0.0238242239916274
"M","Ore","Control",0.0359203179905248
"M","Ore","Control",0.0232450297045352
"M","Ore","Control",0.0446253787756844
"M","Ore","Control",0.027521851648021
"M","Ore","Control",0.0400142058969112
"M","Ore","Control",0.0347146366152924
"M","Ore","Control",0.0354556232511516
"M","Ore","Control",0.025243423427562
"M","Ore","Control",0.0301994938905308
"M","Ore","Control",0.0382363192615705
"M","Ore","Control",0.0424586612162465
"M","Ore","Control",0.0308988461797081
"M","Ore","Control",0.0318180098193241
"M","Ore","Control",0.0394642313303736
"M","Ore","Control",0.0294848930523378
"M","Ore","Control",0.034276281534246
"M","Ore","Control",0.038640403872152
"M","Ore","Control",0.0401139850651956
"M","Ore","Control",0.0281648344255412
"M","Ore","Control",0.0377925246144619
"M","Ore","Control",0.0347512753001064
"M","Ore","Control",0.0296510210279859
"M","Ore","Control",0.0273312839318346
"M","Ore","Control",0.0334619309248306
"M","Ore","Control",0.0331320425952693
"M","Ore","Control",0.0357885529232444
"M","Ore","Control",0.0389286496164192
"M","Ore","Control",0.0342104653316352
"M","Ore","Control",0.0342197886040094
"M","Ore","Control",0.031777435051498
"M","Ore","Control",0.0357301486771819
"M","Ore","Control",0.0280593203363959
"M","Ore","Control",0.0319577248640914
"M","Ore","Control",0.0344153691721383
"M","Ore","Control",0.0324401620239888
"M","Ore","Control",0.039210452116956
"M","Ore","Control",0.0382353291985266
"M","Ore","Control",0.0264254211520855
"M","Ore","Control",0.035639103964005
"M","Ore","Control",0.0371840056934648
"M","Ore","Control",0.0290905757283311
"M","Ore","Control",0.032110242422653
"M","Ore","Control",0.036561054560316
"M","Ore","Control",0.0356914259485163
"M","Ore","Control",0.0400047252376065
"M","Ore","Control",0.0455881027625292
"M","Ore","Control",0.0259818874277244
"M","Ore","Control",0.0301112622670321
"M","Ore","Control",0.0361872946413313
"M","Ore","Control",0.0306675891838903
"M","Ore","Control",0.0296378570021305
"M","Ore","Control",0.0197300511678996
"M","Ore","Control",0.0324897141500473
"M","Ore","Control",0.0235570639148998
"M","Ore","Control",0.0283514102239833
"M","Ore","Control",0.043426747316768
"M","Ore","Control",0.0307856188706375
"M","Ore","Control",0.0353417414322783
"M","Ore","Control",0.0344986339587138
"M","Ore","Control",0.0466530741716728
"M","Ore","Control",0.0361769178815639
"M","Ore","Control",0.0325798189478136
"M","Ore","Control",0.0310352175749805
"M","Ore","Control",0.0248369934709387
"M","Ore","Control",0.0265060528636188
"M","Ore","Control",0.0278193178202094
"M","Ore","Control",0.0379131680532513
"M","Ore","Control",0.040737520194716
"M","Ore","Control",0.025563154979453
"M","Ore","Control",0.0355922384505591
"M","Ore","Control",0.0261362821142635
"M","Ore","Control",0.0406562707464798
"M","Ore","Control",0.0324201831149222
"M","Ore","Control",0.0315218208785846
"M","Ore","Control",0.0281058882151032
"M","Ore","Control",0.0293632564837802
"M","Ore","Control",0.0357781801670727
"M","Ore","Control",0.0334161960712513
"M","Ore","Control",0.0351892368144488
"M","Ore","Control",0.0405829168339238
"M","Ore","Control",0.0350237849462433
"M","Ore","Control",0.0316063094479137
"M","Ore","Control",0.0335187994503153
"M","Ore","Control",0.0402645496219697
"M","Ore","Control",0.0351608469900543
"M","Ore","Control",0.0349476305388147
"M","Ore","Control",0.0323456757762156
"M","Ore","Control",0.0225677485934505
"M","Ore","Control",0.0273039138298266
"M","Ore","Control",0.0400052618357509
"M","Ore","Control",0.0296584879702989
"M","Ore","Control",0.0340860142210793
"M","Ore","Control",0.0239677355004921
"M","Ore","Control",0.0362225156027028
"M","Ore","Control",0.0371523427593896
"M","Ore","Control",0.0294795919961332
"M","Ore","Control",0.0417463829133405
"M","Ore","Control",0.0376400889345926
"M","Ore","Control",0.0328164393247336
"M","Ore","Control",0.0414238187869388
"M","Ore","Control",0.0378265266018463
"M","Ore","Control",0.0388819905777415
"M","Ore","Control",0.035330419916617
"M","Ore","Control",0.0389953353286421
"M","Ore","Control",0.0319454641749176
"M","Ore","Control",0.0337820921087198
"M","Ore","Control",0.0235660088321644
"M","Ore","Control",0.0254172052217348
"M","Ore","Control",0.0302201582784556
"M","Ore","Control",0.0417010818596952
"M","Ore","Control",0.0245881710843823
"M","Ore","Control",0.0396732340014202
"M","Ore","Control",0.0412743212964241
"M","Ore","Control",0.0300904204699327
"M","Ore","Control",0.0335603126640009
"M","Ore","Control",0.0328512072173369
"M","Ore","Control",0.0353775247506897
"M","Ore","Control",0.0402644693122653
"M","Ore","Control",0.0355513997830555
"M","Ore","Control",0.0313007498644812
"M","Ore","Control",0.0377262248134379
"M","Ore","Control",0.0208884163515815
"M","Ore","Control",0.0319287332213466
"M","Ore","Control",0.0347523152876895
"M","Ore","Control",0.0345347316985482
"M","Ore","Control",0.039268694310871
"M","Ore","Control",0.0348242001851783
"M","Ore","Control",0.0270229155980975
"M","Ore","Control",0.032278715588698
"M","Ore","Control",0.0384180757050577
"M","Ore","Control",0.0393599732216349
"M","Ore","Control",0.0411535213069712
"M","Ore","Control",0.0346922393450069
"M","Ore","Control",0.0438620828512385
"M","Ore","Control",0.0338149691438106
"M","Ore","Control",0.0317720869525906
"M","Ore","Control",0.0384637978445372
"M","Ore","Control",0.0280683334238078
"M","Ore","Control",0.0349761840751344
"M","Ore","Control",0.0360497538253462
"M","Ore","Control",0.038591984696215
"M","Ore","Control",0.0362696256203627
"M","Ore","Control",0.0292658707908711
"M","Ore","Control",0.0331940950956821
"M","Ore","Control",0.032643231881249
"M","Ore","Control",0.0279159410872472
"M","Ore","Control",0.0269372467805347
"M","Ore","Control",0.0384799067815432
"M","Ore","Control",0.0295721023366212
"M","Ore","Control",0.0314188506340968
"M","Ore","Control",0.0374827698477328
"M","Ore","Control",0.0346418554631803
"M","Ore","Control",0.0251536693311448
"M","Ore","Control",0.0422390048730444
"M","Ore","Control",0.033035896117097
"M","Ore","Control",0.0277070771558594
"M","Ore","Control",0.0375346536462229
"M","Ore","Control",0.0336783602213154
"M","Ore","Control",0.035020024747308
"M","Ore","Control",0.0371185632250559
"M","Ore","Control",0.02700245948653
"M","Ore","Control",0.0389800532034942
"M","Ore","Control",0.035096408073735
"M","Ore","Control",0.0330376824849279
"M","Ore","Control",0.0385248396397444
"M","Ore","Control",0.0425749122699184
"M","Ore","Control",0.0371166937833405
"M","Ore","Control",0.0339418313019048
"M","Ore","Control",0.0346688550637954
"M","Ore","Control",0.0290301108666509
"M","Ore","Control",0.0255853537762914
"M","Ore","Control",0.0290815079496985
"M","Ore","Control",0.0324758468641045
"M","Ore","Control",0.030759362118616
"M","Ore","Control",0.040846568043416
"M","Ore","Control",0.0346715746058141
"M","Ore","Control",0.0281478791649937
"M","Ore","Control",0.0372308356181895
"M","Ore","Control",0.0274786184016675
"M","Ore","Control",0.0396540467205752
"M","Ore","Control",0.03620593291111
"M","Ore","Control",0.0234156068745487
"M","Ore","Control",0.0393565090260037
"M","Ore","Control",0.030454281956093
"M","Ore","Control",0.0408489553038909
"M","Ore","Control",0.0224358880294129
"M","Ore","Control",0.0270851753036779
"M","Ore","Control",0.0311904542366028
"M","Ore","Control",0.0307741173243936
"M","Ore","Control",0.0386570563723034
"M","Ore","Control",0.0350562179331077
"M","Ore","Control",0.0339989859614522
"M","Ore","Control",0.0356441649247003
"M","Ore","Control",0.0453764224422916
"M","Ore","Control",0.0272971338683673
"M","Ore","Control",0.0359450624230383
"M","Ore","Control",0.0252531551870294
"M","Ore","Control",0.0269993294095306
"M","Ore","Control",0.0334903043997089
"M","Ore","Control",0.0388156315195252
"M","Ore","Control",0.0358249695169229
"M","Ore","Control",0.0387166220744042
"M","Ore","Control",0.0331075335215394
"M","Ore","Control",0.0360420605753148
"M","Ore","Control",0.0282914023771384
"M","Ore","Control",0.0383051356561048
"M","Ore","Control",0.0403410010168801
"M","Ore","Control",0.0265301571894319
"M","Ore","Control",0.0439113039161424
"M","Ore","Control",0.0349015909358666
"M","Ore","Control",0.0290581375820164
"M","Ore","Control",0.0335948269112116
"M","Ore","Control",0.0278137978521783
"M","Ore","Control",0.0351306963046972
"M","Ore","Control",0.0362118267609375
"M","Ore","Control",0.0234200216747946
"M","Ore","Control",0.0394920403204526
"M","Ore","Control",0.040716880371695
"M","Ore","Control",0.0361183886949872
"M","Ore","Control",0.0377966030983485
"M","Ore","Control",0.0360281050768923
"M","Ore","Control",0.0300377181733878
"M","Ore","Control",0.0323548853163087
"M","Ore","Control",0.0323880500949329
"M","Ore","Control",0.0268578719487802
"M","Ore","Control",0.0333126580715045
"M","Ore","Control",0.039652103043522
"M","Ore","Control",0.0312128234015584
"M","Ore","Control",0.0380331527694815
"M","Ore","Control",0.0340194165543239
"M","Ore","Control",0.0395311585797006
"M","Ore","Control",0.0360832499809684
"M","Ore","Control",0.0259094706042097
"M","Ore","Control",0.0294075649012323
"M","Ore","Control",0.0400649114500826
"M","Ore","Control",0.0325347383197531
"M","Ore","Control",0.0282924605170438
"M","Ore","Control",0.0408702572208608
"M","Ore","Control",0.0373650854115134
"M","Ore","Control",0.0270356890625954
"M","Ore","Control",0.0311246439243019
"M","Ore","Control",0.0324830039963881
"M","Ore","Control",0.0364473257390551
"M","Ore","Control",0.0317440896055676
"M","Ore","Control",0.0388378849413675
"M","Ore","Control",0.0365748960661176
"M","Ore","Control",0.0247708729428183
"M","Ore","Control",0.0274963922494439
"M","Ore","Control",0.0338775065539993
"M","Ore","Control",0.0258173524371657
"M","Ore","Control",0.0341957745634567
"M","Ore","Control",0.0329804001643453
"M","Ore","Control",0.0305069388935766
"M","Ore","Control",0.0310660647693604
"M","Ore","Control",0.0319326163088428
"M","Ore","Control",0.0387692026425408
"M","Ore","Control",0.0314263628194634
"M","Ore","Control",0.0337818581376644
"M","Ore","Control",0.0270571034705114
"M","Ore","Control",0.0362833800999102
"M","Ore","Control",0.0405186464962777
"M","Ore","Control",0.0303945649203107
"M","Ore","Control",0.0245217103588824
"M","Ore","Control",0.0379289519660426
"M","Ore","Control",0.0384008139609742
"M","Ore","Control",0.0332399352952902
"M","Ore","Control",0.0276505143749731
"M","Ore","Control",0.0316538714636103
"M","Ore","Control",0.0310630998415102
"M","Ore","Control",0.0268937425515355
"M","Ore","Control",0.0333176357198538
"M","Ore","Control",0.0383436765481077
"M","Ore","Control",0.0372325627267065
"M","Ore","Control",0.0407765433127966
"M","Ore","Control",0.0395107238869414
"M","Ore","Control",0.0416260438966279
"M","Ore","Control",0.0336886480774212
"M","Ore","Control",0.0340607390660959
"M","Ore","Control",0.0305312721228888
"M","Ore","Control",0.0321066109979797
"M","Ore","Control",0.031352311133952
"M","Ore","Control",0.0295112217209751
"M","Ore","Control",0.033937365355948
"M","Ore","Control",0.0340537304140486
"M","Ore","Control",0.044257157024375
"M","Ore","Control",0.034917457929805
"M","Ore","Control",0.0273883158581465
"M","Ore","Control",0.0338793617851905
"M","Ore","Control",0.025205661483117
"M","Ore","Control",0.029906697249485
"M","Ore","Control",0.0262087712203962
"M","Ore","Control",0.0367872902769658
"M","Ore","Control",0.0287767609260176
"M","Ore","Control",0.0366848171774914
"M","Ore","Control",0.0443019206055691
"M","Ore","Control",0.0256267820829873
"M","Ore","Control",0.0333978169569759
"M","Ore","Control",0.0280771519531562
"M","Ore","Control",0.0379961838382624
"M","Ore","Control",0.0254644290385312
"M","Ore","Control",0.0311276271034157
"M","Ore","Control",0.0282981006919617
"M","Ore","Control",0.0456910644057701
"M","Ore","Control",0.0317369018063244
"M","Ore","Control",0.0232536346688672
"M","Ore","Control",0.0367723452744362
"M","Ore","Control",0.0366437435441589
"M","Ore","Control",0.0294936866065579
"M","Ore","Control",0.0324402168577522
"M","Ore","Control",0.029798841064245
"M","Ore","Control",0.032507929915805
"M","Ore","Control",0.0267768092188845
"M","Ore","Control",0.0353230401845832
"M","Ore","Control",0.0355006263441516
"M","Ore","Control",0.0343541038458588
"M","Ore","Control",0.0349924376218814
"M","Ore","Control",0.0320030549065449
"M","Ore","Control",0.0348644863827131
"M","Ore","Control",0.0292359019462732
"M","Ore","Control",0.0303404916873934
"M","Ore","Control",0.0258606823457558
"M","Ore","Control",0.0261849215560712
"M","Ore","Control",0.0311129734404415
"M","Ore","Control",0.0287335208405429
"M","Ore","Control",0.0356453714031335
"M","Ore","Control",0.0269119355800916
"M","Ore","Control",0.0206428790947067
"M","Ore","Control",0.0282181026048399
"M","Ore","Control",0.0324048796042048
"M","Ore","Control",0.0256261153048051
"M","Ore","Control",0.0382816956996938
"M","Ore","Control",0.0320449168482951
"M","Ore","Control",0.0338424263857707
"M","Ore","Control",0.0340064870997962
"M","Ore","Control",0.0365923190098566
"M","Ore","Control",0.0404003117007877
"M","Ore","Control",0.0415411697437629
"M","Ore","Control",0.0414163290480741
"M","Ore","Control",0.0373414303477761
"M","Ore","Control",0.0383575367769953
"M","Ore","Control",0.0337336837717985
"M","Ore","Control",0.0338041178992601
"M","Ore","Control",0.03913281722228
"M","Ore","Control",0.0394739501573175
"M","Ore","Control",0.033631613370343
"M","Ore","Control",0.0410456469144256
"M","Ore","Control",0.0288047973016462
"M","Ore","Control",0.0351662317198656
"M","Ore","Control",0.0332808373385217
"M","Ore","Control",0.0366368344849817
"M","Ore","Control",0.0377061300131796
"M","Ore","Control",0.0378992433181324
"M","Ore","Control",0.0382782666203349
"M","Ore","Control",0.0447982508635376
"M","Ore","Control",0.0331028015427348
"M","Ore","Control",0.0264780827901016
"M","Ore","Control",0.0363617699203913
"M","Ore","Control",0.0315778132553696
"M","Ore","Control",0.035774358942721
"M","Ore","Control",0.0258043622041036
"M","Ore","Control",0.0319256096925548
"M","Ore","Control",0.0196246646162919
"M","Ore","Control",0.0336680124582028
"M","Ore","Control",0.0384441991541958
"M","Ore","Control",0.0366372610448912
"M","Ore","Control",0.0297694010081857
"M","Ore","Control",0.0394309621638958
"M","Ore","Control",0.0405131481282501
"M","Ore","Control",0.0369361882504669
"M","Ore","Control",0.0326107797462917
"M","Ore","Control",0.031234402325297
"M","Ore","Control",0.0397696490371457
"M","Ore","Control",0.0298533888255023
"M","Ore","Control",0.0395035745358806
"M","Ore","Control",0.0318893751729145
"M","Ore","Control",0.0245551619168572
"M","Ore","Control",0.0351924081524193
"M","Ore","Control",0.033989871670581
"M","Ore","Control",0.0417675221326308
"M","Ore","Control",0.0434815165950709
"M","Ore","Control",0.0359385049004903
"M","Ore","Control",0.0317150593591572
"M","Ore","Control",0.0329281332224667
"M","Ore","Control",0.035378622347268
"M","Ore","Control",0.0274812007482313
"M","Ore","Control",0.0349419470947471
"M","Ore","Control",0.026117632089583
"M","Ore","Control",0.0378176850862477
"M","Ore","Control",0.0291911231669613
"M","Ore","Control",0.0404317533471552
"M","Ore","Control",0.0339171048415895
"M","Ore","Control",0.0328982463737765
"M","Ore","Control",0.0436988190474905
"M","Ore","Control",0.0323882862755157
"M","Ore","Control",0.031890621446167
"M","Ore","Control",0.0436782318051232
"M","Ore","Control",0.0333739995572809
"M","Ore","Control",0.0305528901023874
"M","Ore","Control",0.0296217909901117
"M","Ore","Control",0.0198966081873887
"M","Ore","Control",0.0315877858799284
"M","Ore","Control",0.0394017292807488
"M","Ore","Control",0.0325410454342856
"M","Ore","Control",0.0403777188324306
"M","Ore","Control",0.0355420143508874
"M","Ore","Control",0.0306293243562307
"M","Ore","Control",0.0390436246660868
"M","Ore","Control",0.0383044911722294
"M","Ore","Control",0.0192155726128179
"M","Ore","Control",0.0331247469893829
"M","Ore","Control",0.0325161155053054
"M","Ore","Control",0.0306260810335543
"M","Ore","Control",0.0380950672156486
"M","Ore","Control",0.0341430097244931
"M","Ore","Control",0.0320550055672371
"M","Ore","Control",0.0259184058694912
"M","Ore","Control",0.0392114801707022
"M","Ore","Control",0.0330229949502908
"M","Ore","Control",0.0281290740693338
"M","Ore","Control",0.0351494981841048
"M","Ore","Control",0.0285490570616262
"M","Ore","Control",0.0356129908929868
"M","Ore","Control",0.0242656640002798
"M","Ore","Control",0.0438482477589663
"M","Ore","Control",0.0363656633593918
"M","Ore","Control",0.0262186372574179
"M","Ore","Control",0.0354441563064428
"M","Ore","Control",0.0376521303067374
"M","Ore","Control",0.0325193716037442
"M","Ore","Control",0.0405783886547333
"M","Ore","Control",0.0400166195806398
"M","Ore","Control",0.0365003278949844
"M","Ore","Control",0.0261706320310608
"M","Ore","Control",0.037619932323598
"M","Ore","Control",0.0364501578359748
"M","Ore","Control",0.0315794413318469
"M","Ore","Control",0.0428769796513264
"M","Ore","Control",0.0409350372604148
"M","Ore","Control",0.030439436772462
"M","Ore","Control",0.03276580748957
"M","Ore","Control",0.0355757285812183
"M","Ore","Control",0.0362546757300438
"M","Ore","Control",0.0232562331020552
"M","Ore","Control",0.0318584855989604
"M","Ore","Control",0.0347410053298619
"M","Ore","Control",0.0315749547048678
"M","Ore","Control",0.0234891961759983
"M","Ore","Control",0.0241618487782343
"M","Ore","Control",0.0282707794465584
"M","Ore","Control",0.0384327899447893
"M","Ore","Control",0.0374723843975986
"M","Ore","Control",0.0348827114328147
"M","Ore","Control",0.0361946441817655
"M","Ore","Control",0.0273383234314557
"M","Ore","Control",0.0297256066921874
"M","Ore","Control",0.0383228451574891
"M","Ore","Control",0.0428751037575512
"M","Ore","Control",0.0309914713658063
"M","Ore","Control",0.0368751681283475
"M","Ore","Control",0.0336062675067967
"M","Ore","Control",0.0313945759807793
"M","Ore","Control",0.029108724931298
"M","Ore","Control",0.0277669856152171
"M","Ore","Control",0.0282507314134758
"M","Ore","Control",0.0344725910973049
"M","Ore","Control",0.0238619051399478
"M","Ore","Control",0.0366195368798571
"M","Ore","Control",0.0403311249336075
"M","Ore","Control",0.0399747583673796
"M","Ore","Control",0.0403680297921778
"M","Ore","Control",0.0368358162185196
"M","Ore","Control",0.0358402143718888
"M","Ore","Control",0.0397651157540063
"M","Ore","Control",0.0174797578830355
"M","Ore","Control",0.037007075683089
"M","Ore","Control",0.0303043248419887
"M","Ore","Control",0.0314638023958214
"M","Ore","Control",0.0358538099499037
"M","Ore","Control",0.0394447985960448
"M","Ore","Control",0.0391965349409487
"M","Ore","Control",0.033787984912733
"M","Ore","Control",0.0355852937022686
"M","Ore","Control",0.0337836506385864
"M","Ore","Control",0.0369556898753216
"M","Ore","Control",0.0434467581179076
"M","Ore","Control",0.0402688161656583
"M","Ore","Control",0.0386167371251101
"M","Ore","Control",0.0354295662280018
"M","Ore","Control",0.0294177467418599
"M","Ore","Control",0.0332514036461894
"M","Ore","Control",0.0350731890893485
"M","Ore","Control",0.0260651774301195
"M","Ore","Control",0.0362063499147985
"M","Ore","Control",0.0261457051513243
"M","Ore","Control",0.0306826775267779
"M","Ore","Control",0.0300310190105388
"M","Ore","Control",0.032770690856842
"M","Ore","Control",0.0349674886378061
"M","Ore","Control",0.0324922123851962
"M","Ore","Control",0.0441841792262705
"M","Ore","Control",0.0227198520116072
"M","Ore","Control",0.0391160731349257
"M","Ore","Control",0.0313340848300928
"M","Ore","Control",0.0358644622006139
"M","Ore","Control",0.044385074258217
"M","Ore","Control",0.0271269105013982
"M","Ore","Control",0.0348202486189242
"M","Ore","Control",0.0431420832220218
"M","Ore","Control",0.0295227003163399
"M","Ore","Control",0.0358405787344878
"M","Ore","Control",0.0450261736714359
"M","Ore","Control",0.0315544712487853
"M","Ore","Control",0.0393462180253871
"M","Ore","Control",0.0358127546947511
"M","Ore","Control",0.0296528504320711
"M","Ore","Control",0.032870602754467
"M","Ore","Control",0.0427220840700963
"M","Ore","Control",0.0360625247584014
"M","Ore","Control",0.0368388320842999
"M","Ore","Control",0.0263113071267065
"M","Ore","Control",0.0452870309225522
"M","Ore","Control",0.0337479294999328
"M","Ore","Control",0.0381741080999627
"M","Ore","Control",0.0392460799435667
"M","Ore","Control",0.0340662286182356
"M","Ore","Control",0.0315128122298054
"M","Ore","Control",0.0439585412210854
"M","Ore","Control",0.0295693376834494
"M","Ore","Control",0.0288343564405211
"M","Ore","Control",0.033547357100488
"M","Ore","Control",0.0320961051821108
"M","Ore","Control",0.0270368516460708
"M","Ore","Control",0.0338160738384642
"M","Ore","Control",0.0397958121851357
"M","Ore","Control",0.0412248736899551
"M","Ore","Control",0.0267887315061586
"M","Ore","Control",0.027617283070229
"M","Ore","Control",0.032376672405907
"M","Ore","Control",0.0397313094844118
"M","Ore","Control",0.0239845799146969
"M","Ore","Control",0.0412142182799765
"M","Ore","Control",0.0298972348447637
"M","Ore","Control",0.0389167991032637
"M","Ore","Control",0.0275382820379829
"M","Ore","Control",0.0341143612943451
"M","Ore","Control",0.0410243703133336
"M","Ore","Control",0.0349462035189159
"M","Ore","Control",0.0287140649834433
"M","Ore","Control",0.0330410736326647
"M","Ore","Control",0.0331728339305602
"M","Ore","Control",0.0396394330150436
"M","Ore","Control",0.0421705009399607
"M","Ore","Control",0.0278658938767718
"M","Ore","Control",0.0348701166380283
"M","Ore","Control",0.0364242687864707
"M","Ore","Control",0.0316155675573568
"M","Ore","Control",0.0333802157954359
"M","Ore","Control",0.0481440248365579
"M","Ore","Control",0.0310819043038521
"M","Ore","Control",0.0366445983423616
"M","Ore","Control",0.0417458724974286
"M","Ore","Control",0.0315753771482299
"M","Ore","Control",0.0260371093397293
"M","Ore","Control",0.0386478072762802
"M","Ore","Control",0.0355640931628451
"M","Ore","Control",0.0364174297998214
"M","Ore","Control",0.0287416038526826
"M","Ore","Control",0.0384290474752916
"M","Ore","Control",0.0367643370041197
"M","Ore","Control",0.0363750472442898
"M","Ore","Control",0.0362505171748878
"M","Ore","Control",0.040738390058026
"M","Ore","Control",0.0356830390276659
"M","Ore","Control",0.0371727167697311
"M","Ore","Control",0.029687219455989
"M","Ore","Control",0.025062714985507
"M","Ore","Control",0.0375346363275887
"M","Ore","Control",0.0259796155132709
"M","Ore","Control",0.0386982782264356
"M","Ore","Control",0.0327504831097931
"M","Ore","Control",0.027803002529586
"M","Ore","Control",0.0294778668545108
"M","Ore","Control",0.0267799965938853
"M","Ore","Control",0.0322771953527432
"M","Ore","Rotenone",0.0354882283137657
"M","Ore","Rotenone",0.0356591946792754
"M","Ore","Rotenone",0.0277645819653603
"M","Ore","Rotenone",0.033707267853525
"M","Ore","Rotenone",0.0342793083785447
"M","Ore","Rotenone",0.0296043543870567
"M","Ore","Rotenone",0.0350963548072696
"M","Ore","Rotenone",0.0289335723140243
"M","Ore","Rotenone",0.0295036239545435
"M","Ore","Rotenone",0.0357205700358988
"M","Ore","Rotenone",0.0416658457501919
"M","Ore","Rotenone",0.0273258114338333
"M","Ore","Rotenone",0.0213266482230509
"M","Ore","Rotenone",0.0338824776670946
"M","Ore","Rotenone",0.0245528679730561
"M","Ore","Rotenone",0.0330321773169732
"M","Ore","Rotenone",0.0233329733404743
"M","Ore","Rotenone",0.0314146040807132
"M","Ore","Rotenone",0.0313268967289754
"M","Ore","Rotenone",0.03354379191084
"M","Ore","Rotenone",0.039735023424564
"M","Ore","Rotenone",0.0282477093431833
"M","Ore","Rotenone",0.0215093326041899
"M","Ore","Rotenone",0.0362072461122402
"M","Ore","Rotenone",0.029790577027989
"M","Ore","Rotenone",0.0252929274883544
"M","Ore","Rotenone",0.0336855180538744
"M","Ore","Rotenone",0.0352253985932786
"M","Ore","Rotenone",0.0235222393089068
"M","Ore","Rotenone",0.0363092640815849
"M","Ore","Rotenone",0.0392648885525106
"M","Ore","Rotenone",0.0301540348048566
"M","Ore","Rotenone",0.0283804163404607
"M","Ore","Rotenone",0.0339381016494402
"M","Ore","Rotenone",0.0264076226563341
"M","Ore","Rotenone",0.0204696171113759
"M","Ore","Rotenone",0.0380968169677325
"M","Ore","Rotenone",0.0293183683466433
"M","Ore","Rotenone",0.0324915992613496
"M","Ore","Rotenone",0.0273844426042865
"M","Ore","Rotenone",0.0349221781727451
"M","Ore","Rotenone",0.028741510749288
"M","Ore","Rotenone",0.0364723333355567
"M","Ore","Rotenone",0.0257431297685695
"M","Ore","Rotenone",0.0216661861853779
"M","Ore","Rotenone",0.029654842502188
"M","Ore","Rotenone",0.0384583555332243
"M","Ore","Rotenone",0.0228371259722493
"M","Ore","Rotenone",0.0329867708421774
"M","Ore","Rotenone",0.030533259185087
"M","Ore","Rotenone",0.0248770554870022
"M","Ore","Rotenone",0.0334372622866362
"M","Ore","Rotenone",0.0269415639916203
"M","Ore","Rotenone",0.0328061321270212
"M","Ore","Rotenone",0.0309277877939878
"M","Ore","Rotenone",0.0289388941945813
"M","Ore","Rotenone",0.0241067894580474
"M","Ore","Rotenone",0.0228049177643155
"M","Ore","Rotenone",0.034137384279911
"M","Ore","Rotenone",0.0226017962786611
"M","Ore","Rotenone",0.0220856393319693
"M","Ore","Rotenone",0.0369298745481656
"M","Ore","Rotenone",0.0202965118157479
"M","Ore","Rotenone",0.0328968464850859
"M","Ore","Rotenone",0.0270941236691423
"M","Ore","Rotenone",0.0253218756415322
"M","Ore","Rotenone",0.0341023372090597
"M","Ore","Rotenone",0.0319130659844666
"M","Ore","Rotenone",0.0247117877959509
"M","Ore","Rotenone",0.0348387911654769
"M","Ore","Rotenone",0.0288125041291597
"M","Ore","Rotenone",0.0393005785737754
"M","Ore","Rotenone",0.0284629618581222
"M","Ore","Rotenone",0.0319151793230222
"M","Ore","Rotenone",0.0342685462546169
"M","Ore","Rotenone",0.0274053854198215
"M","Ore","Rotenone",0.0319560765311961
"M","Ore","Rotenone",0.0265391341073285
"M","Ore","Rotenone",0.0292430653461437
"M","Ore","Rotenone",0.0221735221567113
"M","Ore","Rotenone",0.0348061311810485
"M","Ore","Rotenone",0.0342308824051617
"M","Ore","Rotenone",0.029772207852761
"M","Ore","Rotenone",0.0238793941480205
"M","Ore","Rotenone",0.0230266778793892
"M","Ore","Rotenone",0.0393661427746851
"M","Ore","Rotenone",0.0275167966729767
"M","Ore","Rotenone",0.0277416605859858
"M","Ore","Rotenone",0.0364938346912619
"M","Ore","Rotenone",0.0290598044107513
"M","Ore","Rotenone",0.0394157396578045
"M","Ore","Rotenone",0.0328682193356778
"M","Ore","Rotenone",0.0327202981929847
"M","Ore","Rotenone",0.0247350253833377
"M","Ore","Rotenone",0.0304224181542876
"M","Ore","Rotenone",0.0275075769866001
"M","Ore","Rotenone",0.0308000448593278
"M","Ore","Rotenone",0.0342249738766175
"M","Ore","Rotenone",0.0285725887401026
"M","Ore","Rotenone",0.0362853554183394
"M","Ore","Rotenone",0.0174292313910317
"M","Ore","Rotenone",0.0353607761998049
"M","Ore","Rotenone",0.0378288145436262
"M","Ore","Rotenone",0.0337424062697226
"M","Ore","Rotenone",0.0289764362495519
"M","Ore","Rotenone",0.0265240949292286
"M","Ore","Rotenone",0.0268249243703745
"M","Ore","Rotenone",0.0314299049193531
"M","Ore","Rotenone",0.03146385549117
"M","Ore","Rotenone",0.0227213726167342
"M","Ore","Rotenone",0.0392934872182988
"M","Ore","Rotenone",0.0321320514601779
"M","Ore","Rotenone",0.0278360107228631
"M","Ore","Rotenone",0.0363083225250694
"M","Ore","Rotenone",0.0171345790992357
"M","Ore","Rotenone",0.033001062724658
"M","Ore","Rotenone",0.0345723261051128
"M","Ore","Rotenone",0.0301636535709395
"M","Ore","Rotenone",0.0327742230945932
"M","Ore","Rotenone",0.0291187076364156
"M","Ore","Rotenone",0.038052795619486
"M","Ore","Rotenone",0.0346005556235805
"M","Ore","Rotenone",0.0375730438538578
"M","Ore","Rotenone",0.0336967485421723
"M","Ore","Rotenone",0.0370685463557683
"M","Ore","Rotenone",0.0239581563423326
"M","Ore","Rotenone",0.0324929602864744
"M","Ore","Rotenone",0.0380895247314761
"M","Ore","Rotenone",0.0372057699906711
"M","Ore","Rotenone",0.0190122646645858
"M","Ore","Rotenone",0.0338982354677177
"M","Ore","Rotenone",0.0227769411221555
"M","Ore","Rotenone",0.0272645754235837
"M","Ore","Rotenone",0.0426030479401468
"M","Ore","Rotenone",0.0345509607089259
"M","Ore","Rotenone",0.0296368703878486
"M","Ore","Rotenone",0.0324618623642078
"M","Ore","Rotenone",0.0168377305312143
"M","Ore","Rotenone",0.0267327542922306
"M","Ore","Rotenone",0.0279085589236773
"M","Ore","Rotenone",0.0356784087417771
"M","Ore","Rotenone",0.0324026358822493
"M","Ore","Rotenone",0.0353424585309246
"M","Ore","Rotenone",0.0269948979609436
"M","Ore","Rotenone",0.0348483956089674
"M","Ore","Rotenone",0.030677858730239
"M","Ore","Rotenone",0.0361440189048537
"M","Ore","Rotenone",0.0245846721110056
"M","Ore","Rotenone",0.031683871083348
"M","Ore","Rotenone",0.0310790322985882
"M","Ore","Rotenone",0.026800299369366
"M","Ore","Rotenone",0.0363832537381357
"M","Ore","Rotenone",0.0237575399690853
"M","Ore","Rotenone",0.0262812284757835
"M","Ore","Rotenone",0.0316762539974536
"M","Ore","Rotenone",0.0335453430882557
"M","Ore","Rotenone",0.0390906219600812
"M","Ore","Rotenone",0.0302901522908836
"M","Ore","Rotenone",0.0168958262117716
"M","Ore","Rotenone",0.030740891963288
"M","Ore","Rotenone",0.0319010678721491
"M","Ore","Rotenone",0.0377039678193532
"M","Ore","Rotenone",0.0299718841084101
"M","Ore","Rotenone",0.0324626606452228
"M","Ore","Rotenone",0.0422546110685379
"M","Ore","Rotenone",0.029741353647914
"M","Ore","Rotenone",0.0386189632595934
"M","Ore","Rotenone",0.026728150427897
"M","Ore","Rotenone",0.0393015587661345
"M","Ore","Rotenone",0.027829537519348
"M","Ore","Rotenone",0.0285930906287595
"M","Ore","Rotenone",0.0449804512026757
"M","Ore","Rotenone",0.022626330771997
"M","Ore","Rotenone",0.0339469930567394
"M","Ore","Rotenone",0.0266853174940194
"M","Ore","Rotenone",0.0311015983092892
"M","Ore","Rotenone",0.0330908502436047
"M","Ore","Rotenone",0.0244397442217684
"M","Ore","Rotenone",0.0329928304454019
"M","Ore","Rotenone",0.0283291251949843
"M","Ore","Rotenone",0.0301160780331717
"M","Ore","Rotenone",0.036463398519045
"M","Ore","Rotenone",0.0259517623295705
"M","Ore","Rotenone",0.0295414053076832
"M","Ore","Rotenone",0.0347642903826588
"M","Ore","Rotenone",0.0338174503801808
"M","Ore","Rotenone",0.037285573240656
"M","Ore","Rotenone",0.0357810635553808
"M","Ore","Rotenone",0.0308998935260591
"M","Ore","Rotenone",0.0220064504156698
"M","Ore","Rotenone",0.0218052078345902
"M","Ore","Rotenone",0.0302729743873837
"M","Ore","Rotenone",0.0369180828884282
"M","Ore","Rotenone",0.0280846616668525
"M","Ore","Rotenone",0.0275956512169458
"M","Ore","Rotenone",0.029845265224898
"M","Ore","Rotenone",0.032812097938781
"M","Ore","Rotenone",0.0346919448362602
"M","Ore","Rotenone",0.0226512870238444
"M","Ore","Rotenone",0.0255266013698887
"M","Ore","Rotenone",0.0309670655999197
"M","Ore","Rotenone",0.0264940430796269
"M","Ore","Rotenone",0.0281520919763181
"M","Ore","Rotenone",0.0285922438441696
"M","Ore","Rotenone",0.0346285646640252
"M","Ore","Rotenone",0.0274594826222374
"M","Ore","Rotenone",0.0355402654046421
"M","Ore","Rotenone",0.0232010728881271
"M","Ore","Rotenone",0.0199050279969542
"M","Ore","Rotenone",0.0227891885364695
"M","Ore","Rotenone",0.0226219069092466
"M","Ore","Rotenone",0.0379967786227618
"M","Ore","Rotenone",0.0315891602742507
"M","Ore","Rotenone",0.0332029284148315
"M","Ore","Rotenone",0.0369565258257967
"M","Ore","Rotenone",0.0275478349704079
"M","Ore","Rotenone",0.0297979947107725
"M","Ore","Rotenone",0.0287255644344305
"M","Ore","Rotenone",0.0296908317302753
"M","Ore","Rotenone",0.0354262732248898
"M","Ore","Rotenone",0.0388100890099576
"M","Ore","Rotenone",0.0401831815032627
"M","Ore","Rotenone",0.0313548995894951
"M","Ore","Rotenone",0.0290530642817524
"M","Ore","Rotenone",0.0240499435395873
"M","Ore","Rotenone",0.0291345764887577
"M","Ore","Rotenone",0.0250584705962598
"M","Ore","Rotenone",0.0294096670601361
"M","Ore","Rotenone",0.038790690807562
"M","Ore","Rotenone",0.0389710897369807
"M","Ore","Rotenone",0.0385911072326972
"M","Ore","Rotenone",0.0297991361619903
"M","Ore","Rotenone",0.0289537795610088
"M","Ore","Rotenone",0.0251163008826108
"M","Ore","Rotenone",0.0216098557302282
"M","Ore","Rotenone",0.0318987888417655
"M","Ore","Rotenone",0.0323737485485545
"M","Ore","Rotenone",0.0301152572310496
"M","Ore","Rotenone",0.0331792099016425
"M","Ore","Rotenone",0.0301724001800238
"M","Ore","Rotenone",0.027562272731704
"M","Ore","Rotenone",0.0377812518536283
"M","Ore","Rotenone",0.0349131726019133
"M","Ore","Rotenone",0.0261610175310611
"M","Ore","Rotenone",0.0270894775123047
"M","Ore","Rotenone",0.0302191677810596
"M","Ore","Rotenone",0.0284300915308861
"M","Ore","Rotenone",0.0262606125797739
"M","Ore","Rotenone",0.030016320415972
"M","Ore","Rotenone",0.0302668608961784
"M","Ore","Rotenone",0.0245094517624903
"M","Ore","Rotenone",0.0354433469297966
"M","Ore","Rotenone",0.0282056376415211
"M","Ore","Rotenone",0.0402369233924803
"M","Ore","Rotenone",0.0266813872563212
"M","Ore","Rotenone",0.0331477930494881
"M","Ore","Rotenone",0.0393090870885551
"M","Ore","Rotenone",0.0277942718459934
"M","Ore","Rotenone",0.0380702974323422
"M","Ore","Rotenone",0.0352949369699305
"M","Ore","Rotenone",0.0276375214898523
"M","Ore","Rotenone",0.0358739938146592
"M","Ore","Rotenone",0.032060542330901
"M","Ore","Rotenone",0.0258546898000009
"M","Ore","Rotenone",0.0268902284863807
"M","Ore","Rotenone",0.0283970394333711
"M","Ore","Rotenone",0.033636258507351
"M","Ore","Rotenone",0.0291184136709001
"M","Ore","Rotenone",0.0272343063911021
"M","Ore","Rotenone",0.0328790001348017
"M","Ore","Rotenone",0.0336337106104453
"M","Ore","Rotenone",0.0337378228141848
"M","Ore","Rotenone",0.029290294204705
"M","Ore","Rotenone",0.0255655730593339
"M","Ore","Rotenone",0.0273772214702483
"M","Ore","Rotenone",0.0194358997465907
"M","Ore","Rotenone",0.0428628814478317
"M","Ore","Rotenone",0.0379530095524091
"M","Ore","Rotenone",0.0252511974338076
"M","Ore","Rotenone",0.0273017954432086
"M","Ore","Rotenone",0.0361417835810756
"M","Ore","Rotenone",0.0314806139619665
"M","Ore","Rotenone",0.0300142328005483
"M","Ore","Rotenone",0.0296408119276061
"M","Ore","Rotenone",0.029222385033313
"M","Ore","Rotenone",0.0308424967834085
"M","Ore","Rotenone",0.0344980015063818
"M","Ore","Rotenone",0.0307408988793993
"M","Ore","Rotenone",0.0213056748639175
"M","Ore","Rotenone",0.0178407885327629
"M","Ore","Rotenone",0.0376284848684753
"M","Ore","Rotenone",0.0398929185001239
"M","Ore","Rotenone",0.0261524063283504
"M","Ore","Rotenone",0.0294040191867137
"M","Ore","Rotenone",0.0343933426392793
"M","Ore","Rotenone",0.0261343678493841
"M","Ore","Rotenone",0.0368358997751081
"M","Ore","Rotenone",0.0209633241570875
"M","Ore","Rotenone",0.0308287597430696
"M","Ore","Rotenone",0.023052195609464
"M","Ore","Rotenone",0.0383998177616592
"M","Ore","Rotenone",0.0301079294938158
"M","Ore","Rotenone",0.026691017798201
"M","Ore","Rotenone",0.0277104137557544
"M","Ore","Rotenone",0.0300874458099184
"M","Ore","Rotenone",0.0159102559253554
"M","Ore","Rotenone",0.023332399724086
"M","Ore","Rotenone",0.0253055687287089
"M","Ore","Rotenone",0.028067211559713
"M","Ore","Rotenone",0.0336512078308989
"M","Ore","Rotenone",0.0310779365237142
"M","Ore","Rotenone",0.036905712051496
"M","Ore","Rotenone",0.0301661607835701
"M","Ore","Rotenone",0.0225062864521882
"M","Ore","Rotenone",0.0331954214572514
"M","Ore","Rotenone",0.0357921652285115
"M","Ore","Rotenone",0.0300440757889581
"M","Ore","Rotenone",0.0385285630313982
"M","Ore","Rotenone",0.0264426702909282
"M","Ore","Rotenone",0.0255213847146877
"M","Ore","Rotenone",0.0169723800042553
"M","Ore","Rotenone",0.0307981606171754
"M","Ore","Rotenone",0.0223126272937172
"M","Ore","Rotenone",0.0293499446720196
"M","Ore","Rotenone",0.0252378796169394
"M","Ore","Rotenone",0.0286506974648644
"M","Ore","Rotenone",0.032808224285198
"M","Ore","Rotenone",0.0366757867200141
"M","Ore","Rotenone",0.0291583791241485
"M","Ore","Rotenone",0.0174164406591411
"M","Ore","Rotenone",0.0342633918867384
"M","Ore","Rotenone",0.0259919303124549
"M","Ore","Rotenone",0.0326522788289156
"M","Ore","Rotenone",0.0244671176364484
"M","Ore","Rotenone",0.0283380756415808
"M","Ore","Rotenone",0.0340810109003236
"M","Ore","Rotenone",0.0290898090884
"M","Ore","Rotenone",0.0281381528032821
"M","Ore","Rotenone",0.0246070851788533
"M","Ore","Rotenone",0.0264143760803657
"M","Ore","Rotenone",0.0273986919416337
"M","Ore","Rotenone",0.035421010744661
"M","Ore","Rotenone",0.0359520216436389
"M","Ore","Rotenone",0.0341222906470237
"M","Ore","Rotenone",0.0291476961633351
"M","Ore","Rotenone",0.0294889593665717
"M","Ore","Rotenone",0.0358865405375312
"M","Ore","Rotenone",0.020841275532873
"M","Ore","Rotenone",0.0376450592680959
"M","Ore","Rotenone",0.0301614995573001
"M","Ore","Rotenone",0.0228476466487219
"M","Ore","Rotenone",0.0288359308668451
"M","Ore","Rotenone",0.0353133284559702
"M","Ore","Rotenone",0.0268201566989089
"M","Ore","Rotenone",0.0394002314424514
"M","Ore","Rotenone",0.0321401317661683
"M","Ore","Rotenone",0.0343230145980102
"M","Ore","Rotenone",0.0272040116165225
"M","Ore","Rotenone",0.0329726081596106
"M","Ore","Rotenone",0.0324124028642708
"M","Ore","Rotenone",0.0306595605971085
"M","Ore","Rotenone",0.020405201118402
"M","Ore","Rotenone",0.0323461955029673
"M","Ore","Rotenone",0.0320916838057599
"M","Ore","Rotenone",0.0301406917119091
"M","Ore","Rotenone",0.0352662658976308
"M","Ore","Rotenone",0.0229731627877774
"M","Ore","Rotenone",0.0316943514373341
"M","Ore","Rotenone",0.0243684432082908
"M","Ore","Rotenone",0.0365668221390453
"M","Ore","Rotenone",0.0324683843237317
"M","Ore","Rotenone",0.0374028748607401
"M","Ore","Rotenone",0.0312288165533233
"M","Ore","Rotenone",0.0259801411389892
"M","Ore","Rotenone",0.018248599563569
"M","Ore","Rotenone",0.0313552682317206
"M","Ore","Rotenone",0.0386394825490264
"M","Ore","Rotenone",0.0294284501588444
"M","Ore","Rotenone",0.0345037134859722
"M","Ore","Rotenone",0.0338684431381387
"M","Ore","Rotenone",0.0236487130441398
"M","Ore","Rotenone",0.0362064320893554
"M","Ore","Rotenone",0.0311820071846135
"M","Ore","Rotenone",0.0313222835141703
"M","Ore","Rotenone",0.0157491521628317
"M","Ore","Rotenone",0.0237682889495733
"M","Ore","Rotenone",0.0328986466414732
"M","Ore","Rotenone",0.0295230715728982
"M","Ore","Rotenone",0.0267141681372335
"M","Ore","Rotenone",0.0385377407302734
"M","Ore","Rotenone",0.0387970757212712
"M","Ore","Rotenone",0.0235890067336775
"M","Ore","Rotenone",0.0347791702140654
"M","Ore","Rotenone",0.0344733008668839
"M","Ore","Rotenone",0.0328331809385819
"M","Ore","Rotenone",0.0325588937668729
"M","Ore","Rotenone",0.0240903401424841
"M","Ore","Rotenone",0.0287264411429527
"M","Ore","Rotenone",0.0344585308674287
"M","Ore","Rotenone",0.0273994145889057
"M","Ore","Rotenone",0.0360090889560911
"M","Ore","Rotenone",0.0374732600335465
"M","Ore","Rotenone",0.0342988716273255
"M","Ore","Rotenone",0.0409214978962037
"M","Ore","Rotenone",0.0352693950516281
"M","Ore","Rotenone",0.0178660472608212
"M","Ore","Rotenone",0.031312147167616
"M","Ore","Rotenone",0.0321053512858362
"M","Ore","Rotenone",0.03178921606666
"M","Ore","Rotenone",0.0281900725221566
"M","Ore","Rotenone",0.0267715107500158
"M","Ore","Rotenone",0.025517726137633
"M","Ore","Rotenone",0.0270591980441375
"M","Ore","Rotenone",0.0328467349343183
"M","Ore","Rotenone",0.0278049078259255
"M","Ore","Rotenone",0.0266010737024237
"M","Ore","Rotenone",0.0321667440614892
"M","Ore","Rotenone",0.0285492450410098
"M","Ore","Rotenone",0.0307637593645246
"M","Ore","Rotenone",0.0322751408531308
"M","Ore","Rotenone",0.0329830363276399
"M","Ore","Rotenone",0.0233820289299735
"M","Ore","Rotenone",0.0239146127155835
"M","Ore","Rotenone",0.0361048982973913
"M","Ore","Rotenone",0.0355167129144474
"M","Ore","Rotenone",0.0302788159409028
"M","Ore","Rotenone",0.0294536207788177
"M","Ore","Rotenone",0.0280993942123176
"M","Ore","Rotenone",0.0321543022366574
"M","Ore","Rotenone",0.0364225034141672
"M","Ore","Rotenone",0.0276797681336207
"M","Ore","Rotenone",0.0314058344935121
"M","Ore","Rotenone",0.0280930310890484
"M","Ore","Rotenone",0.0330384306366151
"M","Ore","Rotenone",0.0199842376784513
"M","Ore","Rotenone",0.0345225485395136
"M","Ore","Rotenone",0.0299629477849541
"M","Ore","Rotenone",0.0388797052143897
"M","Ore","Rotenone",0.0340338029929802
"M","Ore","Rotenone",0.028361272783513
"M","Ore","Rotenone",0.0342908004704672
"M","Ore","Rotenone",0.0266612041281951
"M","Ore","Rotenone",0.033584631310911
"M","Ore","Rotenone",0.0302198401318515
"M","Ore","Rotenone",0.0294362873143898
"M","Ore","Rotenone",0.0254441704830993
"M","Ore","Rotenone",0.0420672217830281
"M","Ore","Rotenone",0.0359341995314067
"M","Ore","Rotenone",0.0231795269627505
"M","Ore","Rotenone",0.0276561174129848
"M","Ore","Rotenone",0.0438175220134814
"M","Ore","Rotenone",0.0196997916552545
"M","Ore","Rotenone",0.031728397979144
"M","Ore","Rotenone",0.024911360164723
"M","Ore","Rotenone",0.0359804390319024
"M","Ore","Rotenone",0.0217386027825713
"M","Ore","Rotenone",0.0253890214806497
"M","Ore","Rotenone",0.0288562092429934
"M","Ore","Rotenone",0.0387005035169863
"M","Ore","Rotenone",0.022105494144025
"M","Ore","Rotenone",0.0393462225993118
"M","Ore","Rotenone",0.0235236402575259
"M","Ore","Rotenone",0.0340775331239262
"M","Ore","Rotenone",0.0376800091741865
"M","Ore","Rotenone",0.0224455999256007
"M","Ore","Rotenone",0.0314467862709881
"M","Ore","Rotenone",0.0328445394465872
"M","Ore","Rotenone",0.0288690205373126
"M","Ore","Rotenone",0.0342854355432749
"M","Ore","Rotenone",0.0310635682478727
"M","Ore","Rotenone",0.0269853513674527
"M","Ore","Rotenone",0.0312925247350163
"M","Ore","Rotenone",0.0259710048841514
"M","Ore","Rotenone",0.0280466457598978
"M","Ore","Rotenone",0.0370919192713539
"M","Ore","Rotenone",0.0388932684666353
"M","Ore","Rotenone",0.0351858751552577
"M","Ore","Rotenone",0.0217976994358194
"M","Ore","Rotenone",0.0328173699300273
"M","Ore","Rotenone",0.0325454634086086
"M","Ore","Rotenone",0.0336816102665265
"M","Ore","Rotenone",0.0191904246002662
"M","Ore","Rotenone",0.0346264635975288
"M","Ore","Rotenone",0.0270026978665572
"M","Ore","Rotenone",0.0205989369833299
"M","Ore","Rotenone",0.0314349631946317
"M","Ore","Rotenone",0.027269746057818
"M","Ore","Rotenone",0.0286926764461671
"M","Ore","Rotenone",0.0366521362458528
"M","Ore","Rotenone",0.0416492119967575
"M","Ore","Rotenone",0.0319161072292575
"M","Ore","Rotenone",0.0290325043546939
"M","Ore","Rotenone",0.0191690560302969
"M","Ore","Rotenone",0.0298667984233465
"M","Ore","Rotenone",0.0319096787491261
"M","Ore","Rotenone",0.0360622892410364
"M","Ore","Rotenone",0.028588405985627
"M","Ore","Rotenone",0.0302287061948993
"M","Ore","Rotenone",0.0377208580489391
"M","Ore","Rotenone",0.0326448623333227
"M","Ore","Rotenone",0.0345388739110522
"M","Ore","Rotenone",0.0325717290447614
"M","Ore","Rotenone",0.0288230524852528
"M","Ore","Rotenone",0.0322041141660268
"M","Ore","Rotenone",0.0298121923892987
"M","Ore","Rotenone",0.0312386471687618
"M","Ore","Rotenone",0.0296822977055261
"M","Ore","Rotenone",0.0290296975800697
"M","Ore","Rotenone",0.0237149341654308
"M","Ore","Rotenone",0.0379520781522446
"M","Ore","Rotenone",0.0325122345927676
"M","Ore","Rotenone",0.0272621447447501
"M","Ore","Rotenone",0.0190247651378175
"M","Ore","Rotenone",0.028426721017571
"M","Ore","Rotenone",0.0353487524018694
"M","Ore","Rotenone",0.02936265131834
"M","Ore","Rotenone",0.0340527620294317
"M","Ore","Rotenone",0.0321162964797107
"M","Ore","Rotenone",0.0424847085065761
"M","Ore","Rotenone",0.0350787617353184
"M","Ore","Rotenone",0.0391904605545219
"M","Ore","Rotenone",0.0351986136957863
"M","Ore","Rotenone",0.0241770042687589
"M","Ore","Rotenone",0.0367411167760684
"M","Ore","Rotenone",0.0314040074336192
"M","Ore","Rotenone",0.0203385605324384
"M","Ore","Rotenone",0.0252855493937613
"M","Ore","Rotenone",0.0156394908047097
"M","Ore","Rotenone",0.0362102935753027
"M","Ore","Rotenone",0.032166051104529
"M","Ore","Rotenone",0.0288713136659557
"M","Ore","Rotenone",0.0221763244543402
"M","Ore","Rotenone",0.0328933760287849
"M","Ore","Rotenone",0.037496105697596
"M","Ore","Rotenone",0.0303210013560407
"M","Ore","Rotenone",0.0264893779322253
"M","Ore","Rotenone",0.0363000934767345
"M","Ore","Rotenone",0.0261165778136856
"M","Ore","Rotenone",0.0388993819476814
"M","Ore","Rotenone",0.0382433843668229
"M","Ore","Rotenone",0.035528506803179
"M","Ore","Rotenone",0.0272486766324917
"M","Ore","Rotenone",0.0359045517347801
"M","Ore","Rotenone",0.0313607288850966
"M","Ore","Rotenone",0.0363486719732012
"M","Ore","Rotenone",0.0383015722956734
"M","Ore","Rotenone",0.0303286752482453
"M","Ore","Rotenone",0.0323450999969995
"M","Ore","Rotenone",0.0304905793640405
"M","Ore","Rotenone",0.0332829261815686
"M","Ore","Rotenone",0.0146243290871175
"M","Ore","Rotenone",0.0380644971634947
"M","Ore","Rotenone",0.0334324084824223
"M","Ore","Rotenone",0.0265438895707959
"M","Ore","Rotenone",0.0381626816299939
"M","Ore","Rotenone",0.0426886403502178
"M","Ore","Rotenone",0.0282047632646931
"M","Ore","Rotenone",0.0335727268221841
"M","Ore","Rotenone",0.0298159830881595
"M","Ore","Rotenone",0.0376261000984144
"M","Ore","Rotenone",0.0338481283247228
"M","Ore","Rotenone",0.0263621320272905
"M","Ore","Rotenone",0.0176363076138795
"M","Ore","Rotenone",0.0369999993521236
"M","Ore","Rotenone",0.034561793584154
"M","Ore","Rotenone",0.0391403037312695
"M","Ore","Rotenone",0.0382265178314066
"M","Ore","Rotenone",0.0372625127508589
"M","Ore","Rotenone",0.0318223660635882
"M","Ore","Rotenone",0.0298498798730839
"M","Ore","Rotenone",0.0265125170627655
"M","Ore","Rotenone",0.0372270979811205
"M","Ore","Rotenone",0.0381393626318865
"M","Ore","Rotenone",0.0347051107076831
"M","Ore","Rotenone",0.0400736385801688
"M","Ore","Rotenone",0.0298347900281414
"M","Ore","Rotenone",0.0247707182992837
"M","Ore","Rotenone",0.0339120700529216
"M","Ore","Rotenone",0.0202849994688833
"M","Ore","Rotenone",0.0346385929988364
"M","Ore","Rotenone",0.0412179683386565
"M","Ore","Rotenone",0.0281207041491258
"M","Ore","Rotenone",0.0296729229350217
"M","Ore","Rotenone",0.0353841685645731
"M","Ore","Rotenone",0.0332226304000908
"M","Ore","Rotenone",0.0188054597608497
"M","Ore","Rotenone",0.0309906356219918
"M","Ore","Rotenone",0.0328904261546069
"M","Ore","Rotenone",0.0343216897778699
"M","Ore","Rotenone",0.0264955625283182
"M","Ore","Rotenone",0.0290443419251062
"M","Ore","Rotenone",0.0409528736122035
"M","Ore","Rotenone",0.0334128259715103
"M","Ore","Rotenone",0.0314654280414835
"M","Ore","Rotenone",0.030692912847694
"M","Ore","Rotenone",0.0230632309772631
"M","Ore","Rotenone",0.022169079409985
"M","Ore","Rotenone",0.030911859284627
"M","Ore","Rotenone",0.0300525377595411
"M","Ore","Rotenone",0.0262890297451487
"M","Ore","Rotenone",0.0238492645125519
"M","Ore","Rotenone",0.0440201412952312
"M","Ore","Rotenone",0.0295462128246895
"M","Ore","Rotenone",0.0360406866209176
"M","Ore","Rotenone",0.0329468366387943
"M","Ore","Rotenone",0.036963481456138
"M","Ore","Rotenone",0.039630848974787
"M","Ore","Rotenone",0.0283567037736055
"M","Ore","Rotenone",0.0304320682242522
"M","Ore","Rotenone",0.0318873709373697
"M","Ore","Rotenone",0.0380717245978751
"M","Ore","Rotenone",0.0358961655362279
"M","Ore","Rotenone",0.0280984136834882
"M","Ore","Rotenone",0.0285929586126734
"M","Ore","Rotenone",0.0329551419818603
"M","Ore","Rotenone",0.029522330606249
"M","Ore","Rotenone",0.0335863017818065
"M","Ore","Rotenone",0.0383206167182988
"M","Ore","Rotenone",0.0344503954855878
"M","Ore","Rotenone",0.0352110323124336
"M","Ore","Rotenone",0.0347582678151922
"M","Ore","Rotenone",0.041110136342149
"M","Ore","Rotenone",0.0220366701913786
"M","Ore","Rotenone",0.0312364947523187
"M","Ore","Rotenone",0.0296626566038461
"M","Ore","Rotenone",0.025230787263612
"M","Ore","Rotenone",0.0220587217482614
"M","Ore","Rotenone",0.0240354787327662
"M","Ore","Rotenone",0.0274313794161618
"M","Ore","Rotenone",0.0342195533150951
"M","Ore","Rotenone",0.0383528653346568
"M","Ore","Rotenone",0.0294262168773775
"M","Ore","Rotenone",0.0215791873927436
"M","Ore","Rotenone",0.0250921788385392
"M","Ore","Rotenone",0.0345518780821409
"M","Ore","Rotenone",0.0301598212070265
"M","Ore","Rotenone",0.0237479465049659
"M","Ore","Rotenone",0.0274388516219023
"M","Ore","Rotenone",0.020501422879659
"M","Ore","Rotenone",0.0309659801035595
"M","Ore","Rotenone",0.0231109248345715
"M","Ore","Rotenone",0.038057720088334
"M","Ore","Rotenone",0.0170500323544208
"M","Ore","Rotenone",0.0312028477541658
"M","Ore","Rotenone",0.0283493798557539
"M","Ore","Rotenone",0.0349176111586483
"M","Ore","Rotenone",0.0311975043093493
"M","Ore","Rotenone",0.03454368892111
"M","Ore","Rotenone",0.0231250590804917
"M","Ore","Rotenone",0.0399540896732736
"M","Ore","Rotenone",0.0292968560676336
"M","Ore","Rotenone",0.0184675369146449
"M","Ore","Rotenone",0.0226761598441827
"M","Ore","Rotenone",0.0348354249380028
"M","Ore","Rotenone",0.0275611322978977
"M","Ore","Rotenone",0.0330822336928586
"M","Ore","Rotenone",0.0209858297688973
"M","Ore","Rotenone",0.0354542486235749
"M","Ore","Rotenone",0.0283793422216963
"M","Ore","Rotenone",0.0310464447114699
"M","Ore","Rotenone",0.033867457469364
"M","Ore","Rotenone",0.0326889490549243
"M","Ore","Rotenone",0.0347897310558086
"M","Ore","Rotenone",0.0338034033420375
"M","Ore","Rotenone",0.0256282020712042
"M","Ore","Rotenone",0.0310193084248196
"M","Ore","Rotenone",0.0376895215366822
"M","Ore","Rotenone",0.0197730217954513
"M","Ore","Rotenone",0.0310449909539188
"M","Ore","Rotenone",0.0267521277537633
"M","Ore","Rotenone",0.0383242045473606
"M","Ore","Rotenone",0.0344088577945727
"M","Ore","Rotenone",0.0365470686597506
"M","Ore","Rotenone",0.0219866584734838
"M","Ore","Rotenone",0.0385598294169364
"M","Ore","Rotenone",0.0354032484285212
"M","Ore","Rotenone",0.0312758089735623
"M","Ore","Rotenone",0.0395284274651724
"M","Ore","Rotenone",0.0242805536399158
"M","Ore","Rotenone",0.0357891119831074
"M","Ore","Rotenone",0.028637598734476
"M","Ore","Rotenone",0.0293487798607576
"M","Ore","Rotenone",0.0335024842026564
"M","Ore","Rotenone",0.0250288014489192
"M","Ore","Rotenone",0.0256143957316729
"M","Ore","Rotenone",0.0333260808926642
"M","Ore","Rotenone",0.0220838506389697
"M","Ore","Rotenone",0.0214283018174746
"M","Ore","Rotenone",0.0334695619935289
"M","Ore","Rotenone",0.018183995714206
"M","Ore","Rotenone",0.0286554343898476
"M","Ore","Rotenone",0.0327004000961975
"M","Ore","Rotenone",0.0263270736084826
"M","Ore","Rotenone",0.0332333580445514
"M","Ore","Rotenone",0.0284801439713341
"M","Ore","Rotenone",0.0341501687453505
"M","Ore","Rotenone",0.022888140835619
"M","Ore","Rotenone",0.0317219739138428
"M","Ore","Rotenone",0.0389217019315698
"M","Ore","Rotenone",0.0341506506573453
"M","Ore","Rotenone",0.0310894253015393
"M","Ore","Rotenone",0.0357157774326216
"M","Ore","Rotenone",0.0253076424536451
"M","Ore","Rotenone",0.0335876417088516
"M","Ore","Rotenone",0.0199416783126477
"M","Ore","Rotenone",0.024953596650951
"M","Ore","Rotenone",0.0427569401373991
"M","Ore","Rotenone",0.0276803843897586
"M","Ore","Rotenone",0.0356738872851761
"M","Ore","Rotenone",0.0366931061431144
"M","Ore","Rotenone",0.0389489657788206
"M","Ore","Rotenone",0.0258768523824218
"M","Ore","Rotenone",0.0294324649055497
"M","Ore","Rotenone",0.0232337653056172
"M","Ore","Rotenone",0.0332014528833535
"M","Ore","Rotenone",0.0299063312733566
"M","Ore","Rotenone",0.0334164493198238
"M","Ore","Rotenone",0.0391450672133194
"M","Ore","Rotenone",0.0274101239209887
"M","Ore","Rotenone",0.036990876069316
"M","Ore","Rotenone",0.0316524791738806
"M","Ore","Rotenone",0.0364353258160376
"M","Ore","Rotenone",0.0334275591289871
"M","Ore","Rotenone",0.0208855712876787
"M","Ore","Rotenone",0.0372710193792526
"M","Ore","Rotenone",0.0336765781902637
"M","Ore","Rotenone",0.0321684944542984
"M","Ore","Rotenone",0.0336452564970313
"M","Ore","Rotenone",0.0336717468923509
"M","Ore","Rotenone",0.0366582086124062
"M","Ore","Rotenone",0.0331679700374121
"M","Ore","Rotenone",0.0332749457512816
"M","Ore","Rotenone",0.0269611319111986
"M","Ore","Rotenone",0.0254403777730581
"M","Ore","Rotenone",0.0209773896654388
"M","Ore","Rotenone",0.0338499093288703
"M","Ore","Rotenone",0.0215571406113082
"M","Ore","Rotenone",0.0264005473990616
"M","Ore","Rotenone",0.026286024872325
"M","Ore","Rotenone",0.0307765122479744
"M","Ore","Rotenone",0.0351680546232496
"M","Ore","Rotenone",0.0299699658649876
"M","Ore","Rotenone",0.0328761040450155
"M","Ore","Rotenone",0.0330576740163989
"M","Ore","Rotenone",0.0253207930317175
"M","Ore","Rotenone",0.0320397338121517
"M","Ore","Rotenone",0.0384299934441372
"M","Ore","Rotenone",0.0322799268832773
"M","Ore","Rotenone",0.0323293087817783
"M","Ore","Rotenone",0.0214496339743351
"M","Ore","Rotenone",0.0368018471438652
"M","Ore","Rotenone",0.0289207436112062
"M","Ore","Rotenone",0.0268330846436131
"M","Ore","Rotenone",0.0269783189240016
"M","Ore","Rotenone",0.0258235455507708
"M","Ore","Rotenone",0.0326972446253026
"M","Ore","Rotenone",0.0300012909627821
"M","Ore","Rotenone",0.0271077158636039
"M","Ore","Rotenone",0.0376964629105269
"M","Ore","Rotenone",0.0266189389371982
"M","Ore","Rotenone",0.0273581213565876
"M","Ore","Rotenone",0.0389352964619651
"M","Ore","Rotenone",0.0365292780345703
"M","Ore","Rotenone",0.022899079935257
"M","Ore","Rotenone",0.0293751709842438
"M","Ore","Rotenone",0.0321734997837556
"M","Ore","Rotenone",0.033195674145148
"M","Ore","Rotenone",0.0377807765856073
"M","Ore","Rotenone",0.0266522754372859
"M","Ore","Rotenone",0.0342705358719141
"M","Ore","Rotenone",0.0229992208751871
"M","Ore","Rotenone",0.0430371314612849
"M","Ore","Rotenone",0.0315846660445037
"M","Ore","Rotenone",0.0384655688623668
"M","Ore","Rotenone",0.0292647740722717
"M","Ore","Rotenone",0.0322072992432567
"M","Ore","Rotenone",0.0253555884393009
"M","Ore","Rotenone",0.0303692858566305
"M","Ore","Rotenone",0.0293164323489266
"M","Ore","Rotenone",0.0276964280940424
"M","Ore","Rotenone",0.0343011469423333
"M","Ore","Rotenone",0.0265324785092875
"M","Ore","Rotenone",0.0213351189323079
"M","Ore","Rotenone",0.0368063726838678
"M","Ore","Rotenone",0.0296318422249128
"M","Ore","Rotenone",0.0329537716405023
"M","Ore","Rotenone",0.0248111888597352
"M","Ore","Rotenone",0.0379643091483769
"M","Ore","Rotenone",0.0239169736865396
"M","Ore","Rotenone",0.0302066921482191
"M","Ore","Rotenone",0.0254581115069773
"M","Ore","Rotenone",0.0371793935778585
"M","Ore","Rotenone",0.024671817939957
"M","Ore","Rotenone",0.0287535072320478
"M","Ore","Rotenone",0.0344197162129773
"M","Ore","Rotenone",0.0307289152674752
"M","Ore","Rotenone",0.0244064909443703
"M","Ore","Rotenone",0.03994574782414
"M","Ore","Rotenone",0.037981915953154
"M","Ore","Rotenone",0.0254464771394379
"M","Ore","Rotenone",0.0366682006084742
"M","Ore","Rotenone",0.0199211195880308
"M","Ore","Rotenone",0.0320265672830905
"M","Ore","Rotenone",0.0253968488736933
"M","Ore","Rotenone",0.0296888026512879
"M","Ore","Rotenone",0.0295089535812481
"M","Ore","Rotenone",0.0294669357209951
"M","Ore","Rotenone",0.0230319136477089
"M","Ore","Rotenone",0.0248051202100224
"M","Ore","Rotenone",0.0310923861910189
"M","Ore","Rotenone",0.0357842477528601
"M","Ore","Rotenone",0.0314792391102339
"M","Ore","Rotenone",0.0294030798563352
"M","Ore","Rotenone",0.0254409275048172
"M","Ore","Rotenone",0.0306729978098279
"M","Ore","Rotenone",0.0266658359779577
"M","Ore","Rotenone",0.0283765061624954
"M","Ore","Rotenone",0.0242314872286925
"M","Ore","Rotenone",0.0250425255987551
"M","Ore","Rotenone",0.0285485822852105
"M","Ore","Rotenone",0.02053963002609
"M","Ore","Rotenone",0.0390053367601646
"M","Ore","Rotenone",0.0282013559983739
"M","Ore","Rotenone",0.038398527518746
"M","Ore","Rotenone",0.0374914764748397
"M","Ore","Rotenone",0.0310258940851165
"M","Ore","Rotenone",0.0262972935987146
"M","Ore","Rotenone",0.0330148530498183
"M","Ore","Rotenone",0.0282216855969371
"M","Ore","Rotenone",0.0307661983738748
"M","Ore","Rotenone",0.030677555228667
"M","Ore","Rotenone",0.0264092322594918
"M","Ore","Rotenone",0.0222499696254024
"M","Ore","Rotenone",0.0325987665468611
"M","Ore","Rotenone",0.0288389001369043
"M","Ore","Rotenone",0.0266123428713352
"M","Ore","Rotenone",0.0352397056372815
"M","Ore","Rotenone",0.0281893475769875
"M","Ore","Rotenone",0.0315558243706852
"M","Ore","Rotenone",0.0380156026539356
"M","Ore","Rotenone",0.0290671913513048
"M","Ore","Rotenone",0.0405111785039718
"M","Ore","Rotenone",0.035214733520644
"M","Ore","Rotenone",0.0306024775807178
"M","Ore","Rotenone",0.0298300709472276
"M","Ore","Rotenone",0.0352834878263019
"M","Ore","Rotenone",0.0261466292491871
"M","Ore","Rotenone",0.0233600708559024
"M","Ore","Rotenone",0.0260189211210687
"M","Ore","Rotenone",0.0274687902989535
"M","Ore","Rotenone",0.0344107550520929
"M","Ore","Rotenone",0.021054382011614
"M","Ore","Rotenone",0.0257393156545594
"M","Ore","Rotenone",0.0249278349221933
"M","Ore","Rotenone",0.0313673543398792
"M","Ore","Rotenone",0.0216817145268028
"M","Ore","Rotenone",0.0346197758366738
"M","Ore","Rotenone",0.0325813887097937
"M","Ore","Rotenone",0.0330919023984427
"M","Ore","Rotenone",0.0411032560402824
"M","Ore","Rotenone",0.0340401328099518
"M","Ore","Rotenone",0.0229216822982926
"M","Ore","Rotenone",0.0209308886013774
"M","Ore","Rotenone",0.0363079019859543
"M","Ore","Rotenone",0.0338317781172961
"M","Ore","Rotenone",0.0302340693219761
"M","Ore","Rotenone",0.02997633278816
"M","Ore","Rotenone",0.0353070366849452
"M","Ore","Rotenone",0.0159742245305786
"M","Ore","Rotenone",0.0285719882621188
"M","Ore","Rotenone",0.0300888615709272
"M","Ore","Rotenone",0.0303251297134165
"M","Ore","Rotenone",0.0287159404106064
"M","Ore","Rotenone",0.036066073108731
"M","Ore","Rotenone",0.0363380017267279
"M","Ore","Rotenone",0.0322943378265227
"M","Ore","Rotenone",0.0284025249667307
"M","Ore","Rotenone",0.0318737793244169
"M","Ore","Rotenone",0.0327924821728064
"M","Ore","Rotenone",0.0145273569515148
"M","Ore","Rotenone",0.0320724137153767
"M","Ore","Rotenone",0.0311526324442956
"M","Ore","Rotenone",0.0261511262085263
"M","Ore","Rotenone",0.0328453744534489
"M","Ore","Rotenone",0.0306335491698506
"M","Ore","Rotenone",0.0194587239589869
"M","Ore","Rotenone",0.0343275077709169
"M","Ore","Rotenone",0.0255416835305854
"M","Ore","Rotenone",0.0290574357014987
"M","Ore","Rotenone",0.0276130429112724
"M","Ore","Rotenone",0.0254878794162034
"M","Ore","Rotenone",0.0215287183467409
"M","Ore","Rotenone",0.030615790781568
"M","Ore","Rotenone",0.0214684599445487
"M","Ore","Rotenone",0.0263868358884738
"M","Ore","Rotenone",0.0274412324106409
"M","Ore","Rotenone",0.0347613207774448
"M","Ore","Rotenone",0.0371359100137056
"M","Ore","Rotenone",0.0285658181925569
"M","Ore","Rotenone",0.034494591898275
"M","Ore","Rotenone",0.035488199560376
"M","Ore","Rotenone",0.0297583992498076
"M","Ore","Rotenone",0.0254278920057969
"M","Ore","Rotenone",0.0383704640346722
"M","Ore","Rotenone",0.0316690859624267
"M","Ore","Rotenone",0.0346183953510872
"M","Ore","Rotenone",0.0347564323937683
"M","Ore","Rotenone",0.0311795865379429
"M","Ore","Rotenone",0.0405416132886349
"M","Ore","Rotenone",0.0315034821293197
"M","Ore","Rotenone",0.0329814577274319
"M","Ore","Rotenone",0.0324273112464622
"M","Ore","Rotenone",0.0297335451578141
"M","Ore","Rotenone",0.0361826239895515
"M","Ore","Rotenone",0.0331262077947489
"M","Ore","Rotenone",0.0303614785503353
"M","Ore","Rotenone",0.0310555358933405
"M","Ore","Rotenone",0.0278445885693419
"M","Ore","Rotenone",0.0327618125617985
"M","Ore","Rotenone",0.0346447495659538
"M","Ore","Rotenone",0.039930779999385
"M","Ore","Rotenone",0.0387926414911023
"M","Ore","Rotenone",0.0301164536997655
"M","Ore","Rotenone",0.0267514195064872
"M","Ore","Rotenone",0.0285563177932503
"M","Ore","Rotenone",0.0326748880895578
"M","Ore","Rotenone",0.0257117322607493
"M","Ore","Rotenone",0.0317553709825983
"M","Ore","Rotenone",0.0322733620220387
"M","Ore","Rotenone",0.038581722140913
"M","Ore","Rotenone",0.036724554279769
"M","Ore","Rotenone",0.0369582280827948
"M","Ore","Rotenone",0.0337319393627853
"M","Ore","Rotenone",0.036746519812936
"M","Ore","Rotenone",0.0389201042275968
"M","Ore","Rotenone",0.0336252876046085
"M","Ore","Rotenone",0.0261958385669181
"M","Ore","Rotenone",0.0326124686298659
"M","Ore","Rotenone",0.0328366865571507
"M","Ore","Rotenone",0.0401823159318227
"M","Ore","Rotenone",0.0368081171379755
"M","Ore","Rotenone",0.0230222518978062
"M","Ore","Rotenone",0.0191508253990725
"M","Ore","Rotenone",0.0199180420493274
"M","Ore","Rotenone",0.0339063380615582
"M","Ore","Rotenone",0.0193929640876434
"M","Ore","Rotenone",0.0314588814554911
"M","Ore","Rotenone",0.0305625659895967
"M","Ore","Rotenone",0.0374315942157488
"M","Ore","Rotenone",0.0303478563580421
"M","Ore","Rotenone",0.0418197699716336
"M","Ore","Rotenone",0.0337385482597374
"M","Ore","Rotenone",0.0252763711760626
"M","Ore","Rotenone",0.0334787950109066
"M","Ore","Rotenone",0.0250409060471557
"M","Ore","Rotenone",0.0268731945287537
"M","Ore","Rotenone",0.02567953931529
"M","Ore","Rotenone",0.0360904221304062
"M","Ore","Rotenone",0.0310000691451457
"M","Ore","Rotenone",0.0234647469803444
"M","Ore","Rotenone",0.0295481198739557
"M","Ore","Rotenone",0.0380157200965824
"M","Ore","Rotenone",0.0320230717776832
"M","Ore","Rotenone",0.0332621162539791
"M","Ore","Rotenone",0.0301071735549199
"M","Ore","Rotenone",0.0294259810417029
"M","Ore","Rotenone",0.0345369181706145
"M","Ore","Rotenone",0.026052064739841
"M","Ore","Rotenone",0.0246466982026941
"M","Ore","Rotenone",0.0286459679628507
"M","Ore","Rotenone",0.031227418327075
"M","Ore","Rotenone",0.0376339143008822
"M","Ore","Rotenone",0.0378467325249522
"M","Ore","Rotenone",0.0257486466097817
"M","Ore","Rotenone",0.0336056739467235
"M","Ore","Rotenone",0.0325298571907726
"M","Ore","Rotenone",0.0235847531438064
"M","Ore","Rotenone",0.0257761744330017
"M","Ore","Rotenone",0.0265659963042445
"M","Ore","Rotenone",0.0359139451250027
"M","Ore","Rotenone",0.0299259853939958
"M","Ore","Rotenone",0.0323884554843872
"M","Ore","Rotenone",0.0321749284032877
"M","Ore","Rotenone",0.0273832003198747
"M","Ore","Rotenone",0.0254282582777199
"M","Ore","Rotenone",0.0265701360497322
"M","Ore","Rotenone",0.03142344755914
"M","Ore","Rotenone",0.0348342324601252
"M","Ore","Rotenone",0.03212924507118
"M","Ore","Rotenone",0.0374395634311964
"M","Ore","Rotenone",0.0375738982473416
"M","Ore","Rotenone",0.024411773121229
"M","Ore","Rotenone",0.0335302280961304
"M","Ore","Rotenone",0.0338987830455703
"M","Ore","Rotenone",0.0367518839129331
"M","Ore","Rotenone",0.0343224970899146
"M","Ore","Rotenone",0.0258645703316402
"M","Ore","Rotenone",0.0250542050710756
"M","Ore","Rotenone",0.0189051311241306
"M","Ore","Rotenone",0.0255050693951934
