"Sex","Nuc","Treatment","boot"
"F","375","Control",0.0916118741251618
"F","375","Control",0.0595065051284015
"F","375","Control",0.0876201954095448
"F","375","Control",0.093166479712324
"F","375","Control",0.0873254677123251
"F","375","Control",0.0838720849135577
"F","375","Control",0.0911959754649325
"F","375","Control",0.0633369214238168
"F","375","Control",0.0633945886408828
"F","375","Control",0.0631502942903825
"F","375","Control",0.0596222816510024
"F","375","Control",0.0686749750290061
"F","375","Control",0.0579735978083956
"F","375","Control",0.0686865904565403
"F","375","Control",0.0727343854431576
"F","375","Control",0.0766165991728834
"F","375","Control",0.0640664649342063
"F","375","Control",0.0934426004013074
"F","375","Control",0.078695392559594
"F","375","Control",0.0720162190448017
"F","375","Control",0.0626545770362066
"F","375","Control",0.0794193528582603
"F","375","Control",0.068361718171184
"F","375","Control",0.0633161470575972
"F","375","Control",0.0785634183135386
"F","375","Control",0.0595763350357662
"F","375","Control",0.0751536109349811
"F","375","Control",0.0807153818513163
"F","375","Control",0.0718057815945021
"F","375","Control",0.0581333860429401
"F","375","Control",0.0771222772103739
"F","375","Control",0.071978457489688
"F","375","Control",0.075808143670097
"F","375","Control",0.0839568494377808
"F","375","Control",0.0643811691964933
"F","375","Control",0.0719555621895133
"F","375","Control",0.0815534515813589
"F","375","Control",0.059320015451511
"F","375","Control",0.0573643238270112
"F","375","Control",0.0699238827910611
"F","375","Control",0.0595122981827136
"F","375","Control",0.0711842752804699
"F","375","Control",0.0802197037835447
"F","375","Control",0.0728874345771497
"F","375","Control",0.061267099277937
"F","375","Control",0.0662189611657787
"F","375","Control",0.0709440140481827
"F","375","Control",0.0753306991949336
"F","375","Control",0.0605578378219445
"F","375","Control",0.080390029165229
"F","375","Control",0.0833746454383531
"F","375","Control",0.0834087945643342
"F","375","Control",0.0761962951929991
"F","375","Control",0.0650854686646079
"F","375","Control",0.0729699441879107
"F","375","Control",0.0937929018402889
"F","375","Control",0.0706298365073685
"F","375","Control",0.0820379094666514
"F","375","Control",0.0687575304140717
"F","375","Control",0.0941240677508359
"F","375","Control",0.0655238064930099
"F","375","Control",0.0575513966844381
"F","375","Control",0.0693625522944823
"F","375","Control",0.082009799040439
"F","375","Control",0.0647243532484265
"F","375","Control",0.0725801592682858
"F","375","Control",0.0757116282529888
"F","375","Control",0.0643563732822219
"F","375","Control",0.0774368405457053
"F","375","Control",0.071683356189103
"F","375","Control",0.0669288594270315
"F","375","Control",0.071555278739656
"F","375","Control",0.0721183135563167
"F","375","Control",0.0692023618300968
"F","375","Control",0.0816356417768734
"F","375","Control",0.067745514202441
"F","375","Control",0.0896208419613203
"F","375","Control",0.0756735085953308
"F","375","Control",0.08269712633504
"F","375","Control",0.0897772772296192
"F","375","Control",0.0816944193325329
"F","375","Control",0.0659347976659473
"F","375","Control",0.0809146841883191
"F","375","Control",0.0661424144495798
"F","375","Control",0.0891674676462349
"F","375","Control",0.0801817978487465
"F","375","Control",0.0761640732873098
"F","375","Control",0.0701850399697767
"F","375","Control",0.0764587044953979
"F","375","Control",0.0822079139150925
"F","375","Control",0.0598752092531137
"F","375","Control",0.0585585043019797
"F","375","Control",0.06150494375892
"F","375","Control",0.0704957626661429
"F","375","Control",0.0788373191448331
"F","375","Control",0.0859759019587065
"F","375","Control",0.0637648390789336
"F","375","Control",0.0797747454703407
"F","375","Control",0.0847610631144597
"F","375","Control",0.0708813074245792
"F","375","Control",0.0864621068282156
"F","375","Control",0.08247613496836
"F","375","Control",0.0864099888167771
"F","375","Control",0.0723542586210837
"F","375","Control",0.08421342402844
"F","375","Control",0.0676946815263978
"F","375","Control",0.0753625566007924
"F","375","Control",0.0879107329831703
"F","375","Control",0.0850805278202693
"F","375","Control",0.0858608248181273
"F","375","Control",0.0826533405163407
"F","375","Control",0.0750434803960444
"F","375","Control",0.0820747289552882
"F","375","Control",0.077719070991212
"F","375","Control",0.0838986988365335
"F","375","Control",0.0538162233792401
"F","375","Control",0.0736008403453167
"F","375","Control",0.0705281758610452
"F","375","Control",0.070443324023669
"F","375","Control",0.0762207037486772
"F","375","Control",0.0618801426696565
"F","375","Control",0.0711596392202773
"F","375","Control",0.0578256688994736
"F","375","Control",0.0724902357125029
"F","375","Control",0.0758829862002561
"F","375","Control",0.0839434151373441
"F","375","Control",0.0783684374459837
"F","375","Control",0.0770391666036381
"F","375","Control",0.0780150422693395
"F","375","Control",0.0654776770945703
"F","375","Control",0.0738676806564765
"F","375","Control",0.0705976196178364
"F","375","Control",0.0706887478086653
"F","375","Control",0.0819205062068728
"F","375","Control",0.0807964376898636
"F","375","Control",0.0657308660842881
"F","375","Control",0.062114899578348
"F","375","Control",0.0710184824037037
"F","375","Control",0.0861408143763777
"F","375","Control",0.0757887012265396
"F","375","Control",0.072613707977943
"F","375","Control",0.081880944766199
"F","375","Control",0.0701813677739403
"F","375","Control",0.0728001158596966
"F","375","Control",0.0742606044574542
"F","375","Control",0.058678627081166
"F","375","Control",0.0803290312611089
"F","375","Control",0.0703239466981399
"F","375","Control",0.0883676533848812
"F","375","Control",0.0658094534019361
"F","375","Control",0.0689324789539899
"F","375","Control",0.0556661010633316
"F","375","Control",0.0641504099862722
"F","375","Control",0.0803219913138319
"F","375","Control",0.0773972999993869
"F","375","Control",0.070958711801949
"F","375","Control",0.0621972243086829
"F","375","Control",0.0973276706239831
"F","375","Control",0.0686227358665024
"F","375","Control",0.0688063119089426
"F","375","Control",0.0915986912060515
"F","375","Control",0.0691675617643889
"F","375","Control",0.0896041501215162
"F","375","Control",0.0637824454533643
"F","375","Control",0.0718280901311592
"F","375","Control",0.0656235733364558
"F","375","Control",0.0712525829978185
"F","375","Control",0.0759292857413019
"F","375","Control",0.0589621817064292
"F","375","Control",0.0772502283668773
"F","375","Control",0.0555630950307253
"F","375","Control",0.0767690925855385
"F","375","Control",0.0551245770299369
"F","375","Control",0.0808895718081839
"F","375","Control",0.0696410920894005
"F","375","Control",0.0737399875409372
"F","375","Control",0.0625781836583875
"F","375","Control",0.0830531182005297
"F","375","Control",0.0683489526507103
"F","375","Control",0.0693254340110596
"F","375","Control",0.0766453550282838
"F","375","Control",0.0739364473527098
"F","375","Control",0.0780053872629571
"F","375","Control",0.0919209622187483
"F","375","Control",0.061249626192402
"F","375","Control",0.0781707349196095
"F","375","Control",0.0617091079021076
"F","375","Control",0.0809271607520645
"F","375","Control",0.0863572169262274
"F","375","Control",0.0773080125874287
"F","375","Control",0.0783155185680664
"F","375","Control",0.0629855988468612
"F","375","Control",0.0770845110454881
"F","375","Control",0.0737060504997018
"F","375","Control",0.0763434442819685
"F","375","Control",0.0737845048098073
"F","375","Control",0.0569499818014302
"F","375","Control",0.0702100701953421
"F","375","Control",0.078767974148565
"F","375","Control",0.0688058527344007
"F","375","Control",0.0667285770861364
"F","375","Control",0.0818628882829865
"F","375","Control",0.091615103833933
"F","375","Control",0.0780357777235221
"F","375","Control",0.0908316016138292
"F","375","Control",0.0797382210909545
"F","375","Control",0.0713623694465316
"F","375","Control",0.0671829476693065
"F","375","Control",0.0846637574016176
"F","375","Control",0.0639595860699777
"F","375","Control",0.094985959941362
"F","375","Control",0.0784119125718013
"F","375","Control",0.0849477103863186
"F","375","Control",0.0747065114556846
"F","375","Control",0.0669686330883993
"F","375","Control",0.0524153264609111
"F","375","Control",0.0649257565511491
"F","375","Control",0.0861787620479017
"F","375","Control",0.0840963780384841
"F","375","Control",0.0791823320946702
"F","375","Control",0.0667475128621131
"F","375","Control",0.0650727937100763
"F","375","Control",0.0687267231274608
"F","375","Control",0.0527595930960131
"F","375","Control",0.0863281066232138
"F","375","Control",0.0812708900764436
"F","375","Control",0.0698057997375566
"F","375","Control",0.0613889320873414
"F","375","Control",0.0769549574685465
"F","375","Control",0.0709340816828426
"F","375","Control",0.0931067847064172
"F","375","Control",0.078206439481105
"F","375","Control",0.0881642096500139
"F","375","Control",0.0851278241615831
"F","375","Control",0.0728670520566296
"F","375","Control",0.0753471163135383
"F","375","Control",0.070106841441091
"F","375","Control",0.0641356696191675
"F","375","Control",0.0803656938722028
"F","375","Control",0.0800919313414632
"F","375","Control",0.0726940345173711
"F","375","Control",0.0886597113360089
"F","375","Control",0.0652486688421488
"F","375","Control",0.0699060423045229
"F","375","Control",0.0773570497510396
"F","375","Control",0.0708191878561698
"F","375","Control",0.0862346332189851
"F","375","Control",0.07292479197848
"F","375","Control",0.0647925378935061
"F","375","Control",0.0694943334463106
"F","375","Control",0.0756885098407642
"F","375","Control",0.0586186612054426
"F","375","Control",0.0850574938631372
"F","375","Control",0.0778819142904707
"F","375","Control",0.073228484715182
"F","375","Control",0.0953772577417444
"F","375","Control",0.0717107023722536
"F","375","Control",0.0638707014577015
"F","375","Control",0.0711690811235761
"F","375","Control",0.0684130051016806
"F","375","Control",0.0742766434870955
"F","375","Control",0.05982604828156
"F","375","Control",0.0733613680456147
"F","375","Control",0.0645173780550022
"F","375","Control",0.0665261923404501
"F","375","Control",0.0681690595989093
"F","375","Control",0.0726282959040009
"F","375","Control",0.0682372070254802
"F","375","Control",0.0690264953457704
"F","375","Control",0.065117796016176
"F","375","Control",0.0691940906276028
"F","375","Control",0.0654162175488583
"F","375","Control",0.0743634846648663
"F","375","Control",0.0650296856807832
"F","375","Control",0.079813057746719
"F","375","Control",0.0820187717566198
"F","375","Control",0.0711596427657544
"F","375","Control",0.0701993038132578
"F","375","Control",0.0850391296609431
"F","375","Control",0.070493686561471
"F","375","Control",0.0770488091626022
"F","375","Control",0.0848013558876675
"F","375","Control",0.0681867915846978
"F","375","Control",0.0757158666720111
"F","375","Control",0.0772000181126859
"F","375","Control",0.0766326954326544
"F","375","Control",0.0647912527313266
"F","375","Control",0.0893377632249142
"F","375","Control",0.06371833097585
"F","375","Control",0.0887865029138703
"F","375","Control",0.0716304652502478
"F","375","Control",0.0742624682963478
"F","375","Control",0.0620749974664261
"F","375","Control",0.0760450020074231
"F","375","Control",0.0738588069047429
"F","375","Control",0.0672655891547982
"F","375","Control",0.0757894696081487
"F","375","Control",0.0775420709235176
"F","375","Control",0.0730194871139326
"F","375","Control",0.0679434557193079
"F","375","Control",0.0861703306558017
"F","375","Control",0.076105061261373
"F","375","Control",0.0819242358855312
"F","375","Control",0.0527085411770192
"F","375","Control",0.0711196165136275
"F","375","Control",0.101605387643742
"F","375","Control",0.0800921770471851
"F","375","Control",0.0953987308755892
"F","375","Control",0.0590126337437257
"F","375","Control",0.0731503080393083
"F","375","Control",0.0877835594453353
"F","375","Control",0.0638260964294092
"F","375","Control",0.0692358428477511
"F","375","Control",0.0715469935421342
"F","375","Control",0.0861984025230784
"F","375","Control",0.0783222920158031
"F","375","Control",0.0738867476255308
"F","375","Control",0.06367492567549
"F","375","Control",0.0765687996047929
"F","375","Control",0.0700720541494268
"F","375","Control",0.0737438114110445
"F","375","Control",0.0677443369098916
"F","375","Control",0.0550540973578979
"F","375","Control",0.0829716702681141
"F","375","Control",0.0736048810072942
"F","375","Control",0.0892394598475768
"F","375","Control",0.0908610297468267
"F","375","Control",0.056720834522995
"F","375","Control",0.0718872959232605
"F","375","Control",0.0809397150792295
"F","375","Control",0.0721586077168194
"F","375","Control",0.0678583569617466
"F","375","Control",0.0927295316734992
"F","375","Control",0.0702818424261091
"F","375","Control",0.0808436042548842
"F","375","Control",0.0888098667596985
"F","375","Control",0.0772061252377059
"F","375","Control",0.0729508103551545
"F","375","Control",0.0839932093601166
"F","375","Control",0.0596826490378042
"F","375","Control",0.0778327298237496
"F","375","Control",0.081871381556055
"F","375","Control",0.071638572221198
"F","375","Control",0.0639328299430375
"F","375","Control",0.0807279490240193
"F","375","Control",0.0839027472994571
"F","375","Control",0.0670563531809918
"F","375","Control",0.0736748937980567
"F","375","Control",0.0539556006514343
"F","375","Control",0.0733337917507195
"F","375","Control",0.0907152815621335
"F","375","Control",0.0601912182436692
"F","375","Control",0.0793508728503792
"F","375","Control",0.0732251626721032
"F","375","Control",0.0629297229075188
"F","375","Control",0.0724321622303691
"F","375","Control",0.0573874886199732
"F","375","Control",0.0724682517484788
"F","375","Control",0.0660804694942584
"F","375","Control",0.0895164644107175
"F","375","Control",0.0810039006536388
"F","375","Control",0.064737654363372
"F","375","Control",0.0989593294462434
"F","375","Control",0.0820527983640231
"F","375","Control",0.0758047482723146
"F","375","Control",0.0698015562380753
"F","375","Control",0.0677866863257299
"F","375","Control",0.0674681346762087
"F","375","Control",0.0784524455923762
"F","375","Control",0.0780316005797081
"F","375","Control",0.0750221932544813
"F","375","Control",0.0841006915920221
"F","375","Control",0.0917908761672485
"F","375","Control",0.0767096547104195
"F","375","Control",0.0865157059672285
"F","375","Control",0.0706355134014051
"F","375","Control",0.0545916069269273
"F","375","Control",0.0701991518129204
"F","375","Control",0.0849786455124038
"F","375","Control",0.0642284117613514
"F","375","Control",0.0656330380668318
"F","375","Control",0.0690116707609255
"F","375","Control",0.0594117658512136
"F","375","Control",0.0717286603790884
"F","375","Control",0.0608225341277663
"F","375","Control",0.0734972429293225
"F","375","Control",0.0814263936565453
"F","375","Control",0.085536176860973
"F","375","Control",0.0715551488902222
"F","375","Control",0.0657771515341258
"F","375","Control",0.0768163951782633
"F","375","Control",0.0828077508251716
"F","375","Control",0.0823517340517428
"F","375","Control",0.0745062150952964
"F","375","Control",0.057727065656834
"F","375","Control",0.0694653441430425
"F","375","Control",0.0900762519458857
"F","375","Control",0.0645998373762218
"F","375","Control",0.0712877503455987
"F","375","Control",0.0760664855666472
"F","375","Control",0.0652382443958494
"F","375","Control",0.0813744324109298
"F","375","Control",0.079137153620712
"F","375","Control",0.077056673406021
"F","375","Control",0.0829157181778832
"F","375","Control",0.0682040849029093
"F","375","Control",0.0682830834067938
"F","375","Control",0.0795334037253425
"F","375","Control",0.0558625615132017
"F","375","Control",0.0671750929704204
"F","375","Control",0.0571045164001603
"F","375","Control",0.0671303380500163
"F","375","Control",0.0704635044201743
"F","375","Control",0.0729141401721628
"F","375","Control",0.0839985411824854
"F","375","Control",0.0807298405584423
"F","375","Control",0.0800146124373918
"F","375","Control",0.0773198416539644
"F","375","Control",0.0667963233880648
"F","375","Control",0.0616037290554851
"F","375","Control",0.0889135030562311
"F","375","Control",0.0799451061482007
"F","375","Control",0.0756063157219974
"F","375","Control",0.0785703520249703
"F","375","Control",0.0692476952965785
"F","375","Control",0.0704590718635957
"F","375","Control",0.0774196973839552
"F","375","Control",0.090639083685193
"F","375","Control",0.0650445979999559
"F","375","Control",0.0721052357099329
"F","375","Control",0.081083635658134
"F","375","Control",0.0836785576100867
"F","375","Control",0.0843906847373013
"F","375","Control",0.0673500582633621
"F","375","Control",0.0834376042039643
"F","375","Control",0.0692749366443063
"F","375","Control",0.0627039134920524
"F","375","Control",0.0898638264876479
"F","375","Control",0.0655850523677341
"F","375","Control",0.084234635067041
"F","375","Control",0.0624553850402597
"F","375","Control",0.0609967285273902
"F","375","Control",0.0601096031273904
"F","375","Control",0.056134941266214
"F","375","Control",0.062144930646949
"F","375","Control",0.0597741179919065
"F","375","Control",0.0771172408706709
"F","375","Control",0.0822406028384462
"F","375","Control",0.0739257951980187
"F","375","Control",0.0899592866296835
"F","375","Control",0.0719447347570844
"F","375","Control",0.0739340339100898
"F","375","Control",0.0842904697089888
"F","375","Control",0.0762492134325116
"F","375","Control",0.0791513111389296
"F","375","Control",0.0696749829731857
"F","375","Control",0.0902692801599581
"F","375","Control",0.0942740923615301
"F","375","Control",0.0702196089810685
"F","375","Control",0.0618664188387376
"F","375","Control",0.0583134564858709
"F","375","Control",0.0761540401227661
"F","375","Control",0.0852125131759836
"F","375","Control",0.0699724355591881
"F","375","Control",0.0844612059036111
"F","375","Control",0.0677656218140104
"F","375","Control",0.0796328048292361
"F","375","Control",0.0805070264396528
"F","375","Control",0.0822031723420155
"F","375","Control",0.0599989143814926
"F","375","Control",0.0739616807987053
"F","375","Control",0.0724917049641143
"F","375","Control",0.0710925707851326
"F","375","Control",0.0787247115984082
"F","375","Control",0.069508652514685
"F","375","Control",0.0590669952565085
"F","375","Control",0.0884985874297194
"F","375","Control",0.0574597788512508
"F","375","Control",0.0665566242437262
"F","375","Control",0.0622438355090875
"F","375","Control",0.0757285496109006
"F","375","Control",0.0824850726950151
"F","375","Control",0.0720510194962729
"F","375","Control",0.0715843880994183
"F","375","Control",0.0799655757511799
"F","375","Control",0.0690173682325381
"F","375","Control",0.0779915632059005
"F","375","Control",0.0849865578825271
"F","375","Control",0.0660915658391538
"F","375","Control",0.0728018349700553
"F","375","Control",0.0573705661664559
"F","375","Control",0.0805799037354265
"F","375","Control",0.0728807328332919
"F","375","Control",0.0570009132222068
"F","375","Control",0.0707704331289433
"F","375","Control",0.0650578060812282
"F","375","Control",0.0819830434548698
"F","375","Control",0.0775246625204527
"F","375","Control",0.0621497268943361
"F","375","Control",0.0902627763746834
"F","375","Control",0.0816345927009748
"F","375","Control",0.0721680251157032
"F","375","Control",0.0881257592824201
"F","375","Control",0.071331598670382
"F","375","Control",0.0946475897151522
"F","375","Control",0.0815769496672197
"F","375","Control",0.0560697177398258
"F","375","Control",0.0564021182322844
"F","375","Control",0.063654675273796
"F","375","Control",0.0698129982344914
"F","375","Control",0.0784203249491386
"F","375","Control",0.0622175011047196
"F","375","Control",0.0803325726701
"F","375","Control",0.0741194794323732
"F","375","Control",0.0929675979668594
"F","375","Control",0.0837807215558439
"F","375","Control",0.0858994836711072
"F","375","Control",0.0872011708046251
"F","375","Control",0.0818047557950719
"F","375","Control",0.0695684037011263
"F","375","Control",0.0583732019365427
"F","375","Control",0.0736418065472004
"F","375","Control",0.0729255640461998
"F","375","Control",0.0698593543746075
"F","375","Control",0.0856197564715288
"F","375","Control",0.0735685901041106
"F","375","Control",0.0745367551191763
"F","375","Control",0.0708848289446084
"F","375","Control",0.0639216070824958
"F","375","Control",0.0745083166371592
"F","375","Control",0.080698751940401
"F","375","Control",0.0828123981157963
"F","375","Control",0.0782956133603495
"F","375","Control",0.0755797455919398
"F","375","Control",0.0699591193083236
"F","375","Control",0.0741293988488079
"F","375","Control",0.0812756059617798
"F","375","Control",0.0704567529672504
"F","375","Control",0.0675147451031475
"F","375","Control",0.0749037833538218
"F","375","Control",0.0892177899538948
"F","375","Control",0.0789619724422683
"F","375","Control",0.0663849263123717
"F","375","Control",0.0643248007671635
"F","375","Control",0.0662458239718592
"F","375","Control",0.0687150672695093
"F","375","Control",0.0530721042415058
"F","375","Control",0.0618077810764469
"F","375","Control",0.0573794046676305
"F","375","Control",0.0781943645704522
"F","375","Control",0.068664317964575
"F","375","Control",0.0786217255349093
"F","375","Control",0.0690580075468922
"F","375","Control",0.0924805308948844
"F","375","Control",0.0570586112592589
"F","375","Control",0.083735167382277
"F","375","Control",0.0738901360406224
"F","375","Control",0.063212247471086
"F","375","Control",0.0781476259718216
"F","375","Control",0.081924165712003
"F","375","Control",0.0792347295242445
"F","375","Control",0.0828011943809976
"F","375","Control",0.0755648021361142
"F","375","Control",0.0757909123484237
"F","375","Control",0.0816659731932121
"F","375","Control",0.0593521014139384
"F","375","Control",0.0642743697553499
"F","375","Control",0.0705676862672137
"F","375","Control",0.089106165999017
"F","375","Control",0.0655367717402568
"F","375","Control",0.0639296280517512
"F","375","Control",0.0903194851683967
"F","375","Control",0.0801786585952822
"F","375","Control",0.0650718123274789
"F","375","Control",0.0883706006707432
"F","375","Control",0.0643284217676459
"F","375","Control",0.0674336543781269
"F","375","Control",0.0673536079759412
"F","375","Control",0.0766208990539634
"F","375","Control",0.0763721002928092
"F","375","Control",0.0716352203777058
"F","375","Control",0.0686935728368821
"F","375","Control",0.0794906701395342
"F","375","Control",0.0413026454730981
"F","375","Control",0.0842614079472862
"F","375","Control",0.0720251306434853
"F","375","Control",0.0747614893547009
"F","375","Control",0.062174521430471
"F","375","Control",0.0711636108955499
"F","375","Control",0.0748613544537909
"F","375","Control",0.07660754691455
"F","375","Control",0.0810813810062638
"F","375","Control",0.0793091218728231
"F","375","Control",0.0769981669819118
"F","375","Control",0.0790732013780137
"F","375","Control",0.0777448877494978
"F","375","Control",0.060488915065683
"F","375","Control",0.0570886524296202
"F","375","Control",0.0722202908712947
"F","375","Control",0.0602257200492322
"F","375","Control",0.0701186438992746
"F","375","Control",0.0827161409992307
"F","375","Control",0.0807824422056098
"F","375","Control",0.0666142935997487
"F","375","Control",0.0819353136911052
"F","375","Control",0.0763057606731201
"F","375","Control",0.0677075668043021
"F","375","Control",0.0836971912519748
"F","375","Control",0.0620727195572426
"F","375","Control",0.0749148526586318
"F","375","Control",0.0779207305764511
"F","375","Control",0.0795077912789404
"F","375","Control",0.0728715286430903
"F","375","Control",0.0844986271733064
"F","375","Control",0.0849660052984936
"F","375","Control",0.0740659625325016
"F","375","Control",0.068669929134037
"F","375","Control",0.0786833918450407
"F","375","Control",0.0815221058323064
"F","375","Control",0.0777052872831113
"F","375","Control",0.0721985037798709
"F","375","Control",0.0619052210950956
"F","375","Control",0.0796318781588497
"F","375","Control",0.0647089915282267
"F","375","Control",0.0796705619248068
"F","375","Control",0.0690793597271817
"F","375","Control",0.079754345637969
"F","375","Control",0.0685016118079447
"F","375","Control",0.0864059068734961
"F","375","Control",0.0866286769583459
"F","375","Control",0.0798537591213193
"F","375","Control",0.0737917207151797
"F","375","Control",0.092884576833637
"F","375","Control",0.0796343031573809
"F","375","Control",0.0706476057715813
"F","375","Control",0.0767194181002668
"F","375","Control",0.0596461948025863
"F","375","Control",0.0721696038225065
"F","375","Control",0.0711977357872698
"F","375","Control",0.0683075710768821
"F","375","Control",0.0769385128826802
"F","375","Control",0.0950089971475825
"F","375","Control",0.0833031418110186
"F","375","Control",0.061043454696934
"F","375","Control",0.0891518580789022
"F","375","Control",0.0845725820942522
"F","375","Control",0.0662448805733242
"F","375","Control",0.0809249208029827
"F","375","Control",0.0710116240381475
"F","375","Control",0.102063067423838
"F","375","Control",0.0723437057076979
"F","375","Control",0.0776268329109809
"F","375","Control",0.0790961691436836
"F","375","Control",0.0701459515080995
"F","375","Control",0.0712375760971141
"F","375","Control",0.056681676878267
"F","375","Control",0.0774439438607986
"F","375","Control",0.0905363197715657
"F","375","Control",0.0971950095741246
"F","375","Control",0.0847284194111294
"F","375","Control",0.0694405146448293
"F","375","Control",0.070345296671838
"F","375","Control",0.0663135083096396
"F","375","Control",0.0813544523216791
"F","375","Control",0.0747115137808665
"F","375","Control",0.0878551398036798
"F","375","Control",0.0783538767839296
"F","375","Control",0.0860440715352204
"F","375","Control",0.0759563589339947
"F","375","Control",0.0792544663214601
"F","375","Control",0.0697452837847491
"F","375","Control",0.0771174468710299
"F","375","Control",0.0722394932470986
"F","375","Control",0.0766775770928675
"F","375","Control",0.0682699227814401
"F","375","Control",0.0695631972931927
"F","375","Control",0.062780687545587
"F","375","Control",0.057060743124917
"F","375","Control",0.0850882816063492
"F","375","Control",0.0730295229651688
"F","375","Control",0.0819520591907
"F","375","Control",0.0718861303317094
"F","375","Control",0.0969918921367274
"F","375","Control",0.0808455382687935
"F","375","Control",0.0635503780060023
"F","375","Control",0.0892162180354998
"F","375","Control",0.0853950744673667
"F","375","Control",0.0871741876288023
"F","375","Control",0.0782395912909866
"F","375","Control",0.0695666247412249
"F","375","Control",0.0763959823637809
"F","375","Control",0.0819326108708395
"F","375","Control",0.076739749711684
"F","375","Control",0.0619461239345292
"F","375","Control",0.0809268699725915
"F","375","Control",0.0607321446920401
"F","375","Control",0.0531971952734205
"F","375","Control",0.0792546367647175
"F","375","Control",0.0826484396313007
"F","375","Control",0.0839757307403076
"F","375","Control",0.0757847806032845
"F","375","Control",0.0541802526607181
"F","375","Control",0.0762823910206603
"F","375","Control",0.0823003066268783
"F","375","Control",0.072713022868206
"F","375","Control",0.0776891549372271
"F","375","Control",0.0781680474085644
"F","375","Control",0.0939501835834595
"F","375","Control",0.0796155407195641
"F","375","Control",0.0751403562940975
"F","375","Control",0.0988045306696758
"F","375","Control",0.0825902265676152
"F","375","Control",0.0730355373793422
"F","375","Control",0.0617052520874025
"F","375","Control",0.0605928151378094
"F","375","Control",0.0769213637742034
"F","375","Control",0.0862557595789369
"F","375","Control",0.0765246131437498
"F","375","Control",0.0649676105575945
"F","375","Control",0.0906607078674137
"F","375","Control",0.0713403225312861
"F","375","Control",0.0713161672645529
"F","375","Control",0.0839649985638875
"F","375","Control",0.0689255846012704
"F","375","Control",0.0860614160289798
"F","375","Control",0.0705773235109882
"F","375","Control",0.0789125711923371
"F","375","Control",0.0648928519807146
"F","375","Control",0.0758110135766343
"F","375","Control",0.0752532788034988
"F","375","Control",0.0677825565462324
"F","375","Control",0.0544659912804773
"F","375","Control",0.0475364045014288
"F","375","Control",0.0890622480608384
"F","375","Control",0.0918231139863198
"F","375","Control",0.0877252950087711
"F","375","Control",0.0899920070878204
"F","375","Control",0.0772995727211122
"F","375","Control",0.0883730396545919
"F","375","Control",0.0678673564978095
"F","375","Control",0.0783546937089998
"F","375","Control",0.0866888995277761
"F","375","Control",0.0583559637526649
"F","375","Control",0.0788092773925045
"F","375","Control",0.0784477328549289
"F","375","Control",0.0440703965242232
"F","375","Control",0.0613746962126417
"F","375","Control",0.0647789232303844
"F","375","Control",0.0778860677133974
"F","375","Control",0.06323566904033
"F","375","Control",0.0887823975944902
"F","375","Control",0.0654801336406164
"F","375","Control",0.0761634044053673
"F","375","Control",0.0731643938779634
"F","375","Control",0.0701684504495726
"F","375","Control",0.0676224424442685
"F","375","Control",0.0818481050045277
"F","375","Control",0.0813140145316815
"F","375","Control",0.0686864195283296
"F","375","Control",0.072819418224282
"F","375","Control",0.068314257774807
"F","375","Control",0.0662939650019382
"F","375","Control",0.0772061777599352
"F","375","Control",0.0728584169725326
"F","375","Control",0.0721119486397211
"F","375","Control",0.0746147259027882
"F","375","Control",0.0822568270459279
"F","375","Control",0.0689096839134146
"F","375","Control",0.0686959366494493
"F","375","Control",0.0874717409664554
"F","375","Control",0.0700290346398284
"F","375","Control",0.0750602769859915
"F","375","Control",0.0646270334319236
"F","375","Control",0.0788928441686536
"F","375","Control",0.0558125099112711
"F","375","Control",0.0763089669396149
"F","375","Control",0.0692890785406985
"F","375","Control",0.0850476719632707
"F","375","Control",0.0704237681092901
"F","375","Control",0.0722090550174679
"F","375","Control",0.0762783838589495
"F","375","Control",0.0800804407423106
"F","375","Control",0.08008304164795
"F","375","Control",0.0659584225306471
"F","375","Control",0.0769711274014721
"F","375","Control",0.0898466172432263
"F","375","Control",0.0645692596545958
"F","375","Control",0.0760857008130663
"F","375","Control",0.0596183632157039
"F","375","Control",0.068064938592046
"F","375","Control",0.0857737196720472
"F","375","Control",0.0901770033879911
"F","375","Control",0.0854995827914074
"F","375","Control",0.0907291960679204
"F","375","Control",0.0716246475094679
"F","375","Control",0.0649081027728817
"F","375","Control",0.0769105098288747
"F","375","Control",0.05532195940706
"F","375","Control",0.0719144176770718
"F","375","Control",0.0848497935054964
"F","375","Control",0.0708159399040775
"F","375","Control",0.0717889155372219
"F","375","Control",0.0729531680178273
"F","375","Control",0.0855411363962244
"F","375","Control",0.0707439115409541
"F","375","Control",0.0569339807559369
"F","375","Control",0.0853664827667637
"F","375","Control",0.0667482189711987
"F","375","Control",0.082578898499182
"F","375","Control",0.0765971113468494
"F","375","Control",0.0884104800792524
"F","375","Control",0.0864318853034142
"F","375","Control",0.0771345247920165
"F","375","Control",0.0727702432652082
"F","375","Control",0.0684471547033939
"F","375","Control",0.0928101255699283
"F","375","Control",0.0648949127677213
"F","375","Control",0.08468987165766
"F","375","Control",0.077407187975481
"F","375","Control",0.0814233710954729
"F","375","Control",0.0760162543824784
"F","375","Control",0.069462722851161
"F","375","Control",0.0849641981968984
"F","375","Control",0.0894996141862954
"F","375","Control",0.0792386654497437
"F","375","Control",0.0827788800186112
"F","375","Control",0.0777059944030589
"F","375","Control",0.0852403720294355
"F","375","Control",0.0669347632930518
"F","375","Control",0.0626549506968192
"F","375","Control",0.0667509335392775
"F","375","Control",0.0845064866951732
"F","375","Control",0.0703513077062791
"F","375","Control",0.0939602698471316
"F","375","Control",0.0643419451334751
"F","375","Control",0.0785297898814448
"F","375","Control",0.0789635070869018
"F","375","Control",0.08483287919536
"F","375","Control",0.0699020715039446
"F","375","Control",0.0640311569924759
"F","375","Control",0.0881349258458222
"F","375","Control",0.0711154919048272
"F","375","Control",0.0646615411621897
"F","375","Control",0.0775621774199287
"F","375","Control",0.0569231108262238
"F","375","Control",0.0846144539983974
"F","375","Control",0.0754569332190137
"F","375","Control",0.0886206132806796
"F","375","Control",0.0662694672542668
"F","375","Control",0.0715598191522418
"F","375","Control",0.0962729154106544
"F","375","Control",0.0768616999873551
"F","375","Control",0.068178166898684
"F","375","Control",0.0782330890103587
"F","375","Control",0.0850937172705424
"F","375","Control",0.0712916794709362
"F","375","Control",0.062932398619449
"F","375","Control",0.0739642620797239
"F","375","Control",0.0729931639980802
"F","375","Control",0.0808359988182021
"F","375","Control",0.0651685736451186
"F","375","Control",0.0795410986846591
"F","375","Control",0.0660454994977052
"F","375","Control",0.0624244660863876
"F","375","Control",0.0759024816742763
"F","375","Control",0.068482663450599
"F","375","Control",0.0703750914100076
"F","375","Control",0.0769560929821075
"F","375","Control",0.0761847885997102
"F","375","Control",0.0655278753275533
"F","375","Control",0.0862992444994249
"F","375","Control",0.074892049733694
"F","375","Control",0.0778815228558368
"F","375","Control",0.0593484744737098
"F","375","Control",0.0811075079448399
"F","375","Control",0.0862863660114473
"F","375","Control",0.0804575706915121
"F","375","Control",0.0833364098509264
"F","375","Control",0.0718423455843715
"F","375","Control",0.0714768761482283
"F","375","Control",0.0774524046657216
"F","375","Control",0.0719026585593482
"F","375","Control",0.0753220350248119
"F","375","Control",0.0816953730417001
"F","375","Control",0.0881217637579096
"F","375","Control",0.0729454701920005
"F","375","Control",0.070084206069486
"F","375","Control",0.0931284809848731
"F","375","Control",0.065387944815411
"F","375","Control",0.067521478144166
"F","375","Control",0.0706719088360692
"F","375","Control",0.0618401267538291
"F","375","Control",0.0834196333137018
"F","375","Control",0.0671863343281685
"F","375","Control",0.0683533903531572
"F","375","Control",0.0722461518801942
"F","375","Control",0.0684523768994477
"F","375","Control",0.0842768226606019
"F","375","Control",0.0750461227643982
"F","375","Control",0.0652410694551712
"F","375","Control",0.0733531740895365
"F","375","Control",0.0674081630539449
"F","375","Control",0.0742923974643377
"F","375","Control",0.0856653871675751
"F","375","Control",0.0747169157293416
"F","375","Control",0.077052599535535
"F","375","Control",0.0610164505516141
"F","375","Control",0.0955515833143143
"F","375","Control",0.0707865304947371
"F","375","Control",0.0827279518064059
"F","375","Control",0.0804952900259527
"F","375","Control",0.0848369774901
"F","375","Control",0.0793048489973743
"F","375","Control",0.0944466792209899
"F","375","Control",0.0733822474639808
"F","375","Control",0.0691280845535246
"F","375","Control",0.0672227710448256
"F","375","Control",0.0852142012129668
"F","375","Control",0.0755895121511009
"F","375","Control",0.078439539763039
"F","375","Control",0.0807572426755405
"F","375","Control",0.0831182742523338
"F","375","Control",0.063800002109206
"F","375","Control",0.0785809172461868
"F","375","Control",0.0761534945650142
"F","375","Control",0.0732795988014811
"F","375","Control",0.0830239577982707
"F","375","Control",0.0802803912305481
"F","375","Control",0.0811701640719235
"F","375","Control",0.0815872620387818
"F","375","Control",0.0820970803469282
"F","375","Control",0.0847660189088888
"F","375","Control",0.0703128158634029
"F","375","Control",0.0726544957746067
"F","375","Control",0.0760657546397951
"F","375","Control",0.0690388210876723
"F","375","Control",0.0727971587410732
"F","375","Control",0.0574817906492311
"F","375","Control",0.0742595950654144
"F","375","Control",0.0831031743811999
"F","375","Control",0.0568659511991703
"F","375","Control",0.0748129965701146
"F","375","Control",0.0736600151979645
"F","375","Control",0.0909909126401855
"F","375","Control",0.0721610330827519
"F","375","Control",0.0862165261598431
"F","375","Control",0.0944144513235994
"F","375","Control",0.0846133634157616
"F","375","Control",0.069934503543111
"F","375","Control",0.0745507326813686
"F","375","Control",0.0735014556999814
"F","375","Control",0.0535983360522159
"F","375","Control",0.0742828142108464
"F","375","Control",0.0805949766410276
"F","375","Control",0.0934454996879387
"F","375","Control",0.0803568847363159
"F","375","Control",0.0584293927619565
"F","375","Control",0.0566700612964829
"F","375","Control",0.0703578484108398
"F","375","Control",0.0783598776126845
"F","375","Control",0.0906925405043885
"F","375","Control",0.0693279012947361
"F","375","Control",0.078730827455176
"F","375","Control",0.0614038172729783
"F","375","Control",0.0677939604226422
"F","375","Control",0.0582671055339487
"F","375","Control",0.0769702503667406
"F","375","Control",0.0857036666238322
"F","375","Control",0.0736984980372363
"F","375","Control",0.0849385996027072
"F","375","Control",0.0593531509917983
"F","375","Control",0.0912487940069037
"F","375","Control",0.0602429511922133
"F","375","Control",0.0677283031950017
"F","375","Control",0.0943326780725082
"F","375","Control",0.0724969647560056
"F","375","Control",0.0725562345063783
"F","375","Control",0.0860458264496334
"F","375","Control",0.0645495946809124
"F","375","Control",0.0662986948319741
"F","375","Control",0.0778666359913351
"F","375","Control",0.0711102833254787
"F","375","Control",0.0736048140986098
"F","375","Control",0.0803570085424065
"F","375","Control",0.0757931257463827
"F","375","Control",0.0731096690643542
"F","375","Control",0.0855034663944464
"F","375","Control",0.0660288661940183
"F","375","Control",0.0765357390434036
"F","375","Control",0.0805450600281024
"F","375","Control",0.0682771095518131
"F","375","Control",0.0635447490200661
"F","375","Control",0.0637434117614858
"F","375","Control",0.088231568928228
"F","375","Control",0.0827325918885801
"F","375","Control",0.0618332025576639
"F","375","Control",0.0766936873669998
"F","375","Control",0.0728615016477462
"F","375","Control",0.0708761765387575
"F","375","Control",0.0702474485155104
"F","375","Rotenone",0.0724815252775103
"F","375","Rotenone",0.088521857065527
"F","375","Rotenone",0.0668684427723703
"F","375","Rotenone",0.0962665411337039
"F","375","Rotenone",0.0620976389523205
"F","375","Rotenone",0.0812148961721302
"F","375","Rotenone",0.0687549460732452
"F","375","Rotenone",0.096475055628498
"F","375","Rotenone",0.0775422843835748
"F","375","Rotenone",0.0852348529332657
"F","375","Rotenone",0.088957823725003
"F","375","Rotenone",0.0870447785244161
"F","375","Rotenone",0.0796772741922715
"F","375","Rotenone",0.0624298834249316
"F","375","Rotenone",0.0920385611302987
"F","375","Rotenone",0.0854459957035798
"F","375","Rotenone",0.0827471085352093
"F","375","Rotenone",0.0887242441552193
"F","375","Rotenone",0.0959338074309872
"F","375","Rotenone",0.0873661740731699
"F","375","Rotenone",0.0821454639844214
"F","375","Rotenone",0.0739706345647205
"F","375","Rotenone",0.0842743730374286
"F","375","Rotenone",0.100774408895017
"F","375","Rotenone",0.0805509115658405
"F","375","Rotenone",0.0862691231872024
"F","375","Rotenone",0.0678459605898123
"F","375","Rotenone",0.105441614747185
"F","375","Rotenone",0.0764267071761842
"F","375","Rotenone",0.061028070832584
"F","375","Rotenone",0.0788787039202624
"F","375","Rotenone",0.0881786360464396
"F","375","Rotenone",0.0992657210941934
"F","375","Rotenone",0.0714352713966401
"F","375","Rotenone",0.0892175544165832
"F","375","Rotenone",0.0872663936004242
"F","375","Rotenone",0.0795899594380461
"F","375","Rotenone",0.0828697579479722
"F","375","Rotenone",0.0874978487052702
"F","375","Rotenone",0.071084977333783
"F","375","Rotenone",0.081841466831397
"F","375","Rotenone",0.0778840474169928
"F","375","Rotenone",0.0954345057711666
"F","375","Rotenone",0.0643858180491149
"F","375","Rotenone",0.0991039698495832
"F","375","Rotenone",0.0752328449328533
"F","375","Rotenone",0.0915144305804549
"F","375","Rotenone",0.0780396692744187
"F","375","Rotenone",0.084512097723693
"F","375","Rotenone",0.0829099204446169
"F","375","Rotenone",0.0809610818817052
"F","375","Rotenone",0.0597022406840432
"F","375","Rotenone",0.0869503108282196
"F","375","Rotenone",0.0747872053835866
"F","375","Rotenone",0.0824426629930676
"F","375","Rotenone",0.0733126834618549
"F","375","Rotenone",0.0839809539931348
"F","375","Rotenone",0.0646090745042026
"F","375","Rotenone",0.0838158256839478
"F","375","Rotenone",0.0879419493177615
"F","375","Rotenone",0.0843911871475664
"F","375","Rotenone",0.0640218683955447
"F","375","Rotenone",0.0817105881600748
"F","375","Rotenone",0.0795400563253893
"F","375","Rotenone",0.0868195693864664
"F","375","Rotenone",0.0848451606750653
"F","375","Rotenone",0.061198098253712
"F","375","Rotenone",0.0702128333361227
"F","375","Rotenone",0.0723692176410939
"F","375","Rotenone",0.0761920883877826
"F","375","Rotenone",0.091852453775931
"F","375","Rotenone",0.0725417585274138
"F","375","Rotenone",0.0934681859406652
"F","375","Rotenone",0.0880215401863249
"F","375","Rotenone",0.0675175362341309
"F","375","Rotenone",0.0620292035788938
"F","375","Rotenone",0.0759919609469088
"F","375","Rotenone",0.0874673229911814
"F","375","Rotenone",0.0891799425082014
"F","375","Rotenone",0.0850239295112972
"F","375","Rotenone",0.103630567326802
"F","375","Rotenone",0.0921393223625139
"F","375","Rotenone",0.0818323290187141
"F","375","Rotenone",0.0885119924814734
"F","375","Rotenone",0.0922487642187178
"F","375","Rotenone",0.0914669168764834
"F","375","Rotenone",0.0895912271858885
"F","375","Rotenone",0.0875557995939356
"F","375","Rotenone",0.075439265368634
"F","375","Rotenone",0.0760724826514322
"F","375","Rotenone",0.0748601502333409
"F","375","Rotenone",0.0965491688353546
"F","375","Rotenone",0.077223780307382
"F","375","Rotenone",0.087951696323305
"F","375","Rotenone",0.0885236376256005
"F","375","Rotenone",0.0820233564636083
"F","375","Rotenone",0.0487578697385767
"F","375","Rotenone",0.0641575586639433
"F","375","Rotenone",0.090948265146191
"F","375","Rotenone",0.0870765555411627
"F","375","Rotenone",0.0745854397904611
"F","375","Rotenone",0.0964156742229778
"F","375","Rotenone",0.103742889114582
"F","375","Rotenone",0.0890595771545657
"F","375","Rotenone",0.073909715628098
"F","375","Rotenone",0.0731731555716816
"F","375","Rotenone",0.105659180423418
"F","375","Rotenone",0.0892770648661528
"F","375","Rotenone",0.0748665452323619
"F","375","Rotenone",0.0836743503723612
"F","375","Rotenone",0.0748422929262114
"F","375","Rotenone",0.0831947288637944
"F","375","Rotenone",0.0775376419292361
"F","375","Rotenone",0.084000275704585
"F","375","Rotenone",0.103814782833362
"F","375","Rotenone",0.0819670867504345
"F","375","Rotenone",0.077785573101171
"F","375","Rotenone",0.0965419097211325
"F","375","Rotenone",0.094491065600042
"F","375","Rotenone",0.104747904724169
"F","375","Rotenone",0.100803010009077
"F","375","Rotenone",0.0472741088575442
"F","375","Rotenone",0.105553252994778
"F","375","Rotenone",0.0803206095878941
"F","375","Rotenone",0.0916776406376381
"F","375","Rotenone",0.0755809009244959
"F","375","Rotenone",0.0836895191078634
"F","375","Rotenone",0.0663189261674805
"F","375","Rotenone",0.0841779848781441
"F","375","Rotenone",0.0779485357587147
"F","375","Rotenone",0.0861209438483682
"F","375","Rotenone",0.086991631887946
"F","375","Rotenone",0.090781233574954
"F","375","Rotenone",0.0512334772951046
"F","375","Rotenone",0.104440168481429
"F","375","Rotenone",0.0657114984154612
"F","375","Rotenone",0.0739905212668292
"F","375","Rotenone",0.0910341147712908
"F","375","Rotenone",0.0780552253115548
"F","375","Rotenone",0.0779826767842682
"F","375","Rotenone",0.0782017626109113
"F","375","Rotenone",0.0808457475062885
"F","375","Rotenone",0.0508188763454259
"F","375","Rotenone",0.0670293136018631
"F","375","Rotenone",0.0922306551220889
"F","375","Rotenone",0.0905905983471101
"F","375","Rotenone",0.0870315461365408
"F","375","Rotenone",0.0690056532841947
"F","375","Rotenone",0.0814167988750265
"F","375","Rotenone",0.0710929058671084
"F","375","Rotenone",0.0799602243058889
"F","375","Rotenone",0.0754885971478287
"F","375","Rotenone",0.0801587577021738
"F","375","Rotenone",0.0902974742511686
"F","375","Rotenone",0.0813580471954383
"F","375","Rotenone",0.0852280801814869
"F","375","Rotenone",0.0904636321877646
"F","375","Rotenone",0.0580799138211755
"F","375","Rotenone",0.0686726100640231
"F","375","Rotenone",0.0752684072710712
"F","375","Rotenone",0.0888511875190812
"F","375","Rotenone",0.0765370913294347
"F","375","Rotenone",0.0731925091798796
"F","375","Rotenone",0.093434252218714
"F","375","Rotenone",0.0709960517971406
"F","375","Rotenone",0.0847885127110752
"F","375","Rotenone",0.0559447132990389
"F","375","Rotenone",0.0914425784048403
"F","375","Rotenone",0.106958854510425
"F","375","Rotenone",0.0882339041481798
"F","375","Rotenone",0.0992453746037546
"F","375","Rotenone",0.078394425536806
"F","375","Rotenone",0.0768239642188272
"F","375","Rotenone",0.0725050703337177
"F","375","Rotenone",0.0753267723923947
"F","375","Rotenone",0.0566557755283117
"F","375","Rotenone",0.0885765341925992
"F","375","Rotenone",0.0908615906420048
"F","375","Rotenone",0.0673720144917041
"F","375","Rotenone",0.0912938480719331
"F","375","Rotenone",0.0872798770694152
"F","375","Rotenone",0.0889765418125492
"F","375","Rotenone",0.0688135388783793
"F","375","Rotenone",0.0985415659728883
"F","375","Rotenone",0.0719860933462231
"F","375","Rotenone",0.07494893390744
"F","375","Rotenone",0.0784866069653297
"F","375","Rotenone",0.0603404569694665
"F","375","Rotenone",0.0762298500091612
"F","375","Rotenone",0.0842331080667901
"F","375","Rotenone",0.0884859103015345
"F","375","Rotenone",0.0980164970338845
"F","375","Rotenone",0.0884062373188155
"F","375","Rotenone",0.0961412607015234
"F","375","Rotenone",0.0906254173305454
"F","375","Rotenone",0.0905607684550292
"F","375","Rotenone",0.0969676582242529
"F","375","Rotenone",0.0764711004785784
"F","375","Rotenone",0.083092757541892
"F","375","Rotenone",0.0613826506154324
"F","375","Rotenone",0.0762787006035782
"F","375","Rotenone",0.0944642130040215
"F","375","Rotenone",0.0809508790352648
"F","375","Rotenone",0.056615716093591
"F","375","Rotenone",0.107319850453001
"F","375","Rotenone",0.0961205969519385
"F","375","Rotenone",0.0600157022120622
"F","375","Rotenone",0.0599064746754705
"F","375","Rotenone",0.0881709886827195
"F","375","Rotenone",0.0757878532628407
"F","375","Rotenone",0.0899940574998299
"F","375","Rotenone",0.089510348365538
"F","375","Rotenone",0.0898869026014623
"F","375","Rotenone",0.0841375426094618
"F","375","Rotenone",0.0838135585714604
"F","375","Rotenone",0.0735797684745902
"F","375","Rotenone",0.06044536597333
"F","375","Rotenone",0.0869597693310004
"F","375","Rotenone",0.0982040393636446
"F","375","Rotenone",0.0486014664387614
"F","375","Rotenone",0.0740572879930181
"F","375","Rotenone",0.0925002437875968
"F","375","Rotenone",0.0944111307110705
"F","375","Rotenone",0.0773185042049997
"F","375","Rotenone",0.0815641187995097
"F","375","Rotenone",0.0934966091577358
"F","375","Rotenone",0.0714506034458001
"F","375","Rotenone",0.0845053861918082
"F","375","Rotenone",0.0879541994824251
"F","375","Rotenone",0.0778059112258514
"F","375","Rotenone",0.092241115167096
"F","375","Rotenone",0.0960299791750455
"F","375","Rotenone",0.0807988131954462
"F","375","Rotenone",0.0807175957223666
"F","375","Rotenone",0.0931272327303278
"F","375","Rotenone",0.0834292094632864
"F","375","Rotenone",0.0805000299412449
"F","375","Rotenone",0.0648002856758073
"F","375","Rotenone",0.0788960767165457
"F","375","Rotenone",0.0664203229959476
"F","375","Rotenone",0.0610282803763992
"F","375","Rotenone",0.0822097539869888
"F","375","Rotenone",0.0694819786945074
"F","375","Rotenone",0.0970615642753475
"F","375","Rotenone",0.0942132676245363
"F","375","Rotenone",0.075474545455768
"F","375","Rotenone",0.0847902393400092
"F","375","Rotenone",0.0751678253086811
"F","375","Rotenone",0.08323556958414
"F","375","Rotenone",0.0924060641409267
"F","375","Rotenone",0.0901172566321704
"F","375","Rotenone",0.0933824471630511
"F","375","Rotenone",0.0788800677026542
"F","375","Rotenone",0.104090387141689
"F","375","Rotenone",0.0703396691378991
"F","375","Rotenone",0.0927844879909703
"F","375","Rotenone",0.0971383655521215
"F","375","Rotenone",0.0838335496532108
"F","375","Rotenone",0.0782709072169449
"F","375","Rotenone",0.0747552976973914
"F","375","Rotenone",0.07974885281878
"F","375","Rotenone",0.0635360431800115
"F","375","Rotenone",0.0887988871231628
"F","375","Rotenone",0.0958864416374629
"F","375","Rotenone",0.0959173552917435
"F","375","Rotenone",0.0710272695636077
"F","375","Rotenone",0.0819920575639484
"F","375","Rotenone",0.0735463990284259
"F","375","Rotenone",0.0720078161576809
"F","375","Rotenone",0.102113523540396
"F","375","Rotenone",0.070856104703925
"F","375","Rotenone",0.0857614107413452
"F","375","Rotenone",0.0885311645104993
"F","375","Rotenone",0.082453127877862
"F","375","Rotenone",0.0829177895894335
"F","375","Rotenone",0.0674773527198918
"F","375","Rotenone",0.078998979888898
"F","375","Rotenone",0.091367479236271
"F","375","Rotenone",0.0868268631445397
"F","375","Rotenone",0.096541796356062
"F","375","Rotenone",0.0921611509759622
"F","375","Rotenone",0.0709131884327969
"F","375","Rotenone",0.0942598105820259
"F","375","Rotenone",0.0862817460507385
"F","375","Rotenone",0.0919340755917506
"F","375","Rotenone",0.10644098859821
"F","375","Rotenone",0.0808581738434644
"F","375","Rotenone",0.0883116101605659
"F","375","Rotenone",0.0592474937268508
"F","375","Rotenone",0.0996691463000438
"F","375","Rotenone",0.0906195190799722
"F","375","Rotenone",0.0714803694727763
"F","375","Rotenone",0.0503161793317357
"F","375","Rotenone",0.0844504751408175
"F","375","Rotenone",0.0661412871582732
"F","375","Rotenone",0.0798335336790682
"F","375","Rotenone",0.0781203244120369
"F","375","Rotenone",0.0606539786541222
"F","375","Rotenone",0.0799186724658596
"F","375","Rotenone",0.0975083347190543
"F","375","Rotenone",0.0476338871500404
"F","375","Rotenone",0.0943280246527089
"F","375","Rotenone",0.0683308194968101
"F","375","Rotenone",0.0603548883804302
"F","375","Rotenone",0.0704405987452304
"F","375","Rotenone",0.0858220744641138
"F","375","Rotenone",0.0608949135265495
"F","375","Rotenone",0.0682615057899884
"F","375","Rotenone",0.0826729209955605
"F","375","Rotenone",0.0975763939261331
"F","375","Rotenone",0.0620843566668662
"F","375","Rotenone",0.0801833900833594
"F","375","Rotenone",0.102604839076058
"F","375","Rotenone",0.0477217173361146
"F","375","Rotenone",0.0681856269409337
"F","375","Rotenone",0.0730851914562946
"F","375","Rotenone",0.113335590064874
"F","375","Rotenone",0.0872257715845841
"F","375","Rotenone",0.0824875352640277
"F","375","Rotenone",0.060109225170304
"F","375","Rotenone",0.0612204021309404
"F","375","Rotenone",0.0778221314524048
"F","375","Rotenone",0.0821674751375812
"F","375","Rotenone",0.0708808781404119
"F","375","Rotenone",0.0992074267733832
"F","375","Rotenone",0.0608146670084285
"F","375","Rotenone",0.0869022247461784
"F","375","Rotenone",0.0785767558456876
"F","375","Rotenone",0.0743680356626339
"F","375","Rotenone",0.0763380943781595
"F","375","Rotenone",0.0790305844273019
"F","375","Rotenone",0.0854459922649659
"F","375","Rotenone",0.104540845835841
"F","375","Rotenone",0.0931637735769545
"F","375","Rotenone",0.0750173545642684
"F","375","Rotenone",0.0785577990051951
"F","375","Rotenone",0.0669573219835943
"F","375","Rotenone",0.0920711608831441
"F","375","Rotenone",0.0960369245750953
"F","375","Rotenone",0.0843702999833198
"F","375","Rotenone",0.0775030380451656
"F","375","Rotenone",0.0715282955973096
"F","375","Rotenone",0.0951530693308937
"F","375","Rotenone",0.0914889005558273
"F","375","Rotenone",0.071504404082255
"F","375","Rotenone",0.0557971278220667
"F","375","Rotenone",0.0923372510228638
"F","375","Rotenone",0.0719542189062472
"F","375","Rotenone",0.0695924605160272
"F","375","Rotenone",0.0800483489904121
"F","375","Rotenone",0.0801236287696983
"F","375","Rotenone",0.079578658753534
"F","375","Rotenone",0.0787555860061856
"F","375","Rotenone",0.0746934339087206
"F","375","Rotenone",0.0618432871695696
"F","375","Rotenone",0.0561531534500682
"F","375","Rotenone",0.058618270481116
"F","375","Rotenone",0.0777629913444594
"F","375","Rotenone",0.0890740953199399
"F","375","Rotenone",0.0678133540193939
"F","375","Rotenone",0.0814059460742799
"F","375","Rotenone",0.0766627523715842
"F","375","Rotenone",0.0770718209971948
"F","375","Rotenone",0.0737804175174621
"F","375","Rotenone",0.0967585486571713
"F","375","Rotenone",0.078364758346747
"F","375","Rotenone",0.0843133469485131
"F","375","Rotenone",0.0674180992097975
"F","375","Rotenone",0.0827665902605771
"F","375","Rotenone",0.0734526082746451
"F","375","Rotenone",0.0736039767607365
"F","375","Rotenone",0.0767819450901146
"F","375","Rotenone",0.0841587397908375
"F","375","Rotenone",0.0878677538078978
"F","375","Rotenone",0.080034808433383
"F","375","Rotenone",0.090466121949257
"F","375","Rotenone",0.0666680557432935
"F","375","Rotenone",0.096742133575425
"F","375","Rotenone",0.0627812804553864
"F","375","Rotenone",0.0937805026062098
"F","375","Rotenone",0.0897096859183769
"F","375","Rotenone",0.0890400544151969
"F","375","Rotenone",0.054524828385919
"F","375","Rotenone",0.0756703456037705
"F","375","Rotenone",0.0647671567653219
"F","375","Rotenone",0.104505089562187
"F","375","Rotenone",0.0838721882535941
"F","375","Rotenone",0.0974717712519395
"F","375","Rotenone",0.0772581303261087
"F","375","Rotenone",0.0917429790795238
"F","375","Rotenone",0.07205734239622
"F","375","Rotenone",0.0956550099263984
"F","375","Rotenone",0.0792234633386135
"F","375","Rotenone",0.0843610078769604
"F","375","Rotenone",0.086879679713527
"F","375","Rotenone",0.085557290888294
"F","375","Rotenone",0.0916700804765598
"F","375","Rotenone",0.0654289703051346
"F","375","Rotenone",0.0789784385089573
"F","375","Rotenone",0.0752466737150062
"F","375","Rotenone",0.0905353956586092
"F","375","Rotenone",0.0850060651195282
"F","375","Rotenone",0.0634228401121725
"F","375","Rotenone",0.0850347942300623
"F","375","Rotenone",0.082450355866122
"F","375","Rotenone",0.0824793800180455
"F","375","Rotenone",0.0813220495892669
"F","375","Rotenone",0.0641417017776703
"F","375","Rotenone",0.109175185171043
"F","375","Rotenone",0.0644115710968035
"F","375","Rotenone",0.0867816562518783
"F","375","Rotenone",0.0827033203003882
"F","375","Rotenone",0.073573481274008
"F","375","Rotenone",0.0642293278866207
"F","375","Rotenone",0.0824305193198599
"F","375","Rotenone",0.0904029149485381
"F","375","Rotenone",0.0557895422244991
"F","375","Rotenone",0.0836117415406091
"F","375","Rotenone",0.0851295207672464
"F","375","Rotenone",0.0868920319324885
"F","375","Rotenone",0.0846392190469289
"F","375","Rotenone",0.100108235955024
"F","375","Rotenone",0.0970402528240037
"F","375","Rotenone",0.086705520598902
"F","375","Rotenone",0.087177648455563
"F","375","Rotenone",0.0802362742829296
"F","375","Rotenone",0.06427770553719
"F","375","Rotenone",0.100359833642132
"F","375","Rotenone",0.0938488466091187
"F","375","Rotenone",0.0843205111544989
"F","375","Rotenone",0.104623564883407
"F","375","Rotenone",0.0780691383777688
"F","375","Rotenone",0.0671370931204348
"F","375","Rotenone",0.0921503273297802
"F","375","Rotenone",0.0860477027124685
"F","375","Rotenone",0.0651323284704664
"F","375","Rotenone",0.0817603211218329
"F","375","Rotenone",0.0897373645407163
"F","375","Rotenone",0.0800935881266989
"F","375","Rotenone",0.0815944113117394
"F","375","Rotenone",0.108179869678705
"F","375","Rotenone",0.0854204276288719
"F","375","Rotenone",0.0772793638064167
"F","375","Rotenone",0.0501948369053915
"F","375","Rotenone",0.0781663868295705
"F","375","Rotenone",0.076976325827861
"F","375","Rotenone",0.067187546139464
"F","375","Rotenone",0.0642627833852503
"F","375","Rotenone",0.0737204485653545
"F","375","Rotenone",0.096988137853125
"F","375","Rotenone",0.0867951648118055
"F","375","Rotenone",0.0791285889635847
"F","375","Rotenone",0.069776679738694
"F","375","Rotenone",0.0567785216451481
"F","375","Rotenone",0.0736014048020811
"F","375","Rotenone",0.0796537111368745
"F","375","Rotenone",0.0986285692226196
"F","375","Rotenone",0.0794135806534021
"F","375","Rotenone",0.0823953732269934
"F","375","Rotenone",0.0853392684734507
"F","375","Rotenone",0.0851386792171278
"F","375","Rotenone",0.0683963469140868
"F","375","Rotenone",0.076485868288516
"F","375","Rotenone",0.0711075242090929
"F","375","Rotenone",0.079130687591264
"F","375","Rotenone",0.0751034490224854
"F","375","Rotenone",0.0731903668875894
"F","375","Rotenone",0.0883122285077875
"F","375","Rotenone",0.0808290006524843
"F","375","Rotenone",0.0643092688809916
"F","375","Rotenone",0.0855140260378205
"F","375","Rotenone",0.0914684139643021
"F","375","Rotenone",0.0888409277770701
"F","375","Rotenone",0.0675496096269618
"F","375","Rotenone",0.0565092548426435
"F","375","Rotenone",0.0861770667982506
"F","375","Rotenone",0.0865063700837481
"F","375","Rotenone",0.108624744586408
"F","375","Rotenone",0.092623897801517
"F","375","Rotenone",0.0581391200042538
"F","375","Rotenone",0.0749607714900209
"F","375","Rotenone",0.0890207752951826
"F","375","Rotenone",0.0824142841899386
"F","375","Rotenone",0.0675016409862139
"F","375","Rotenone",0.0596961484741388
"F","375","Rotenone",0.0789548646948881
"F","375","Rotenone",0.0687726997807555
"F","375","Rotenone",0.0900766856269141
"F","375","Rotenone",0.0738730940216718
"F","375","Rotenone",0.085715779766306
"F","375","Rotenone",0.074828570755478
"F","375","Rotenone",0.0901640276210187
"F","375","Rotenone",0.0913191339311954
"F","375","Rotenone",0.0781076097202993
"F","375","Rotenone",0.06574605576366
"F","375","Rotenone",0.0657218742061347
"F","375","Rotenone",0.073305742335881
"F","375","Rotenone",0.0895857181300396
"F","375","Rotenone",0.0745186276169746
"F","375","Rotenone",0.0698268305187599
"F","375","Rotenone",0.0792293100711794
"F","375","Rotenone",0.0940081948930323
"F","375","Rotenone",0.0727623617477954
"F","375","Rotenone",0.0899727433048321
"F","375","Rotenone",0.0980403942373435
"F","375","Rotenone",0.0772714868147075
"F","375","Rotenone",0.0900818308619012
"F","375","Rotenone",0.0890854265870223
"F","375","Rotenone",0.0685887960186055
"F","375","Rotenone",0.0984188206055759
"F","375","Rotenone",0.0670026025990342
"F","375","Rotenone",0.0836610992580725
"F","375","Rotenone",0.0926801112076357
"F","375","Rotenone",0.0708331741950757
"F","375","Rotenone",0.103792425678801
"F","375","Rotenone",0.0777629950732779
"F","375","Rotenone",0.0870186125201644
"F","375","Rotenone",0.0535225323794141
"F","375","Rotenone",0.078337164484159
"F","375","Rotenone",0.0782079272628018
"F","375","Rotenone",0.0680180850858138
"F","375","Rotenone",0.0887633604355698
"F","375","Rotenone",0.0772959623706279
"F","375","Rotenone",0.0670882271931311
"F","375","Rotenone",0.0865289546818663
"F","375","Rotenone",0.0881980588737079
"F","375","Rotenone",0.0759017059785535
"F","375","Rotenone",0.0771846461604093
"F","375","Rotenone",0.0930392178903814
"F","375","Rotenone",0.101475982351776
"F","375","Rotenone",0.0874267197952489
"F","375","Rotenone",0.094771311641078
"F","375","Rotenone",0.0772486666087295
"F","375","Rotenone",0.0858657256390114
"F","375","Rotenone",0.0735309838334266
"F","375","Rotenone",0.0666047720977168
"F","375","Rotenone",0.0684123395286928
"F","375","Rotenone",0.09376476140722
"F","375","Rotenone",0.101806042162913
"F","375","Rotenone",0.0728284778604664
"F","375","Rotenone",0.0735985207283022
"F","375","Rotenone",0.0767102500330539
"F","375","Rotenone",0.0705644859927212
"F","375","Rotenone",0.0957158587922969
"F","375","Rotenone",0.0899044405955921
"F","375","Rotenone",0.0692222774812662
"F","375","Rotenone",0.0671023394858879
"F","375","Rotenone",0.088303326057177
"F","375","Rotenone",0.0697583597622621
"F","375","Rotenone",0.0718059895466707
"F","375","Rotenone",0.071882648889557
"F","375","Rotenone",0.0807121087494609
"F","375","Rotenone",0.105763637949959
"F","375","Rotenone",0.0872357671069651
"F","375","Rotenone",0.073136823954094
"F","375","Rotenone",0.0759582040680395
"F","375","Rotenone",0.0956381926967963
"F","375","Rotenone",0.0862327222367415
"F","375","Rotenone",0.0829825922140554
"F","375","Rotenone",0.0725085041100616
"F","375","Rotenone",0.0646351591113777
"F","375","Rotenone",0.0944067477735676
"F","375","Rotenone",0.0796903322070951
"F","375","Rotenone",0.0804232683269138
"F","375","Rotenone",0.0883154161460901
"F","375","Rotenone",0.0781496211932598
"F","375","Rotenone",0.0874025298681558
"F","375","Rotenone",0.0790936270165805
"F","375","Rotenone",0.101019554004337
"F","375","Rotenone",0.0655377034326511
"F","375","Rotenone",0.0712630833796998
"F","375","Rotenone",0.0989234733148891
"F","375","Rotenone",0.0806654062525074
"F","375","Rotenone",0.0868056286523837
"F","375","Rotenone",0.0918510751341517
"F","375","Rotenone",0.0969205203053088
"F","375","Rotenone",0.0613914722611277
"F","375","Rotenone",0.0456578427951125
"F","375","Rotenone",0.0941515796391645
"F","375","Rotenone",0.0586328756838888
"F","375","Rotenone",0.0898944646822737
"F","375","Rotenone",0.0942991675086284
"F","375","Rotenone",0.0758859397078268
"F","375","Rotenone",0.089285344817535
"F","375","Rotenone",0.0921926915543355
"F","375","Rotenone",0.089192792676837
"F","375","Rotenone",0.0699758274627517
"F","375","Rotenone",0.0783697828454696
"F","375","Rotenone",0.0799607689050292
"F","375","Rotenone",0.0876019004362241
"F","375","Rotenone",0.0833174746129542
"F","375","Rotenone",0.0882104536183944
"F","375","Rotenone",0.0992491464439545
"F","375","Rotenone",0.0787289673903647
"F","375","Rotenone",0.0814499708424963
"F","375","Rotenone",0.0835344785108719
"F","375","Rotenone",0.0921750998593227
"F","375","Rotenone",0.0689636118163557
"F","375","Rotenone",0.0869112969397731
"F","375","Rotenone",0.0776309781850022
"F","375","Rotenone",0.0862937395014939
"F","375","Rotenone",0.0752447446791549
"F","375","Rotenone",0.0669684932277206
"F","375","Rotenone",0.0787804696281654
"F","375","Rotenone",0.0807844523140223
"F","375","Rotenone",0.0753906685136801
"F","375","Rotenone",0.0857691694307155
"F","375","Rotenone",0.087907535967776
"F","375","Rotenone",0.08026856787932
"F","375","Rotenone",0.0898134233631903
"F","375","Rotenone",0.0913109093552276
"F","375","Rotenone",0.0817906582303565
"F","375","Rotenone",0.0753766692144841
"F","375","Rotenone",0.0841840146771341
"F","375","Rotenone",0.0851892233750109
"F","375","Rotenone",0.0589659121090558
"F","375","Rotenone",0.0834520144198836
"F","375","Rotenone",0.0835096779367594
"F","375","Rotenone",0.0778523161961092
"F","375","Rotenone",0.0744228335505103
"F","375","Rotenone",0.0760942022785435
"F","375","Rotenone",0.0994697663492677
"F","375","Rotenone",0.104864144620783
"F","375","Rotenone",0.0538573719263438
"F","375","Rotenone",0.098397367565257
"F","375","Rotenone",0.0671395784891547
"F","375","Rotenone",0.0685063646618929
"F","375","Rotenone",0.0708769720016555
"F","375","Rotenone",0.0752568283426184
"F","375","Rotenone",0.0801713147152233
"F","375","Rotenone",0.0905227082066177
"F","375","Rotenone",0.066670502679917
"F","375","Rotenone",0.0743288432182905
"F","375","Rotenone",0.06799526552245
"F","375","Rotenone",0.0687981349506774
"F","375","Rotenone",0.0622195815132474
"F","375","Rotenone",0.079175372934996
"F","375","Rotenone",0.0938831305053027
"F","375","Rotenone",0.0761068375637477
"F","375","Rotenone",0.0655924975623227
"F","375","Rotenone",0.07228942404036
"F","375","Rotenone",0.0795300258875864
"F","375","Rotenone",0.080618826964826
"F","375","Rotenone",0.0784741519261627
"F","375","Rotenone",0.0727871013706476
"F","375","Rotenone",0.0745837230089025
"F","375","Rotenone",0.0966150387056222
"F","375","Rotenone",0.0664850228350505
"F","375","Rotenone",0.0721238905557433
"F","375","Rotenone",0.102736379491663
"F","375","Rotenone",0.0958960847664189
"F","375","Rotenone",0.080091887958114
"F","375","Rotenone",0.0862612657952924
"F","375","Rotenone",0.0745810537329282
"F","375","Rotenone",0.0738246288616667
"F","375","Rotenone",0.0856943626216292
"F","375","Rotenone",0.094016224661983
"F","375","Rotenone",0.0627443433319833
"F","375","Rotenone",0.0861367124714799
"F","375","Rotenone",0.094744460461914
"F","375","Rotenone",0.0762117064650372
"F","375","Rotenone",0.0753330318093188
"F","375","Rotenone",0.0725201188594083
"F","375","Rotenone",0.0591114896585568
"F","375","Rotenone",0.0979305400687179
"F","375","Rotenone",0.0709456594574133
"F","375","Rotenone",0.0963220831399825
"F","375","Rotenone",0.0819207915712451
"F","375","Rotenone",0.0758092901056922
"F","375","Rotenone",0.0683076271547531
"F","375","Rotenone",0.0698366955302051
"F","375","Rotenone",0.0597359393827329
"F","375","Rotenone",0.0781153599447776
"F","375","Rotenone",0.0878243132109278
"F","375","Rotenone",0.0737138168466612
"F","375","Rotenone",0.081485261821418
"F","375","Rotenone",0.0826038829248706
"F","375","Rotenone",0.0906185881344419
"F","375","Rotenone",0.0769686194229996
"F","375","Rotenone",0.0746212406646001
"F","375","Rotenone",0.0941503304016164
"F","375","Rotenone",0.0978332002636267
"F","375","Rotenone",0.0643746600862013
"F","375","Rotenone",0.0629309255065132
"F","375","Rotenone",0.0663546964545881
"F","375","Rotenone",0.0711845920821601
"F","375","Rotenone",0.0779283162377568
"F","375","Rotenone",0.078755550226005
"F","375","Rotenone",0.0920478682166513
"F","375","Rotenone",0.0890619705178876
"F","375","Rotenone",0.100798441050312
"F","375","Rotenone",0.0826722974569756
"F","375","Rotenone",0.0894754112420382
"F","375","Rotenone",0.0791638961576388
"F","375","Rotenone",0.0912278684541889
"F","375","Rotenone",0.0829232826750591
"F","375","Rotenone",0.0685056088217958
"F","375","Rotenone",0.0754794060721427
"F","375","Rotenone",0.0604436871943363
"F","375","Rotenone",0.0633955775358543
"F","375","Rotenone",0.0829331792481542
"F","375","Rotenone",0.0668717207546006
"F","375","Rotenone",0.0894221784938094
"F","375","Rotenone",0.0815311368138926
"F","375","Rotenone",0.0888284181214352
"F","375","Rotenone",0.0805709048170934
"F","375","Rotenone",0.0729539791516116
"F","375","Rotenone",0.0750341624722438
"F","375","Rotenone",0.0721480804345629
"F","375","Rotenone",0.0922372960320427
"F","375","Rotenone",0.0625877402469134
"F","375","Rotenone",0.0825934335875267
"F","375","Rotenone",0.082559427782609
"F","375","Rotenone",0.101702628452725
"F","375","Rotenone",0.0811393890475804
"F","375","Rotenone",0.0579425491422405
"F","375","Rotenone",0.0838010876052179
"F","375","Rotenone",0.0873473119794791
"F","375","Rotenone",0.0790270433957373
"F","375","Rotenone",0.072658436480305
"F","375","Rotenone",0.0990234314898179
"F","375","Rotenone",0.069186779047301
"F","375","Rotenone",0.07910462147131
"F","375","Rotenone",0.0822885979574065
"F","375","Rotenone",0.0845732377500192
"F","375","Rotenone",0.0797232433870274
"F","375","Rotenone",0.0853405116782273
"F","375","Rotenone",0.0830946483777748
"F","375","Rotenone",0.0721540640602829
"F","375","Rotenone",0.0684050633299779
"F","375","Rotenone",0.05817051217407
"F","375","Rotenone",0.0884152510343209
"F","375","Rotenone",0.0836104210583
"F","375","Rotenone",0.0680259345137256
"F","375","Rotenone",0.0791475633089454
"F","375","Rotenone",0.0760702121769703
"F","375","Rotenone",0.0746640080246811
"F","375","Rotenone",0.0859853036827431
"F","375","Rotenone",0.0769585524888282
"F","375","Rotenone",0.0885851039193906
"F","375","Rotenone",0.0770611522175901
"F","375","Rotenone",0.0673539465470787
"F","375","Rotenone",0.0729444737879718
"F","375","Rotenone",0.081293925918267
"F","375","Rotenone",0.0750700680440709
"F","375","Rotenone",0.106448950899583
"F","375","Rotenone",0.0720507828070586
"F","375","Rotenone",0.0915197066305082
"F","375","Rotenone",0.0963300709235853
"F","375","Rotenone",0.0749289531955763
"F","375","Rotenone",0.0733588647242382
"F","375","Rotenone",0.0598168609224259
"F","375","Rotenone",0.0663042106179316
"F","375","Rotenone",0.0712429421735639
"F","375","Rotenone",0.10077337011157
"F","375","Rotenone",0.0892183317264112
"F","375","Rotenone",0.103582570610381
"F","375","Rotenone",0.0787004176476944
"F","375","Rotenone",0.0892832182475734
"F","375","Rotenone",0.089537957250595
"F","375","Rotenone",0.0743267702665143
"F","375","Rotenone",0.0830516038786265
"F","375","Rotenone",0.0809994654917164
"F","375","Rotenone",0.0906111068325055
"F","375","Rotenone",0.0676203630979382
"F","375","Rotenone",0.0718188064371832
"F","375","Rotenone",0.0613943206515855
"F","375","Rotenone",0.0694114083054036
"F","375","Rotenone",0.09187129101719
"F","375","Rotenone",0.0868218293790741
"F","375","Rotenone",0.0821211953889979
"F","375","Rotenone",0.0728760348787503
"F","375","Rotenone",0.0922910001900395
"F","375","Rotenone",0.0777833009028156
"F","375","Rotenone",0.0770096181816228
"F","375","Rotenone",0.0865834703144516
"F","375","Rotenone",0.11722801409842
"F","375","Rotenone",0.0945242865611428
"F","375","Rotenone",0.0499721711480147
"F","375","Rotenone",0.0766442940608266
"F","375","Rotenone",0.0721236517872799
"F","375","Rotenone",0.0954744385575144
"F","375","Rotenone",0.0620125229537481
"F","375","Rotenone",0.0732755861664558
"F","375","Rotenone",0.0748894275438323
"F","375","Rotenone",0.0832929190711734
"F","375","Rotenone",0.0868190767579668
"F","375","Rotenone",0.0873079543584942
"F","375","Rotenone",0.0791761323634129
"F","375","Rotenone",0.0860864675594801
"F","375","Rotenone",0.0639040272179223
"F","375","Rotenone",0.0690354486242329
"F","375","Rotenone",0.0845826538410511
"F","375","Rotenone",0.0896436850727413
"F","375","Rotenone",0.0903041483345905
"F","375","Rotenone",0.0696237216396569
"F","375","Rotenone",0.0934857010796946
"F","375","Rotenone",0.0780109229138676
"F","375","Rotenone",0.0784052420308078
"F","375","Rotenone",0.0691349377645921
"F","375","Rotenone",0.0989985231508574
"F","375","Rotenone",0.0770268019960013
"F","375","Rotenone",0.0981940701753893
"F","375","Rotenone",0.0754881013740245
"F","375","Rotenone",0.0683239353199704
"F","375","Rotenone",0.0978978928740969
"F","375","Rotenone",0.0729664884270036
"F","375","Rotenone",0.0736978868528388
"F","375","Rotenone",0.0841839346982077
"F","375","Rotenone",0.0911104595904975
"F","375","Rotenone",0.0793180526409011
"F","375","Rotenone",0.0842248986112088
"F","375","Rotenone",0.0726115627628685
"F","375","Rotenone",0.0691898631848551
"F","375","Rotenone",0.0810699521204882
"F","375","Rotenone",0.0651210346510147
"F","375","Rotenone",0.0785659601069254
"F","375","Rotenone",0.0850553394442164
"F","375","Rotenone",0.0672739207011145
"F","375","Rotenone",0.102601045158265
"F","375","Rotenone",0.0890817651904893
"F","375","Rotenone",0.0849378509362786
"F","375","Rotenone",0.0712827599453609
"F","375","Rotenone",0.083512201640886
"F","375","Rotenone",0.0925286312831117
"F","375","Rotenone",0.0886633534591459
"F","375","Rotenone",0.0943399752115695
"F","375","Rotenone",0.0953561906439372
"F","375","Rotenone",0.0989987551796221
"F","375","Rotenone",0.0634275125586296
"F","375","Rotenone",0.104309078110491
"F","375","Rotenone",0.0703942489376141
"F","375","Rotenone",0.0907229291278887
"F","375","Rotenone",0.0552606959006954
"F","375","Rotenone",0.0812801849957237
"F","375","Rotenone",0.0703013518677607
"F","375","Rotenone",0.0609599115124854
"F","375","Rotenone",0.0797917139191661
"F","375","Rotenone",0.0977922916917305
"F","375","Rotenone",0.0954415176795707
"F","375","Rotenone",0.0828311007923252
"F","375","Rotenone",0.079745759095048
"F","375","Rotenone",0.0834535074613317
"F","375","Rotenone",0.0784074189303218
"F","375","Rotenone",0.0860130490398207
"F","375","Rotenone",0.0755659510811816
"F","375","Rotenone",0.064437445310721
"F","375","Rotenone",0.0695606500003999
"F","375","Rotenone",0.054514299722047
"F","375","Rotenone",0.0945641853474269
"F","375","Rotenone",0.0844933510935914
"F","375","Rotenone",0.0970480884947897
"F","375","Rotenone",0.054587506389843
"F","375","Rotenone",0.0639132852189701
"F","375","Rotenone",0.0938969605441289
"F","375","Rotenone",0.0740136759749025
"F","375","Rotenone",0.0777821499785922
"F","375","Rotenone",0.0780608893614952
"F","375","Rotenone",0.0788502224079634
"F","375","Rotenone",0.0889686949506792
"F","375","Rotenone",0.0719303327063822
"F","375","Rotenone",0.0705887803187458
"F","375","Rotenone",0.0899154316887761
"F","375","Rotenone",0.0641390389527113
"F","375","Rotenone",0.0997529281619427
"F","375","Rotenone",0.0993068145253212
"F","375","Rotenone",0.0876909912402292
"F","375","Rotenone",0.0737531748027872
"F","375","Rotenone",0.0601759609005764
"F","375","Rotenone",0.100173196050097
"F","375","Rotenone",0.083031512337602
"F","375","Rotenone",0.0618872056980015
"F","375","Rotenone",0.0727547915723774
"F","375","Rotenone",0.0910756644782868
"F","375","Rotenone",0.0571333943551444
"F","375","Rotenone",0.0850655156362035
"F","375","Rotenone",0.0895416791451936
"F","375","Rotenone",0.0797310859603438
"F","375","Rotenone",0.102781310764978
"F","375","Rotenone",0.0752545378904629
"F","375","Rotenone",0.0922643587730593
"F","375","Rotenone",0.0914749169469153
"F","375","Rotenone",0.085343813790007
"F","375","Rotenone",0.0750854167146015
"F","375","Rotenone",0.0789316767960944
"F","375","Rotenone",0.0940124808668636
"F","375","Rotenone",0.0697307233289171
"F","375","Rotenone",0.0712498424540102
"F","375","Rotenone",0.0775547075259604
"F","375","Rotenone",0.0805971080026653
"F","375","Rotenone",0.0826812950179994
"F","375","Rotenone",0.0739119700299897
"F","375","Rotenone",0.0896710068940089
"F","375","Rotenone",0.0746572915179537
"F","375","Rotenone",0.081804648263383
"F","375","Rotenone",0.0852951124122876
"F","375","Rotenone",0.097450721593035
"F","375","Rotenone",0.0768686952989839
"F","375","Rotenone",0.0660939586776043
"F","375","Rotenone",0.0772113427438828
"F","375","Rotenone",0.0799039598307043
"F","375","Rotenone",0.0711694656951205
"F","375","Rotenone",0.0977313799146927
"F","375","Rotenone",0.0678342746627511
"F","375","Rotenone",0.0855968565648052
"F","375","Rotenone",0.0836076209645699
"F","375","Rotenone",0.0811063833318244
"F","375","Rotenone",0.0906312081851066
"F","375","Rotenone",0.0808393220701102
"F","375","Rotenone",0.088700972508802
"F","375","Rotenone",0.0799688319178001
"F","375","Rotenone",0.0716155451845592
"F","375","Rotenone",0.0832984219056059
"F","375","Rotenone",0.0967589705961124
"F","375","Rotenone",0.083582420425146
"F","375","Rotenone",0.083288390862557
"F","375","Rotenone",0.0867462974074159
"F","375","Rotenone",0.088858452519539
"F","375","Rotenone",0.101691352071401
"F","375","Rotenone",0.0773128560127892
"F","375","Rotenone",0.0875974881720763
"F","375","Rotenone",0.0745398875658534
"F","375","Rotenone",0.0543451157103668
"F","375","Rotenone",0.0733163479964916
"F","375","Rotenone",0.0669523392381044
"F","375","Rotenone",0.0850256237906468
"F","375","Rotenone",0.0764363434733866
"F","375","Rotenone",0.0866915628483325
"F","375","Rotenone",0.0843367050555991
"F","375","Rotenone",0.0777841786550105
"F","375","Rotenone",0.0849587806888633
"F","375","Rotenone",0.0808980958421921
"F","375","Rotenone",0.0574890021364633
"F","375","Rotenone",0.105644390377984
"F","375","Rotenone",0.0904728562530211
"F","375","Rotenone",0.100196736784181
"F","375","Rotenone",0.0920573880793567
"F","375","Rotenone",0.0753205066854694
"F","375","Rotenone",0.0994351798610015
"F","375","Rotenone",0.0938151432926943
"F","375","Rotenone",0.0763827006808927
"F","375","Rotenone",0.0792115755903464
"F","375","Rotenone",0.0862707126728137
"F","375","Rotenone",0.0842151705947731
"F","375","Rotenone",0.0720267797310314
"F","375","Rotenone",0.0831735151239391
"F","375","Rotenone",0.0957007325929182
"F","375","Rotenone",0.0660423033500206
"F","375","Rotenone",0.073785015415834
"F","375","Rotenone",0.0922800156063832
"F","375","Rotenone",0.0633142439142494
"F","375","Rotenone",0.0742033340874581
"F","375","Rotenone",0.0735575195130044
"F","375","Rotenone",0.0884254050946761
"F","375","Rotenone",0.0805646476884914
"F","375","Rotenone",0.0996615641875396
"F","375","Rotenone",0.0961170000471135
"F","375","Rotenone",0.0951893537304332
"F","375","Rotenone",0.076797540840572
"F","375","Rotenone",0.0833997948450499
"F","375","Rotenone",0.0765007997710409
"F","375","Rotenone",0.0832068586645313
"F","375","Rotenone",0.0844122524980221
"F","375","Rotenone",0.0972164927109571
"F","375","Rotenone",0.0803650351286365
"F","375","Rotenone",0.0868375301851526
"F","375","Rotenone",0.0729904653698816
"F","375","Rotenone",0.0869237247747052
"F","375","Rotenone",0.082367875012162
"F","375","Rotenone",0.0760467370940746
"F","375","Rotenone",0.0730515316167943
"F","375","Rotenone",0.0728639687485436
"F","375","Rotenone",0.0859068959629388
"F","375","Rotenone",0.0918306238576995
"F","375","Rotenone",0.0995980630620993
"F","375","Rotenone",0.0687766729559843
"F","375","Rotenone",0.104184098606825
"F","375","Rotenone",0.0866612723482377
"F","375","Rotenone",0.0883862897238759
"F","375","Rotenone",0.0842994071805195
"F","375","Rotenone",0.0800280850473794
"F","375","Rotenone",0.086226955011282
"F","375","Rotenone",0.0648155423861312
"F","375","Rotenone",0.0774940331703974
"F","375","Rotenone",0.0827429855093032
"F","375","Rotenone",0.0828123590107764
"F","375","Rotenone",0.0889685143303495
"F","375","Rotenone",0.0783215959064283
"F","375","Rotenone",0.0599589501137795
"F","375","Rotenone",0.0694232145175829
"F","375","Rotenone",0.0590486846994908
"F","375","Rotenone",0.0746985504325393
"F","375","Rotenone",0.0661909087900647
"F","375","Rotenone",0.0732722939662194
"F","375","Rotenone",0.0709591724845894
"F","375","Rotenone",0.0732040730935407
"F","375","Rotenone",0.0998729268477515
"F","375","Rotenone",0.0880281048097338
"F","375","Rotenone",0.086422484392126
"F","375","Rotenone",0.0930053064463584
"F","Ore","Control",0.0558138590260594
"F","Ore","Control",0.0621567030963599
"F","Ore","Control",0.0568410810396951
"F","Ore","Control",0.0554217188328939
"F","Ore","Control",0.0542475157825184
"F","Ore","Control",0.0549359212877098
"F","Ore","Control",0.0603627024151816
"F","Ore","Control",0.0486170990822436
"F","Ore","Control",0.0504966316797919
"F","Ore","Control",0.0491112632741879
"F","Ore","Control",0.0642189698836566
"F","Ore","Control",0.0310201048169033
"F","Ore","Control",0.0701968878749449
"F","Ore","Control",0.0643737909808883
"F","Ore","Control",0.0556383433957539
"F","Ore","Control",0.0606527114798523
"F","Ore","Control",0.0448866762154263
"F","Ore","Control",0.054576310210571
"F","Ore","Control",0.0528829053101591
"F","Ore","Control",0.0534799299195234
"F","Ore","Control",0.0387758116128843
"F","Ore","Control",0.0740171719300678
"F","Ore","Control",0.0454128307961404
"F","Ore","Control",0.0449677478027202
"F","Ore","Control",0.0470921672220957
"F","Ore","Control",0.0530662972835702
"F","Ore","Control",0.0484107379188368
"F","Ore","Control",0.0510523886945712
"F","Ore","Control",0.0558705784109018
"F","Ore","Control",0.0290636536572666
"F","Ore","Control",0.0575132991316398
"F","Ore","Control",0.0466122862902445
"F","Ore","Control",0.0476155235519927
"F","Ore","Control",0.0486925045143784
"F","Ore","Control",0.0481826933175246
"F","Ore","Control",0.0421211545421874
"F","Ore","Control",0.0626321548208702
"F","Ore","Control",0.0717613576675435
"F","Ore","Control",0.0512549657152287
"F","Ore","Control",0.0545865663652438
"F","Ore","Control",0.0557392650395109
"F","Ore","Control",0.048083187321861
"F","Ore","Control",0.0491184555931096
"F","Ore","Control",0.0634378885665328
"F","Ore","Control",0.0542585450083842
"F","Ore","Control",0.0422498872120646
"F","Ore","Control",0.0657585571874348
"F","Ore","Control",0.0582272411346543
"F","Ore","Control",0.0579311275759543
"F","Ore","Control",0.0490865920525477
"F","Ore","Control",0.0544697945775846
"F","Ore","Control",0.0642433051437735
"F","Ore","Control",0.0583821568004085
"F","Ore","Control",0.0486439258312671
"F","Ore","Control",0.0494671492698564
"F","Ore","Control",0.0408302798348034
"F","Ore","Control",0.0547057263447245
"F","Ore","Control",0.0647346615653916
"F","Ore","Control",0.0565739656015585
"F","Ore","Control",0.0523615172296233
"F","Ore","Control",0.0522564755019236
"F","Ore","Control",0.0496294749998649
"F","Ore","Control",0.0723985817981224
"F","Ore","Control",0.0600573943990479
"F","Ore","Control",0.0688077072089889
"F","Ore","Control",0.0540164528226718
"F","Ore","Control",0.0610444776357048
"F","Ore","Control",0.0670290562280461
"F","Ore","Control",0.0602117532141483
"F","Ore","Control",0.0326638649037108
"F","Ore","Control",0.0620692579096661
"F","Ore","Control",0.0628022241233385
"F","Ore","Control",0.0649176385121134
"F","Ore","Control",0.0537127327432374
"F","Ore","Control",0.0550747276188362
"F","Ore","Control",0.0504127300939959
"F","Ore","Control",0.0382192405538373
"F","Ore","Control",0.0517339214187319
"F","Ore","Control",0.0469346817868245
"F","Ore","Control",0.0567863141810499
"F","Ore","Control",0.0482333381016977
"F","Ore","Control",0.0451848669170743
"F","Ore","Control",0.0517544546037876
"F","Ore","Control",0.0695152213045134
"F","Ore","Control",0.0532345663552073
"F","Ore","Control",0.0563813490673552
"F","Ore","Control",0.0489080479186656
"F","Ore","Control",0.0646213872882878
"F","Ore","Control",0.0550013560474886
"F","Ore","Control",0.0615747470540089
"F","Ore","Control",0.0569099654562131
"F","Ore","Control",0.0478094263586091
"F","Ore","Control",0.0701347525889718
"F","Ore","Control",0.0537351830436529
"F","Ore","Control",0.0485331181692617
"F","Ore","Control",0.0449775544171422
"F","Ore","Control",0.0391943511488626
"F","Ore","Control",0.0523824139484208
"F","Ore","Control",0.0619978658402775
"F","Ore","Control",0.062769498954911
"F","Ore","Control",0.0496708840377686
"F","Ore","Control",0.0620055889599538
"F","Ore","Control",0.0621897938577534
"F","Ore","Control",0.060016847396037
"F","Ore","Control",0.049733736188679
"F","Ore","Control",0.0420276053866406
"F","Ore","Control",0.0546611410016747
"F","Ore","Control",0.0671133894100037
"F","Ore","Control",0.045666302793037
"F","Ore","Control",0.0556658860000458
"F","Ore","Control",0.0626450533772231
"F","Ore","Control",0.0512017527290799
"F","Ore","Control",0.048151624548515
"F","Ore","Control",0.0649385085237093
"F","Ore","Control",0.0443754095130644
"F","Ore","Control",0.0580365482859448
"F","Ore","Control",0.0462579146327766
"F","Ore","Control",0.0579079083339425
"F","Ore","Control",0.0401183920551747
"F","Ore","Control",0.060970175671527
"F","Ore","Control",0.0630171217710258
"F","Ore","Control",0.0561737264338412
"F","Ore","Control",0.0497964872960649
"F","Ore","Control",0.0718682001409821
"F","Ore","Control",0.0593914652001757
"F","Ore","Control",0.0694518076056606
"F","Ore","Control",0.0559600828467113
"F","Ore","Control",0.0558424050010439
"F","Ore","Control",0.0629394429638077
"F","Ore","Control",0.065220428989294
"F","Ore","Control",0.0547064851942108
"F","Ore","Control",0.0710764955294537
"F","Ore","Control",0.0566542875564331
"F","Ore","Control",0.060094932237974
"F","Ore","Control",0.0628955811130893
"F","Ore","Control",0.051378500515035
"F","Ore","Control",0.0431338311912122
"F","Ore","Control",0.0716635234477234
"F","Ore","Control",0.0515519771768595
"F","Ore","Control",0.0486522074685708
"F","Ore","Control",0.0422696831343961
"F","Ore","Control",0.05249862918592
"F","Ore","Control",0.0632040992383154
"F","Ore","Control",0.0512838372208724
"F","Ore","Control",0.0419566302195111
"F","Ore","Control",0.0429044195021469
"F","Ore","Control",0.0502946407857318
"F","Ore","Control",0.0407088918021038
"F","Ore","Control",0.0518535978045114
"F","Ore","Control",0.0500744150072987
"F","Ore","Control",0.0707542764166403
"F","Ore","Control",0.0432270583909203
"F","Ore","Control",0.0569975411366536
"F","Ore","Control",0.0441651112724003
"F","Ore","Control",0.0509063663322843
"F","Ore","Control",0.0604965953568152
"F","Ore","Control",0.060729803058741
"F","Ore","Control",0.041485871175271
"F","Ore","Control",0.0659635930959165
"F","Ore","Control",0.0368071415063005
"F","Ore","Control",0.0416764365888217
"F","Ore","Control",0.060007625790435
"F","Ore","Control",0.0560158306987925
"F","Ore","Control",0.0568204754104579
"F","Ore","Control",0.0607939387450931
"F","Ore","Control",0.0491535921360866
"F","Ore","Control",0.0602107506921085
"F","Ore","Control",0.048166598766219
"F","Ore","Control",0.060988615964286
"F","Ore","Control",0.0713901169620871
"F","Ore","Control",0.0690595700236839
"F","Ore","Control",0.0546567490443738
"F","Ore","Control",0.0604569290760639
"F","Ore","Control",0.0596591879143695
"F","Ore","Control",0.0618972557085369
"F","Ore","Control",0.0527245128926272
"F","Ore","Control",0.0509174361748802
"F","Ore","Control",0.0621703135985627
"F","Ore","Control",0.0558044050288201
"F","Ore","Control",0.058969238561598
"F","Ore","Control",0.0681686587923017
"F","Ore","Control",0.0396829625422273
"F","Ore","Control",0.0497276133132939
"F","Ore","Control",0.0576646477159864
"F","Ore","Control",0.0677852602554189
"F","Ore","Control",0.0593241779260474
"F","Ore","Control",0.0591327496042807
"F","Ore","Control",0.0435660629811846
"F","Ore","Control",0.0664662681629669
"F","Ore","Control",0.0575697976875917
"F","Ore","Control",0.0852449350604218
"F","Ore","Control",0.061610850873807
"F","Ore","Control",0.0478629107897167
"F","Ore","Control",0.0440106193244797
"F","Ore","Control",0.047071548322674
"F","Ore","Control",0.0568682389104371
"F","Ore","Control",0.0453572734342002
"F","Ore","Control",0.0583103767278745
"F","Ore","Control",0.0508327751537678
"F","Ore","Control",0.053860229414083
"F","Ore","Control",0.0633714803001481
"F","Ore","Control",0.0571432365929588
"F","Ore","Control",0.0405908667187966
"F","Ore","Control",0.0418571030048503
"F","Ore","Control",0.0434104944772091
"F","Ore","Control",0.0650692961113529
"F","Ore","Control",0.0538450574695438
"F","Ore","Control",0.0472358920082031
"F","Ore","Control",0.0563174102264502
"F","Ore","Control",0.0662725770106314
"F","Ore","Control",0.0522159520481576
"F","Ore","Control",0.0550933006646916
"F","Ore","Control",0.0447749434165172
"F","Ore","Control",0.0592381567725797
"F","Ore","Control",0.0448197095831578
"F","Ore","Control",0.0539318945012115
"F","Ore","Control",0.0502350156089559
"F","Ore","Control",0.0515903814402117
"F","Ore","Control",0.0453065003844724
"F","Ore","Control",0.0442031512856077
"F","Ore","Control",0.0422006401031255
"F","Ore","Control",0.0431827514870282
"F","Ore","Control",0.0753867012372627
"F","Ore","Control",0.070737187649105
"F","Ore","Control",0.0544052341192269
"F","Ore","Control",0.0409948050915571
"F","Ore","Control",0.0427596272847676
"F","Ore","Control",0.0749427644029193
"F","Ore","Control",0.0526293686995273
"F","Ore","Control",0.0411191036364009
"F","Ore","Control",0.0472995797092225
"F","Ore","Control",0.0376909688314652
"F","Ore","Control",0.0479948790103077
"F","Ore","Control",0.0310863637366659
"F","Ore","Control",0.0548062769443139
"F","Ore","Control",0.0440436628756455
"F","Ore","Control",0.0489559952222469
"F","Ore","Control",0.0459301000254514
"F","Ore","Control",0.0585041791553399
"F","Ore","Control",0.0546507569460548
"F","Ore","Control",0.0610959383641944
"F","Ore","Control",0.0599103600428532
"F","Ore","Control",0.0614002295443361
"F","Ore","Control",0.0533552670666351
"F","Ore","Control",0.0648376338340073
"F","Ore","Control",0.0451517732981363
"F","Ore","Control",0.0516651208459557
"F","Ore","Control",0.0459797475998899
"F","Ore","Control",0.0573182463948286
"F","Ore","Control",0.0685666040136285
"F","Ore","Control",0.0418561796755791
"F","Ore","Control",0.0522875014692041
"F","Ore","Control",0.062275006272176
"F","Ore","Control",0.0583637851814698
"F","Ore","Control",0.0635650004107916
"F","Ore","Control",0.0455152433260937
"F","Ore","Control",0.0602103050378481
"F","Ore","Control",0.0425593086223279
"F","Ore","Control",0.0614502932548218
"F","Ore","Control",0.0663279565984823
"F","Ore","Control",0.0655474039677143
"F","Ore","Control",0.0418474468824899
"F","Ore","Control",0.0715002178165822
"F","Ore","Control",0.0570852081121678
"F","Ore","Control",0.0647698831923677
"F","Ore","Control",0.0493844677307902
"F","Ore","Control",0.0693943052918913
"F","Ore","Control",0.0594727134439126
"F","Ore","Control",0.050042071469038
"F","Ore","Control",0.054856584341907
"F","Ore","Control",0.0599600415760696
"F","Ore","Control",0.0510442120002704
"F","Ore","Control",0.0403168524192404
"F","Ore","Control",0.0505099538191545
"F","Ore","Control",0.0466269339902296
"F","Ore","Control",0.0470363872009162
"F","Ore","Control",0.0533980596614706
"F","Ore","Control",0.0623220428734286
"F","Ore","Control",0.0638531914358741
"F","Ore","Control",0.0486275100448393
"F","Ore","Control",0.06675558073067
"F","Ore","Control",0.0581054268065116
"F","Ore","Control",0.048268472848831
"F","Ore","Control",0.0375857991750398
"F","Ore","Control",0.0604430937400957
"F","Ore","Control",0.0582917407867313
"F","Ore","Control",0.0384778910176515
"F","Ore","Control",0.0659891860931896
"F","Ore","Control",0.0600053042450783
"F","Ore","Control",0.0595863337051775
"F","Ore","Control",0.0486875816336914
"F","Ore","Control",0.0594707161486949
"F","Ore","Control",0.0586090294745246
"F","Ore","Control",0.0512561760720278
"F","Ore","Control",0.0492459482570915
"F","Ore","Control",0.0616392743355926
"F","Ore","Control",0.0528286933771651
"F","Ore","Control",0.0636311498787729
"F","Ore","Control",0.0660393802847489
"F","Ore","Control",0.0549490568035165
"F","Ore","Control",0.0460985649147338
"F","Ore","Control",0.0637857834990355
"F","Ore","Control",0.0738403643579041
"F","Ore","Control",0.0674341514529265
"F","Ore","Control",0.0528035985089111
"F","Ore","Control",0.0428506790870213
"F","Ore","Control",0.0650880121040821
"F","Ore","Control",0.0620557998537073
"F","Ore","Control",0.0663118207605403
"F","Ore","Control",0.0579519018637545
"F","Ore","Control",0.0481298151471426
"F","Ore","Control",0.0425502569948961
"F","Ore","Control",0.0524808195630338
"F","Ore","Control",0.0559557439948816
"F","Ore","Control",0.052169838504941
"F","Ore","Control",0.0642901492230249
"F","Ore","Control",0.0390000254229053
"F","Ore","Control",0.0651264582994982
"F","Ore","Control",0.0505473595831455
"F","Ore","Control",0.0476136874823588
"F","Ore","Control",0.0559574099267112
"F","Ore","Control",0.0500070176433562
"F","Ore","Control",0.055994080114243
"F","Ore","Control",0.0480157326223474
"F","Ore","Control",0.0489967273261088
"F","Ore","Control",0.0542615301935614
"F","Ore","Control",0.0374633724954043
"F","Ore","Control",0.0450560137317401
"F","Ore","Control",0.0591732227450092
"F","Ore","Control",0.0591746868734366
"F","Ore","Control",0.0522949133849831
"F","Ore","Control",0.0659497597298112
"F","Ore","Control",0.0638230009005745
"F","Ore","Control",0.0746859347913914
"F","Ore","Control",0.0594833602832669
"F","Ore","Control",0.0526492145152838
"F","Ore","Control",0.0641299307405635
"F","Ore","Control",0.0467874101800446
"F","Ore","Control",0.0622068255707666
"F","Ore","Control",0.0515002164838033
"F","Ore","Control",0.0506725044734815
"F","Ore","Control",0.0466948045030348
"F","Ore","Control",0.0594787685985899
"F","Ore","Control",0.0431017076409545
"F","Ore","Control",0.0394724451290062
"F","Ore","Control",0.0537968119284946
"F","Ore","Control",0.0537940526854182
"F","Ore","Control",0.061379298080254
"F","Ore","Control",0.0656646211071827
"F","Ore","Control",0.0551557915462658
"F","Ore","Control",0.0487953739984949
"F","Ore","Control",0.0512355085778625
"F","Ore","Control",0.0506903525695156
"F","Ore","Control",0.0422098095384908
"F","Ore","Control",0.0681374610812102
"F","Ore","Control",0.06407207140293
"F","Ore","Control",0.0509920200605969
"F","Ore","Control",0.0603801370948827
"F","Ore","Control",0.0533434913473601
"F","Ore","Control",0.0464082909222214
"F","Ore","Control",0.0662050168142176
"F","Ore","Control",0.0655849454132956
"F","Ore","Control",0.054096402364235
"F","Ore","Control",0.066913976603483
"F","Ore","Control",0.0587117163716602
"F","Ore","Control",0.0650945908046585
"F","Ore","Control",0.0609606177839586
"F","Ore","Control",0.0450070247640651
"F","Ore","Control",0.055629168532746
"F","Ore","Control",0.068766440380237
"F","Ore","Control",0.0432198410718505
"F","Ore","Control",0.0470945639164633
"F","Ore","Control",0.0629414500590833
"F","Ore","Control",0.032994677254619
"F","Ore","Control",0.0529188372877066
"F","Ore","Control",0.0578304984584581
"F","Ore","Control",0.0355424892181623
"F","Ore","Control",0.0468099735158547
"F","Ore","Control",0.0593024922242266
"F","Ore","Control",0.0641019711707838
"F","Ore","Control",0.0566171490509431
"F","Ore","Control",0.0442013074712919
"F","Ore","Control",0.0390163373754341
"F","Ore","Control",0.0652649021197921
"F","Ore","Control",0.0550939047433685
"F","Ore","Control",0.0485956996994048
"F","Ore","Control",0.0490363934279998
"F","Ore","Control",0.0511409822580774
"F","Ore","Control",0.0545917764547
"F","Ore","Control",0.0596224942208988
"F","Ore","Control",0.0545774540442783
"F","Ore","Control",0.0633453941801988
"F","Ore","Control",0.0567857818207638
"F","Ore","Control",0.0570831142759778
"F","Ore","Control",0.0443621739367952
"F","Ore","Control",0.0442205643154109
"F","Ore","Control",0.0692580518474992
"F","Ore","Control",0.037524375326276
"F","Ore","Control",0.05380051597049
"F","Ore","Control",0.071044125834179
"F","Ore","Control",0.0485535267793
"F","Ore","Control",0.048532450894388
"F","Ore","Control",0.0608354403643527
"F","Ore","Control",0.067271570966906
"F","Ore","Control",0.0685473786877424
"F","Ore","Control",0.0329020953764626
"F","Ore","Control",0.0642749133331319
"F","Ore","Control",0.057619182530089
"F","Ore","Control",0.04392334036796
"F","Ore","Control",0.0443870608486238
"F","Ore","Control",0.0661017152359619
"F","Ore","Control",0.0563150684325891
"F","Ore","Control",0.0466701184823276
"F","Ore","Control",0.0440535673657365
"F","Ore","Control",0.0378521315081004
"F","Ore","Control",0.0569231214446026
"F","Ore","Control",0.0453450688737822
"F","Ore","Control",0.0588742644395392
"F","Ore","Control",0.0465756619857532
"F","Ore","Control",0.0748689207463989
"F","Ore","Control",0.0596439788977882
"F","Ore","Control",0.064450106868745
"F","Ore","Control",0.067419571734196
"F","Ore","Control",0.0569689020196417
"F","Ore","Control",0.0568789733944982
"F","Ore","Control",0.0702751325571349
"F","Ore","Control",0.0554604069408422
"F","Ore","Control",0.0580258641092328
"F","Ore","Control",0.0546527684452504
"F","Ore","Control",0.0527979414715339
"F","Ore","Control",0.0532496380410319
"F","Ore","Control",0.0505589056420575
"F","Ore","Control",0.0533816326678963
"F","Ore","Control",0.0386470704649469
"F","Ore","Control",0.0722745990413345
"F","Ore","Control",0.0560158057809275
"F","Ore","Control",0.0581268944245755
"F","Ore","Control",0.0597779965765038
"F","Ore","Control",0.0495600440670186
"F","Ore","Control",0.0473667810318291
"F","Ore","Control",0.0623228924332111
"F","Ore","Control",0.0435783477780294
"F","Ore","Control",0.0584593522663612
"F","Ore","Control",0.0583466916163645
"F","Ore","Control",0.0590914143271878
"F","Ore","Control",0.0581097715929883
"F","Ore","Control",0.0478866581510777
"F","Ore","Control",0.049775028187051
"F","Ore","Control",0.0395342235668432
"F","Ore","Control",0.0482534284545828
"F","Ore","Control",0.0590064871786315
"F","Ore","Control",0.0505763964371531
"F","Ore","Control",0.0753691738924699
"F","Ore","Control",0.0543292249115249
"F","Ore","Control",0.066355234309762
"F","Ore","Control",0.0574971554219116
"F","Ore","Control",0.0434838944613908
"F","Ore","Control",0.0560607135883406
"F","Ore","Control",0.0518578331114433
"F","Ore","Control",0.038731738293066
"F","Ore","Control",0.0604858215333576
"F","Ore","Control",0.0568407976192445
"F","Ore","Control",0.0661077699667625
"F","Ore","Control",0.0493800432947637
"F","Ore","Control",0.0444301668635818
"F","Ore","Control",0.0404537493577734
"F","Ore","Control",0.0468543478297986
"F","Ore","Control",0.0528922658469169
"F","Ore","Control",0.0581707502884278
"F","Ore","Control",0.053607513299696
"F","Ore","Control",0.0576392775192052
"F","Ore","Control",0.0448245658704904
"F","Ore","Control",0.0528188298864744
"F","Ore","Control",0.0564255068500295
"F","Ore","Control",0.0532935528876237
"F","Ore","Control",0.0576402172621365
"F","Ore","Control",0.0611981871235905
"F","Ore","Control",0.0758012239076062
"F","Ore","Control",0.0620023278263726
"F","Ore","Control",0.042135685798632
"F","Ore","Control",0.0499989078903284
"F","Ore","Control",0.0497385173432385
"F","Ore","Control",0.063953167570411
"F","Ore","Control",0.0546556392772169
"F","Ore","Control",0.0572278334181155
"F","Ore","Control",0.0442576793231335
"F","Ore","Control",0.044747419762044
"F","Ore","Control",0.039452180774997
"F","Ore","Control",0.0650319161314016
"F","Ore","Control",0.0506115225138607
"F","Ore","Control",0.0624360866593101
"F","Ore","Control",0.05282680875741
"F","Ore","Control",0.0836898354620865
"F","Ore","Control",0.0441837829517458
"F","Ore","Control",0.0529201169746606
"F","Ore","Control",0.0496321200576942
"F","Ore","Control",0.0448041081955633
"F","Ore","Control",0.0407231527074685
"F","Ore","Control",0.0549000938426996
"F","Ore","Control",0.0783342235554079
"F","Ore","Control",0.047885187467037
"F","Ore","Control",0.064421791298401
"F","Ore","Control",0.0582035510455866
"F","Ore","Control",0.0453406648501551
"F","Ore","Control",0.060518556824176
"F","Ore","Control",0.055263841882698
"F","Ore","Control",0.0538811040967497
"F","Ore","Control",0.0519218364031768
"F","Ore","Control",0.0605617294283013
"F","Ore","Control",0.0533567350465984
"F","Ore","Control",0.0594623259343743
"F","Ore","Control",0.0710826565824317
"F","Ore","Control",0.0675464125919033
"F","Ore","Control",0.05664073910883
"F","Ore","Control",0.0546249276792345
"F","Ore","Control",0.0465132983626683
"F","Ore","Control",0.0620741450754416
"F","Ore","Control",0.0602382183799966
"F","Ore","Control",0.0514720040694031
"F","Ore","Control",0.0574809557034874
"F","Ore","Control",0.0563892747283919
"F","Ore","Control",0.0581575415388768
"F","Ore","Control",0.0420690128781748
"F","Ore","Control",0.0658125691001009
"F","Ore","Control",0.0568177022149413
"F","Ore","Control",0.0487386004580423
"F","Ore","Control",0.0642196657311198
"F","Ore","Control",0.0656325639544873
"F","Ore","Control",0.062994780766074
"F","Ore","Control",0.0756346623284308
"F","Ore","Control",0.0491080089791512
"F","Ore","Control",0.0496109192233999
"F","Ore","Control",0.0829017592639707
"F","Ore","Control",0.0576758781591811
"F","Ore","Control",0.0549249697775419
"F","Ore","Control",0.0573102115488464
"F","Ore","Control",0.0365710805565313
"F","Ore","Control",0.0397925140667879
"F","Ore","Control",0.049618536467736
"F","Ore","Control",0.067640982015705
"F","Ore","Control",0.0633073048590724
"F","Ore","Control",0.0611978215072995
"F","Ore","Control",0.0545691470543562
"F","Ore","Control",0.0589379034832853
"F","Ore","Control",0.0544265374256758
"F","Ore","Control",0.0587466529696725
"F","Ore","Control",0.0663383619550595
"F","Ore","Control",0.0555795194517673
"F","Ore","Control",0.0471820550822055
"F","Ore","Control",0.0469940728854403
"F","Ore","Control",0.0589793455174496
"F","Ore","Control",0.0635821018417455
"F","Ore","Control",0.050217875810926
"F","Ore","Control",0.0471944466931567
"F","Ore","Control",0.0512536093389866
"F","Ore","Control",0.0614560226428457
"F","Ore","Control",0.0598383997754372
"F","Ore","Control",0.0634202935211444
"F","Ore","Control",0.0542160042435944
"F","Ore","Control",0.0546457629287564
"F","Ore","Control",0.0734204969828339
"F","Ore","Control",0.0506015204592166
"F","Ore","Control",0.0509764934236096
"F","Ore","Control",0.063532754650813
"F","Ore","Control",0.0487084895559973
"F","Ore","Control",0.0552665457267184
"F","Ore","Control",0.0448199680631015
"F","Ore","Control",0.0730558590496502
"F","Ore","Control",0.0525809521368534
"F","Ore","Control",0.0585840709268327
"F","Ore","Control",0.0670184168552946
"F","Ore","Control",0.0506751984709343
"F","Ore","Control",0.0579660964544783
"F","Ore","Control",0.0603412263348781
"F","Ore","Control",0.046364613556425
"F","Ore","Control",0.0428699227387697
"F","Ore","Control",0.0544001667676612
"F","Ore","Control",0.0596793102784707
"F","Ore","Control",0.0650617396055261
"F","Ore","Control",0.0644836440130386
"F","Ore","Control",0.0470819608677521
"F","Ore","Control",0.0586141345951419
"F","Ore","Control",0.039270825516678
"F","Ore","Control",0.0658021052685796
"F","Ore","Control",0.046934721422128
"F","Ore","Control",0.0587683769453909
"F","Ore","Control",0.0503192860091441
"F","Ore","Control",0.0421522656317957
"F","Ore","Control",0.0502852788950917
"F","Ore","Control",0.0452849686279258
"F","Ore","Control",0.0531083085385516
"F","Ore","Control",0.0599174450605659
"F","Ore","Control",0.062176449524484
"F","Ore","Control",0.0427351815393714
"F","Ore","Control",0.0627933633395281
"F","Ore","Control",0.0620135718645162
"F","Ore","Control",0.0655966166031057
"F","Ore","Control",0.0561039702695014
"F","Ore","Control",0.0563035170222768
"F","Ore","Control",0.0405021684357463
"F","Ore","Control",0.0509297934045095
"F","Ore","Control",0.034823657855852
"F","Ore","Control",0.0679811674693624
"F","Ore","Control",0.0597937096906295
"F","Ore","Control",0.0652996435218807
"F","Ore","Control",0.0618698404398939
"F","Ore","Control",0.0576114691315771
"F","Ore","Control",0.0427402619086049
"F","Ore","Control",0.0629716494639056
"F","Ore","Control",0.0728693687442297
"F","Ore","Control",0.0657179574140748
"F","Ore","Control",0.0559470134556194
"F","Ore","Control",0.0580403123213645
"F","Ore","Control",0.058993884647739
"F","Ore","Control",0.046357480815745
"F","Ore","Control",0.0555872583372694
"F","Ore","Control",0.0575692435366747
"F","Ore","Control",0.0533589781315652
"F","Ore","Control",0.0448957009998518
"F","Ore","Control",0.045537825015687
"F","Ore","Control",0.0563317543453051
"F","Ore","Control",0.0469360519130765
"F","Ore","Control",0.0658167138267476
"F","Ore","Control",0.0532056570197085
"F","Ore","Control",0.0569009275341088
"F","Ore","Control",0.0418872474911368
"F","Ore","Control",0.0641091525272859
"F","Ore","Control",0.0483163026554333
"F","Ore","Control",0.0701091112066078
"F","Ore","Control",0.0484351645044696
"F","Ore","Control",0.0537795291654089
"F","Ore","Control",0.0650926274948072
"F","Ore","Control",0.0714708290329525
"F","Ore","Control",0.046151890559084
"F","Ore","Control",0.0752694947000582
"F","Ore","Control",0.0697219635946537
"F","Ore","Control",0.0500722458772374
"F","Ore","Control",0.0527680595201187
"F","Ore","Control",0.0598960955738587
"F","Ore","Control",0.0400962100920438
"F","Ore","Control",0.0581830599201324
"F","Ore","Control",0.0650982783373666
"F","Ore","Control",0.0456276334232757
"F","Ore","Control",0.0518472019094572
"F","Ore","Control",0.0499698620123971
"F","Ore","Control",0.0460718703454681
"F","Ore","Control",0.0477157929516274
"F","Ore","Control",0.0631761452111001
"F","Ore","Control",0.0743966414682318
"F","Ore","Control",0.0536526400578865
"F","Ore","Control",0.0393953331776414
"F","Ore","Control",0.0511854071655719
"F","Ore","Control",0.0584684809589734
"F","Ore","Control",0.0448998713497261
"F","Ore","Control",0.06618194270603
"F","Ore","Control",0.0422252353353324
"F","Ore","Control",0.0622819243890836
"F","Ore","Control",0.0580070584433043
"F","Ore","Control",0.052413853246225
"F","Ore","Control",0.0580784696118345
"F","Ore","Control",0.0653521060033306
"F","Ore","Control",0.0574646604050067
"F","Ore","Control",0.0458493886258126
"F","Ore","Control",0.0489527725485559
"F","Ore","Control",0.0470823752117131
"F","Ore","Control",0.051203908980131
"F","Ore","Control",0.0555285352278197
"F","Ore","Control",0.0598941630287677
"F","Ore","Control",0.0515999268791378
"F","Ore","Control",0.0466534532695773
"F","Ore","Control",0.0655756547509283
"F","Ore","Control",0.0687359037519796
"F","Ore","Control",0.0478103594922379
"F","Ore","Control",0.050041961567578
"F","Ore","Control",0.0581947555714199
"F","Ore","Control",0.0480914074846112
"F","Ore","Control",0.0556579922828733
"F","Ore","Control",0.0492828777738876
"F","Ore","Control",0.045015148295033
"F","Ore","Control",0.0433153453663787
"F","Ore","Control",0.0609580624310486
"F","Ore","Control",0.0674647356784746
"F","Ore","Control",0.0535981802537428
"F","Ore","Control",0.076768049190205
"F","Ore","Control",0.0530696865109225
"F","Ore","Control",0.0617398469416483
"F","Ore","Control",0.053019348752123
"F","Ore","Control",0.0678897106742988
"F","Ore","Control",0.0518954060138751
"F","Ore","Control",0.0496516715322109
"F","Ore","Control",0.0585565295396096
"F","Ore","Control",0.0428372301317649
"F","Ore","Control",0.0577683285332269
"F","Ore","Control",0.0592312712466634
"F","Ore","Control",0.0557663257216794
"F","Ore","Control",0.0552712668635929
"F","Ore","Control",0.0675179780316912
"F","Ore","Control",0.0694373174045903
"F","Ore","Control",0.0497975504526065
"F","Ore","Control",0.0552441252589514
"F","Ore","Control",0.0431473724959972
"F","Ore","Control",0.0607041597065735
"F","Ore","Control",0.0602806633841362
"F","Ore","Control",0.0460366986251271
"F","Ore","Control",0.0505281273469583
"F","Ore","Control",0.0430597134958956
"F","Ore","Control",0.0662181002043907
"F","Ore","Control",0.051883872208537
"F","Ore","Control",0.0645654123607683
"F","Ore","Control",0.0648617814989454
"F","Ore","Control",0.0718902853298245
"F","Ore","Control",0.0473005273044016
"F","Ore","Control",0.0852557170652678
"F","Ore","Control",0.0456734538494161
"F","Ore","Control",0.034438373174695
"F","Ore","Control",0.0491507179676533
"F","Ore","Control",0.047235379320078
"F","Ore","Control",0.048250358480148
"F","Ore","Control",0.0496605526110652
"F","Ore","Control",0.0337112033155317
"F","Ore","Control",0.0512037436035769
"F","Ore","Control",0.0634870386876589
"F","Ore","Control",0.0503517852139239
"F","Ore","Control",0.061929289233908
"F","Ore","Control",0.0560541081795333
"F","Ore","Control",0.0519360194214158
"F","Ore","Control",0.0693863185901338
"F","Ore","Control",0.0425175735339093
"F","Ore","Control",0.0568831474925759
"F","Ore","Control",0.041038118654693
"F","Ore","Control",0.046610125750862
"F","Ore","Control",0.0736127549865271
"F","Ore","Control",0.0462112247379372
"F","Ore","Control",0.0691851240680079
"F","Ore","Control",0.0532987046016074
"F","Ore","Control",0.0470743880765329
"F","Ore","Control",0.0538100403240099
"F","Ore","Control",0.051389737334988
"F","Ore","Control",0.0480794458001311
"F","Ore","Control",0.0425718977783773
"F","Ore","Control",0.060877371630928
"F","Ore","Control",0.0757577947541638
"F","Ore","Control",0.0832194322919968
"F","Ore","Control",0.0533544906160602
"F","Ore","Control",0.0628387957736835
"F","Ore","Control",0.0553863181054569
"F","Ore","Control",0.0515755969637924
"F","Ore","Control",0.0585277625745185
"F","Ore","Control",0.0515802162291003
"F","Ore","Control",0.0578484474371423
"F","Ore","Control",0.0556548768835508
"F","Ore","Control",0.0511596799632879
"F","Ore","Control",0.0624753162474022
"F","Ore","Control",0.0378039260053872
"F","Ore","Control",0.0685086453461387
"F","Ore","Control",0.0693363854753274
"F","Ore","Control",0.0628817115034648
"F","Ore","Control",0.0458507116105078
"F","Ore","Control",0.0586708831664196
"F","Ore","Control",0.0510262319976378
"F","Ore","Control",0.0623902798848782
"F","Ore","Control",0.0442329366783364
"F","Ore","Control",0.0456168193197662
"F","Ore","Control",0.0475637315772043
"F","Ore","Control",0.0491117059523674
"F","Ore","Control",0.0357252898900542
"F","Ore","Control",0.0381408612646061
"F","Ore","Control",0.0573032310677255
"F","Ore","Control",0.0503147742747118
"F","Ore","Control",0.0455544078676314
"F","Ore","Control",0.066400497887382
"F","Ore","Control",0.0470254345724377
"F","Ore","Control",0.0562827145121864
"F","Ore","Control",0.0559045268864853
"F","Ore","Control",0.0375718742741522
"F","Ore","Control",0.0430645559744455
"F","Ore","Control",0.0327918100554829
"F","Ore","Control",0.0370144905199572
"F","Ore","Control",0.055112888323535
"F","Ore","Control",0.0425309157384877
"F","Ore","Control",0.0681059338978847
"F","Ore","Control",0.0436197911316239
"F","Ore","Control",0.065637999680392
"F","Ore","Control",0.0492909435709477
"F","Ore","Control",0.0671760306491938
"F","Ore","Control",0.0439521596337325
"F","Ore","Control",0.0317010671287828
"F","Ore","Control",0.055342305437408
"F","Ore","Control",0.0530391232153724
"F","Ore","Control",0.0680531782011616
"F","Ore","Control",0.0567533775176102
"F","Ore","Control",0.0669233986789673
"F","Ore","Control",0.0634661921748355
"F","Ore","Control",0.0383807130570729
"F","Ore","Control",0.0582686408352988
"F","Ore","Control",0.0650034813101017
"F","Ore","Control",0.0639092244647216
"F","Ore","Control",0.0521060835044302
"F","Ore","Control",0.0669650083007732
"F","Ore","Control",0.0420761165056976
"F","Ore","Control",0.0575386476350601
"F","Ore","Control",0.0668547364036701
"F","Ore","Control",0.0631807751805216
"F","Ore","Control",0.0644665765932525
"F","Ore","Control",0.0596174671464063
"F","Ore","Control",0.0671975148059842
"F","Ore","Control",0.0457589408089045
"F","Ore","Control",0.0457812618103569
"F","Ore","Control",0.0404150603083077
"F","Ore","Control",0.0718513034908848
"F","Ore","Control",0.052821214534628
"F","Ore","Control",0.0420035641007534
"F","Ore","Control",0.05445833982887
"F","Ore","Control",0.0467026422586372
"F","Ore","Control",0.0619451916125034
"F","Ore","Control",0.0573050280782827
"F","Ore","Control",0.0575737964809694
"F","Ore","Control",0.0531518587466833
"F","Ore","Control",0.0621194346829273
"F","Ore","Control",0.0527684528219894
"F","Ore","Control",0.053616929575582
"F","Ore","Control",0.045698911437623
"F","Ore","Control",0.0775577546458362
"F","Ore","Control",0.0522912867609229
"F","Ore","Control",0.0630619404071118
"F","Ore","Control",0.0541604868275421
"F","Ore","Control",0.0351561525891504
"F","Ore","Control",0.0557167558086451
"F","Ore","Control",0.0558961488705404
"F","Ore","Control",0.0610165182394511
"F","Ore","Control",0.0599220165547236
"F","Ore","Control",0.0552273823342908
"F","Ore","Control",0.0401152870527679
"F","Ore","Control",0.0428535705402654
"F","Ore","Control",0.0647018894569071
"F","Ore","Control",0.0586039126277521
"F","Ore","Control",0.0570492460622103
"F","Ore","Control",0.0403771985347687
"F","Ore","Control",0.0663997126194384
"F","Ore","Control",0.062165187682469
"F","Ore","Control",0.0483106010350904
"F","Ore","Control",0.0636339209814022
"F","Ore","Control",0.0667436067054735
"F","Ore","Control",0.057635553731165
"F","Ore","Control",0.0700491091103404
"F","Ore","Control",0.0608502643304334
"F","Ore","Control",0.0371494982006362
"F","Ore","Control",0.0479396873725221
"F","Ore","Control",0.0447506128528625
"F","Ore","Control",0.0537211459612772
"F","Ore","Control",0.0556362185710069
"F","Ore","Control",0.063387302258105
"F","Ore","Control",0.0657149670036006
"F","Ore","Control",0.0563467854726033
"F","Ore","Control",0.053221415839393
"F","Ore","Control",0.0441827727469764
"F","Ore","Control",0.0434993780072552
"F","Ore","Control",0.048509575853062
"F","Ore","Control",0.0485419112518954
"F","Ore","Control",0.0661088744053769
"F","Ore","Control",0.0715946902780513
"F","Ore","Control",0.0488013239565885
"F","Ore","Control",0.0754532497268494
"F","Ore","Control",0.0708299189871345
"F","Ore","Control",0.0445892950170496
"F","Ore","Control",0.0586026988421628
"F","Ore","Control",0.0573097551233843
"F","Ore","Control",0.0556752525856436
"F","Ore","Control",0.0534149628900001
"F","Ore","Control",0.0515050942487971
"F","Ore","Control",0.0589785453566663
"F","Ore","Control",0.0360043323358845
"F","Ore","Control",0.0545588966111459
"F","Ore","Control",0.0469740736393128
"F","Ore","Control",0.053914541961154
"F","Ore","Control",0.0622957666053998
"F","Ore","Control",0.0545615230379018
"F","Ore","Control",0.0550627209258332
"F","Ore","Control",0.0704094889053306
"F","Ore","Control",0.0690312388668857
"F","Ore","Control",0.0574476432283477
"F","Ore","Control",0.0386482986858037
"F","Ore","Control",0.0526209024323797
"F","Ore","Control",0.0446611192632373
"F","Ore","Control",0.0603106017205422
"F","Ore","Control",0.0436771582203804
"F","Ore","Control",0.0672952668136843
"F","Ore","Control",0.0460683659550612
"F","Ore","Control",0.0580403215072644
"F","Ore","Control",0.0496562241365925
"F","Ore","Control",0.0533259263632893
"F","Ore","Control",0.0637853244384623
"F","Ore","Control",0.0378380745837035
"F","Ore","Control",0.0427234553148774
"F","Ore","Control",0.0578216280977019
"F","Ore","Control",0.036594395445644
"F","Ore","Control",0.0664262232961928
"F","Ore","Control",0.0574045282243082
"F","Ore","Control",0.0478948105351395
"F","Ore","Control",0.0448569827125424
"F","Ore","Control",0.0518913208775561
"F","Ore","Control",0.0486226801161763
"F","Ore","Control",0.043042601643633
"F","Ore","Control",0.0605167710606711
"F","Ore","Control",0.0552510506240949
"F","Ore","Control",0.0578209391409518
"F","Ore","Control",0.0722048842091443
"F","Ore","Control",0.0738097198657958
"F","Ore","Control",0.0448437957367486
"F","Ore","Control",0.0579368522016471
"F","Ore","Control",0.0436999186151161
"F","Ore","Control",0.0562890275457242
"F","Ore","Control",0.070415938112684
"F","Ore","Control",0.0725917047091915
"F","Ore","Control",0.0595281183775465
"F","Ore","Control",0.0468190631182596
"F","Ore","Control",0.0463714345986581
"F","Ore","Control",0.0432223195269188
"F","Ore","Control",0.0581075584920451
"F","Ore","Control",0.0484016978072778
"F","Ore","Control",0.0449642494682105
"F","Ore","Control",0.0478667677651732
"F","Ore","Control",0.0573880670856175
"F","Ore","Control",0.0306518421988672
"F","Ore","Control",0.064889429965138
"F","Ore","Control",0.0531143959436486
"F","Ore","Control",0.0558506935054088
"F","Ore","Control",0.0628527669482274
"F","Ore","Control",0.0539264115476996
"F","Ore","Control",0.0496998836032957
"F","Ore","Control",0.0424387473126937
"F","Ore","Control",0.0508626223892926
"F","Ore","Control",0.0567200038824825
"F","Ore","Control",0.0505880646160624
"F","Ore","Control",0.0612373376528881
"F","Ore","Control",0.0478702140413498
"F","Ore","Control",0.0480097238155266
"F","Ore","Control",0.0509487680030175
"F","Ore","Control",0.0431054115384594
"F","Ore","Control",0.0463143521365942
"F","Ore","Control",0.061334672955878
"F","Ore","Control",0.0425448285363895
"F","Ore","Control",0.0526076891894468
"F","Ore","Control",0.0594107807812412
"F","Ore","Control",0.0703860877412237
"F","Ore","Control",0.0593663402320485
"F","Ore","Control",0.0460818018463483
"F","Ore","Control",0.0656838870046983
"F","Ore","Control",0.0372448431618939
"F","Ore","Control",0.0621949207455323
"F","Ore","Control",0.0550539599528117
"F","Ore","Control",0.0580720444164931
"F","Ore","Control",0.038331211133963
"F","Ore","Control",0.0591844003687845
"F","Ore","Control",0.0550210003118063
"F","Ore","Control",0.0575610304065634
"F","Ore","Control",0.0448181280015788
"F","Ore","Control",0.0527005324143134
"F","Ore","Control",0.0503587296806287
"F","Ore","Control",0.0479898299649677
"F","Ore","Control",0.0552158013016182
"F","Ore","Control",0.0563385966926806
"F","Ore","Control",0.0772562574084906
"F","Ore","Control",0.048179672574475
"F","Ore","Control",0.068678571206733
"F","Ore","Control",0.0479568007680553
"F","Ore","Control",0.0544019644848889
"F","Ore","Control",0.0556497211681302
"F","Ore","Control",0.0660864662485425
"F","Ore","Control",0.0337617891363111
"F","Ore","Control",0.0484823716512894
"F","Ore","Control",0.0539466967726619
"F","Ore","Control",0.037828400892901
"F","Ore","Control",0.0514980915378356
"F","Ore","Control",0.0468729173890622
"F","Ore","Control",0.0619696083314889
"F","Ore","Control",0.0495425051578224
"F","Ore","Control",0.0503491583540827
"F","Ore","Control",0.0540468670071027
"F","Ore","Control",0.0689465163835238
"F","Ore","Control",0.0423693747789774
"F","Ore","Control",0.0578562877963986
"F","Ore","Control",0.0561572278052608
"F","Ore","Control",0.046904431263351
"F","Ore","Control",0.0647288643391423
"F","Ore","Control",0.0646132035931371
"F","Ore","Control",0.0709302165776195
"F","Ore","Control",0.0495993668919764
"F","Ore","Control",0.074210004398144
"F","Ore","Control",0.0409613873917351
"F","Ore","Control",0.047686180537544
"F","Ore","Control",0.0661146479257095
"F","Ore","Control",0.0426894915039772
"F","Ore","Control",0.0537881953985545
"F","Ore","Control",0.0669875090835907
"F","Ore","Control",0.0646611544423178
"F","Ore","Control",0.0618310114289765
"F","Ore","Control",0.0682283851999083
"F","Ore","Control",0.0573147013390906
"F","Ore","Control",0.0483853831371255
"F","Ore","Rotenone",0.0574056579783751
"F","Ore","Rotenone",0.0495463630816099
"F","Ore","Rotenone",0.056941564949126
"F","Ore","Rotenone",0.0678528061701299
"F","Ore","Rotenone",0.0461032315912718
"F","Ore","Rotenone",0.0587503146201232
"F","Ore","Rotenone",0.0540599484251661
"F","Ore","Rotenone",0.0592935396130774
"F","Ore","Rotenone",0.0587574715118689
"F","Ore","Rotenone",0.0391910428769714
"F","Ore","Rotenone",0.0425243549405272
"F","Ore","Rotenone",0.0493579988174972
"F","Ore","Rotenone",0.0487035900264469
"F","Ore","Rotenone",0.0530074588187177
"F","Ore","Rotenone",0.0381649834508606
"F","Ore","Rotenone",0.0503080308076374
"F","Ore","Rotenone",0.0413740542059909
"F","Ore","Rotenone",0.0615293219074798
"F","Ore","Rotenone",0.0659766712478503
"F","Ore","Rotenone",0.0590270328901454
"F","Ore","Rotenone",0.0462159568092066
"F","Ore","Rotenone",0.0476834572210531
"F","Ore","Rotenone",0.0558132066848276
"F","Ore","Rotenone",0.0517506699248346
"F","Ore","Rotenone",0.0502355070391759
"F","Ore","Rotenone",0.0512634725544482
"F","Ore","Rotenone",0.056181695711948
"F","Ore","Rotenone",0.06557599105853
"F","Ore","Rotenone",0.0432161705982368
"F","Ore","Rotenone",0.0435013939199511
"F","Ore","Rotenone",0.0458780183183963
"F","Ore","Rotenone",0.0692781787477983
"F","Ore","Rotenone",0.0547435509744019
"F","Ore","Rotenone",0.03804460957087
"F","Ore","Rotenone",0.0686937465940056
"F","Ore","Rotenone",0.0464918413375243
"F","Ore","Rotenone",0.0535018759435174
"F","Ore","Rotenone",0.0532749246681143
"F","Ore","Rotenone",0.0485948944206811
"F","Ore","Rotenone",0.051454170691394
"F","Ore","Rotenone",0.0435955735992056
"F","Ore","Rotenone",0.0651867019241289
"F","Ore","Rotenone",0.0642157413444137
"F","Ore","Rotenone",0.0557580178382812
"F","Ore","Rotenone",0.0519167851981432
"F","Ore","Rotenone",0.0499318392607284
"F","Ore","Rotenone",0.0600271991970136
"F","Ore","Rotenone",0.0527786807176901
"F","Ore","Rotenone",0.0558819462501206
"F","Ore","Rotenone",0.0450610016781549
"F","Ore","Rotenone",0.0462306330173362
"F","Ore","Rotenone",0.0402708784114591
"F","Ore","Rotenone",0.0560879340120395
"F","Ore","Rotenone",0.0596768426797831
"F","Ore","Rotenone",0.0524890769968437
"F","Ore","Rotenone",0.0471983229480409
"F","Ore","Rotenone",0.0535230928756763
"F","Ore","Rotenone",0.0627275648288935
"F","Ore","Rotenone",0.0541037750778424
"F","Ore","Rotenone",0.0551565993918497
"F","Ore","Rotenone",0.0459355053516946
"F","Ore","Rotenone",0.0451943379306052
"F","Ore","Rotenone",0.055120172673398
"F","Ore","Rotenone",0.0654696856534779
"F","Ore","Rotenone",0.0638075844359361
"F","Ore","Rotenone",0.0542907704726178
"F","Ore","Rotenone",0.0459105887195526
"F","Ore","Rotenone",0.0550340692999689
"F","Ore","Rotenone",0.0658769949675095
"F","Ore","Rotenone",0.058149939474983
"F","Ore","Rotenone",0.054104813767568
"F","Ore","Rotenone",0.0350259412298378
"F","Ore","Rotenone",0.0591489175776832
"F","Ore","Rotenone",0.0504997894521358
"F","Ore","Rotenone",0.050277083056947
"F","Ore","Rotenone",0.0562730095804563
"F","Ore","Rotenone",0.0457142154162882
"F","Ore","Rotenone",0.0542995531894544
"F","Ore","Rotenone",0.0684444667523073
"F","Ore","Rotenone",0.0471713541634629
"F","Ore","Rotenone",0.0466884180792317
"F","Ore","Rotenone",0.0521539481283108
"F","Ore","Rotenone",0.0478159987790001
"F","Ore","Rotenone",0.0488618328510087
"F","Ore","Rotenone",0.0612238900468256
"F","Ore","Rotenone",0.0503551074474558
"F","Ore","Rotenone",0.054876609021026
"F","Ore","Rotenone",0.0445820999797301
"F","Ore","Rotenone",0.047195194747712
"F","Ore","Rotenone",0.0669853064121385
"F","Ore","Rotenone",0.0429681533279652
"F","Ore","Rotenone",0.0593165078559822
"F","Ore","Rotenone",0.0326454348600466
"F","Ore","Rotenone",0.0403189618593016
"F","Ore","Rotenone",0.041519564440289
"F","Ore","Rotenone",0.0464437354903038
"F","Ore","Rotenone",0.0545328829706567
"F","Ore","Rotenone",0.0585581720239484
"F","Ore","Rotenone",0.0519725976161668
"F","Ore","Rotenone",0.0481302414651769
"F","Ore","Rotenone",0.0468844296579368
"F","Ore","Rotenone",0.0549004803605629
"F","Ore","Rotenone",0.0477066267736666
"F","Ore","Rotenone",0.0433982467710551
"F","Ore","Rotenone",0.0445804654033509
"F","Ore","Rotenone",0.0623821323990738
"F","Ore","Rotenone",0.0403517554146105
"F","Ore","Rotenone",0.054404278139276
"F","Ore","Rotenone",0.0444173405008831
"F","Ore","Rotenone",0.0529070065759252
"F","Ore","Rotenone",0.0462845862834162
"F","Ore","Rotenone",0.0353828437953312
"F","Ore","Rotenone",0.0669792654850548
"F","Ore","Rotenone",0.0604937744366842
"F","Ore","Rotenone",0.0529835993982383
"F","Ore","Rotenone",0.053679951025629
"F","Ore","Rotenone",0.060309113338552
"F","Ore","Rotenone",0.0566876894494134
"F","Ore","Rotenone",0.075160689397632
"F","Ore","Rotenone",0.0528211163734325
"F","Ore","Rotenone",0.0438893320012657
"F","Ore","Rotenone",0.0652957061457622
"F","Ore","Rotenone",0.0524812447508512
"F","Ore","Rotenone",0.0374063474098853
"F","Ore","Rotenone",0.0687347816986871
"F","Ore","Rotenone",0.0680480466117097
"F","Ore","Rotenone",0.0480120858317972
"F","Ore","Rotenone",0.0649217243869763
"F","Ore","Rotenone",0.0412413302762215
"F","Ore","Rotenone",0.0451156373279965
"F","Ore","Rotenone",0.0363683681118192
"F","Ore","Rotenone",0.0592050263470124
"F","Ore","Rotenone",0.0493437802828784
"F","Ore","Rotenone",0.0634289761250335
"F","Ore","Rotenone",0.0484116925255393
"F","Ore","Rotenone",0.0649067728311164
"F","Ore","Rotenone",0.0589499462008866
"F","Ore","Rotenone",0.0462422288171204
"F","Ore","Rotenone",0.0532569019272879
"F","Ore","Rotenone",0.0554501685046641
"F","Ore","Rotenone",0.0661043593550114
"F","Ore","Rotenone",0.0466015708083659
"F","Ore","Rotenone",0.0488884158237836
"F","Ore","Rotenone",0.0540603605668875
"F","Ore","Rotenone",0.0499876108480147
"F","Ore","Rotenone",0.0503946079088883
"F","Ore","Rotenone",0.060818863321068
"F","Ore","Rotenone",0.0657946084144792
"F","Ore","Rotenone",0.0471770059651904
"F","Ore","Rotenone",0.0545420574492057
"F","Ore","Rotenone",0.0582365681616718
"F","Ore","Rotenone",0.0499775368049298
"F","Ore","Rotenone",0.048254474403547
"F","Ore","Rotenone",0.0684161406578241
"F","Ore","Rotenone",0.0563305105522373
"F","Ore","Rotenone",0.0578248601904421
"F","Ore","Rotenone",0.0622508196843571
"F","Ore","Rotenone",0.0731161629001384
"F","Ore","Rotenone",0.0518297605851062
"F","Ore","Rotenone",0.0458116617114687
"F","Ore","Rotenone",0.0350295022190745
"F","Ore","Rotenone",0.0551638349762733
"F","Ore","Rotenone",0.056464561328622
"F","Ore","Rotenone",0.0461498414032357
"F","Ore","Rotenone",0.0499931429348083
"F","Ore","Rotenone",0.0359560587355741
"F","Ore","Rotenone",0.0526539151007995
"F","Ore","Rotenone",0.0425263270114434
"F","Ore","Rotenone",0.0436825750485161
"F","Ore","Rotenone",0.0528792528821166
"F","Ore","Rotenone",0.0570287392719077
"F","Ore","Rotenone",0.053125425844104
"F","Ore","Rotenone",0.0594813023431553
"F","Ore","Rotenone",0.0628940475506227
"F","Ore","Rotenone",0.0502024890850578
"F","Ore","Rotenone",0.0538893725559758
"F","Ore","Rotenone",0.0562303503086106
"F","Ore","Rotenone",0.0514261711212047
"F","Ore","Rotenone",0.0632160590186435
"F","Ore","Rotenone",0.052964358475457
"F","Ore","Rotenone",0.048226835320159
"F","Ore","Rotenone",0.0479485155473193
"F","Ore","Rotenone",0.0637503491002837
"F","Ore","Rotenone",0.0572229995201226
"F","Ore","Rotenone",0.0442081891045486
"F","Ore","Rotenone",0.0635226545658054
"F","Ore","Rotenone",0.05968973612699
"F","Ore","Rotenone",0.0519955912643905
"F","Ore","Rotenone",0.0503223131738254
"F","Ore","Rotenone",0.058832655504528
"F","Ore","Rotenone",0.0610696073819818
"F","Ore","Rotenone",0.0452211479499848
"F","Ore","Rotenone",0.0547395606095917
"F","Ore","Rotenone",0.0550626528579151
"F","Ore","Rotenone",0.0471620418075586
"F","Ore","Rotenone",0.0479959180364314
"F","Ore","Rotenone",0.0644767659464386
"F","Ore","Rotenone",0.0469942737772193
"F","Ore","Rotenone",0.0506605185629751
"F","Ore","Rotenone",0.0499006013241957
"F","Ore","Rotenone",0.0469820727326487
"F","Ore","Rotenone",0.0544191090733824
"F","Ore","Rotenone",0.0560353548573237
"F","Ore","Rotenone",0.060731522736627
"F","Ore","Rotenone",0.0504828003620042
"F","Ore","Rotenone",0.0656321311305774
"F","Ore","Rotenone",0.0542702437315391
"F","Ore","Rotenone",0.0492891772513541
"F","Ore","Rotenone",0.058439576949435
"F","Ore","Rotenone",0.0520265271528159
"F","Ore","Rotenone",0.0571472549672422
"F","Ore","Rotenone",0.0542053795275555
"F","Ore","Rotenone",0.0692008764480543
"F","Ore","Rotenone",0.0488565285146041
"F","Ore","Rotenone",0.0467663762313789
"F","Ore","Rotenone",0.0513742893701215
"F","Ore","Rotenone",0.0598439170271355
"F","Ore","Rotenone",0.0443163382086418
"F","Ore","Rotenone",0.0501698424257923
"F","Ore","Rotenone",0.0512404422798144
"F","Ore","Rotenone",0.0383761645329636
"F","Ore","Rotenone",0.0469974661677764
"F","Ore","Rotenone",0.0515776506829831
"F","Ore","Rotenone",0.0549318620780905
"F","Ore","Rotenone",0.0540921761458118
"F","Ore","Rotenone",0.0605966169936423
"F","Ore","Rotenone",0.048681333535454
"F","Ore","Rotenone",0.0528898369565088
"F","Ore","Rotenone",0.0559594470762102
"F","Ore","Rotenone",0.0453501580461007
"F","Ore","Rotenone",0.0607573535004196
"F","Ore","Rotenone",0.0498447321904242
"F","Ore","Rotenone",0.0593210139560556
"F","Ore","Rotenone",0.0427089692257377
"F","Ore","Rotenone",0.0621050321661515
"F","Ore","Rotenone",0.0431320194018615
"F","Ore","Rotenone",0.0524499782658727
"F","Ore","Rotenone",0.0602496721879082
"F","Ore","Rotenone",0.0442375778996279
"F","Ore","Rotenone",0.0429283968127261
"F","Ore","Rotenone",0.0516175699498309
"F","Ore","Rotenone",0.0568853538501377
"F","Ore","Rotenone",0.0460411170419778
"F","Ore","Rotenone",0.0613684245517001
"F","Ore","Rotenone",0.049217051326356
"F","Ore","Rotenone",0.0565749179991303
"F","Ore","Rotenone",0.0462566233100053
"F","Ore","Rotenone",0.0393705616324799
"F","Ore","Rotenone",0.0479653538387435
"F","Ore","Rotenone",0.0656951662498955
"F","Ore","Rotenone",0.0455527432499964
"F","Ore","Rotenone",0.0586794528568253
"F","Ore","Rotenone",0.0417869065075115
"F","Ore","Rotenone",0.0560269784553735
"F","Ore","Rotenone",0.0401690215622818
"F","Ore","Rotenone",0.0510867124631905
"F","Ore","Rotenone",0.0404474358770303
"F","Ore","Rotenone",0.0573565609774085
"F","Ore","Rotenone",0.0626932117140145
"F","Ore","Rotenone",0.0715848602229239
"F","Ore","Rotenone",0.069134203293102
"F","Ore","Rotenone",0.048343072696207
"F","Ore","Rotenone",0.0517468534256696
"F","Ore","Rotenone",0.061095296461106
"F","Ore","Rotenone",0.0490699678236331
"F","Ore","Rotenone",0.0472746214489807
"F","Ore","Rotenone",0.0482607049548741
"F","Ore","Rotenone",0.0499482513194623
"F","Ore","Rotenone",0.0607621407497974
"F","Ore","Rotenone",0.0441885587391675
"F","Ore","Rotenone",0.0479899747276006
"F","Ore","Rotenone",0.0526767797358475
"F","Ore","Rotenone",0.0621395380512072
"F","Ore","Rotenone",0.0674098971788989
"F","Ore","Rotenone",0.0646295722241119
"F","Ore","Rotenone",0.0677729555156821
"F","Ore","Rotenone",0.0597909752362317
"F","Ore","Rotenone",0.0595677526100787
"F","Ore","Rotenone",0.0408761883403516
"F","Ore","Rotenone",0.0465621183897426
"F","Ore","Rotenone",0.0468119674812646
"F","Ore","Rotenone",0.056819905518596
"F","Ore","Rotenone",0.0534526649115942
"F","Ore","Rotenone",0.0633791195498658
"F","Ore","Rotenone",0.0736401332374707
"F","Ore","Rotenone",0.0547580063583786
"F","Ore","Rotenone",0.0453368381030934
"F","Ore","Rotenone",0.0611904042743656
"F","Ore","Rotenone",0.0451789470276967
"F","Ore","Rotenone",0.0440666589790459
"F","Ore","Rotenone",0.0578516822519921
"F","Ore","Rotenone",0.0429690143083714
"F","Ore","Rotenone",0.0449184837691784
"F","Ore","Rotenone",0.0585353538669128
"F","Ore","Rotenone",0.0464682136601515
"F","Ore","Rotenone",0.0466573060206199
"F","Ore","Rotenone",0.051106279628284
"F","Ore","Rotenone",0.0614806292920946
"F","Ore","Rotenone",0.0496119649677793
"F","Ore","Rotenone",0.0625059762069046
"F","Ore","Rotenone",0.0481511330851551
"F","Ore","Rotenone",0.0453368753800093
"F","Ore","Rotenone",0.0566051245620247
"F","Ore","Rotenone",0.0416611670201041
"F","Ore","Rotenone",0.0614537133306757
"F","Ore","Rotenone",0.0530464485566237
"F","Ore","Rotenone",0.0588466352510384
"F","Ore","Rotenone",0.0489959246046489
"F","Ore","Rotenone",0.0476407049569817
"F","Ore","Rotenone",0.0602459577063194
"F","Ore","Rotenone",0.0530924221463368
"F","Ore","Rotenone",0.0400255928459283
"F","Ore","Rotenone",0.0519658427383959
"F","Ore","Rotenone",0.0565374354128204
"F","Ore","Rotenone",0.0565888915664866
"F","Ore","Rotenone",0.0461139952944904
"F","Ore","Rotenone",0.0511653306176578
"F","Ore","Rotenone",0.0594567464703793
"F","Ore","Rotenone",0.0497718150470934
"F","Ore","Rotenone",0.0447788392357836
"F","Ore","Rotenone",0.0690262247957588
"F","Ore","Rotenone",0.0444805256856967
"F","Ore","Rotenone",0.0597965834908283
"F","Ore","Rotenone",0.0575510513635535
"F","Ore","Rotenone",0.0553126270102981
"F","Ore","Rotenone",0.0467717918173137
"F","Ore","Rotenone",0.0571838840768861
"F","Ore","Rotenone",0.0525988113951481
"F","Ore","Rotenone",0.0683889675380093
"F","Ore","Rotenone",0.0376514583134228
"F","Ore","Rotenone",0.0421049211282212
"F","Ore","Rotenone",0.0354989287686188
"F","Ore","Rotenone",0.0566991525913664
"F","Ore","Rotenone",0.0533239718744872
"F","Ore","Rotenone",0.0445766219708531
"F","Ore","Rotenone",0.060489480270866
"F","Ore","Rotenone",0.0530325333594162
"F","Ore","Rotenone",0.058439787449021
"F","Ore","Rotenone",0.0543412336196009
"F","Ore","Rotenone",0.0551954683843982
"F","Ore","Rotenone",0.0620646889593284
"F","Ore","Rotenone",0.0495058153037566
"F","Ore","Rotenone",0.0611505368961297
"F","Ore","Rotenone",0.067551877749305
"F","Ore","Rotenone",0.0486232412420094
"F","Ore","Rotenone",0.0619013886800915
"F","Ore","Rotenone",0.051811309470298
"F","Ore","Rotenone",0.0580125649988865
"F","Ore","Rotenone",0.0788635426554414
"F","Ore","Rotenone",0.0460361481358056
"F","Ore","Rotenone",0.0556680268530437
"F","Ore","Rotenone",0.0626779677495391
"F","Ore","Rotenone",0.0527383598252337
"F","Ore","Rotenone",0.051362527191785
"F","Ore","Rotenone",0.0624549907187553
"F","Ore","Rotenone",0.0505864338742795
"F","Ore","Rotenone",0.0579394335267489
"F","Ore","Rotenone",0.0557275356526748
"F","Ore","Rotenone",0.0562323111164503
"F","Ore","Rotenone",0.0476901008904343
"F","Ore","Rotenone",0.0555093032666744
"F","Ore","Rotenone",0.0527407205624765
"F","Ore","Rotenone",0.0666184082764018
"F","Ore","Rotenone",0.0567716481109243
"F","Ore","Rotenone",0.0504628007644306
"F","Ore","Rotenone",0.0460594262015241
"F","Ore","Rotenone",0.0453038533291422
"F","Ore","Rotenone",0.0576478476643493
"F","Ore","Rotenone",0.0488245165369903
"F","Ore","Rotenone",0.0578887567695927
"F","Ore","Rotenone",0.0444575622367281
"F","Ore","Rotenone",0.0551810219234238
"F","Ore","Rotenone",0.0400750433671747
"F","Ore","Rotenone",0.0515553599786697
"F","Ore","Rotenone",0.0451758975873839
"F","Ore","Rotenone",0.0733272387984849
"F","Ore","Rotenone",0.043162041002712
"F","Ore","Rotenone",0.0663942816058413
"F","Ore","Rotenone",0.0486501110718896
"F","Ore","Rotenone",0.0486478569848735
"F","Ore","Rotenone",0.0378384840829737
"F","Ore","Rotenone",0.0565708016732133
"F","Ore","Rotenone",0.0439126131854832
"F","Ore","Rotenone",0.0678625132362463
"F","Ore","Rotenone",0.0496421660673251
"F","Ore","Rotenone",0.0524876513535252
"F","Ore","Rotenone",0.0547288572273255
"F","Ore","Rotenone",0.0517993952017862
"F","Ore","Rotenone",0.0432918918898361
"F","Ore","Rotenone",0.0551898333874387
"F","Ore","Rotenone",0.0519175682759086
"F","Ore","Rotenone",0.0545870922149191
"F","Ore","Rotenone",0.0602500033059006
"F","Ore","Rotenone",0.0598566834578147
"F","Ore","Rotenone",0.0491707964246957
"F","Ore","Rotenone",0.0459379433343134
"F","Ore","Rotenone",0.0600951387079205
"F","Ore","Rotenone",0.0614683068996029
"F","Ore","Rotenone",0.0600383321494505
"F","Ore","Rotenone",0.0537089944709481
"F","Ore","Rotenone",0.0587690297316631
"F","Ore","Rotenone",0.0528446061553393
"F","Ore","Rotenone",0.0563272362505128
"F","Ore","Rotenone",0.0449100179658527
"F","Ore","Rotenone",0.0479895456059586
"F","Ore","Rotenone",0.0667504553296385
"F","Ore","Rotenone",0.0479185924706894
"F","Ore","Rotenone",0.0609657062444226
"F","Ore","Rotenone",0.0634847892322984
"F","Ore","Rotenone",0.050837492533262
"F","Ore","Rotenone",0.0390014823628212
"F","Ore","Rotenone",0.0451901125510946
"F","Ore","Rotenone",0.0636618707893312
"F","Ore","Rotenone",0.0512100886542228
"F","Ore","Rotenone",0.0538768908445541
"F","Ore","Rotenone",0.0406956627729433
"F","Ore","Rotenone",0.0461078675569269
"F","Ore","Rotenone",0.0514303403426207
"F","Ore","Rotenone",0.0624418647880095
"F","Ore","Rotenone",0.0604559884943349
"F","Ore","Rotenone",0.068966840149393
"F","Ore","Rotenone",0.0364407978286862
"F","Ore","Rotenone",0.0565183603737428
"F","Ore","Rotenone",0.058017633956107
"F","Ore","Rotenone",0.0510490781801101
"F","Ore","Rotenone",0.0613582460732061
"F","Ore","Rotenone",0.0381178526947501
"F","Ore","Rotenone",0.0607824293099215
"F","Ore","Rotenone",0.0419652368519084
"F","Ore","Rotenone",0.0520660203391138
"F","Ore","Rotenone",0.0493964857081211
"F","Ore","Rotenone",0.0457311450375738
"F","Ore","Rotenone",0.062785590326199
"F","Ore","Rotenone",0.0503471962444388
"F","Ore","Rotenone",0.0548193903415973
"F","Ore","Rotenone",0.0383855620164535
"F","Ore","Rotenone",0.0498964215346325
"F","Ore","Rotenone",0.0523957875589324
"F","Ore","Rotenone",0.0564869895208797
"F","Ore","Rotenone",0.0655033636653832
"F","Ore","Rotenone",0.0499391655316318
"F","Ore","Rotenone",0.0669036853908015
"F","Ore","Rotenone",0.0520014585879382
"F","Ore","Rotenone",0.0549805049586805
"F","Ore","Rotenone",0.0624951075292863
"F","Ore","Rotenone",0.0648715643852425
"F","Ore","Rotenone",0.0591399238431407
"F","Ore","Rotenone",0.0551323386131348
"F","Ore","Rotenone",0.0593225692911373
"F","Ore","Rotenone",0.0399879022937477
"F","Ore","Rotenone",0.0552659634267463
"F","Ore","Rotenone",0.0520830116392038
"F","Ore","Rotenone",0.0629615503926458
"F","Ore","Rotenone",0.0749248693590851
"F","Ore","Rotenone",0.0609448945723779
"F","Ore","Rotenone",0.0662653043811894
"F","Ore","Rotenone",0.0483298820935713
"F","Ore","Rotenone",0.0453933227762
"F","Ore","Rotenone",0.0518191209937712
"F","Ore","Rotenone",0.0474391652902863
"F","Ore","Rotenone",0.0554628855209573
"F","Ore","Rotenone",0.0515998847113836
"F","Ore","Rotenone",0.0481240928504047
"F","Ore","Rotenone",0.0557613158380171
"F","Ore","Rotenone",0.0471078776605765
"F","Ore","Rotenone",0.052168277232899
"F","Ore","Rotenone",0.0557738304620837
"F","Ore","Rotenone",0.0505693954352989
"F","Ore","Rotenone",0.0458522643245382
"F","Ore","Rotenone",0.059120950200687
"F","Ore","Rotenone",0.0618566789970728
"F","Ore","Rotenone",0.0562389714245373
"F","Ore","Rotenone",0.0626403890615668
"F","Ore","Rotenone",0.0518962967505427
"F","Ore","Rotenone",0.0460523183370108
"F","Ore","Rotenone",0.0597429184641839
"F","Ore","Rotenone",0.0487021716114499
"F","Ore","Rotenone",0.0568325017731897
"F","Ore","Rotenone",0.044823126065267
"F","Ore","Rotenone",0.0564442112650113
"F","Ore","Rotenone",0.0558853235367085
"F","Ore","Rotenone",0.0665056611013961
"F","Ore","Rotenone",0.053651982720798
"F","Ore","Rotenone",0.0564166035663244
"F","Ore","Rotenone",0.0479283127548715
"F","Ore","Rotenone",0.042053204980678
"F","Ore","Rotenone",0.0550992528763361
"F","Ore","Rotenone",0.0556719093812112
"F","Ore","Rotenone",0.0581786426738115
"F","Ore","Rotenone",0.0403052343816975
"F","Ore","Rotenone",0.0694097316640907
"F","Ore","Rotenone",0.060076547429963
"F","Ore","Rotenone",0.0489002442639825
"F","Ore","Rotenone",0.0410954058411481
"F","Ore","Rotenone",0.0521805870608029
"F","Ore","Rotenone",0.0562818947009325
"F","Ore","Rotenone",0.0612785884910464
"F","Ore","Rotenone",0.0515029042707199
"F","Ore","Rotenone",0.0397951845338076
"F","Ore","Rotenone",0.0540841521727757
"F","Ore","Rotenone",0.0508508430278226
"F","Ore","Rotenone",0.0405008695544705
"F","Ore","Rotenone",0.0633499587866748
"F","Ore","Rotenone",0.0487447168119178
"F","Ore","Rotenone",0.0442167119729016
"F","Ore","Rotenone",0.0333901299574827
"F","Ore","Rotenone",0.0559364252932669
"F","Ore","Rotenone",0.0547747071259823
"F","Ore","Rotenone",0.0549683725727381
"F","Ore","Rotenone",0.0493254168737193
"F","Ore","Rotenone",0.0487263185011246
"F","Ore","Rotenone",0.0490135363086787
"F","Ore","Rotenone",0.0413859114087329
"F","Ore","Rotenone",0.0540133558520086
"F","Ore","Rotenone",0.0561594210266068
"F","Ore","Rotenone",0.0601519389963949
"F","Ore","Rotenone",0.0555723266189624
"F","Ore","Rotenone",0.0388767478954021
"F","Ore","Rotenone",0.058220755502182
"F","Ore","Rotenone",0.0584779308773715
"F","Ore","Rotenone",0.0515857774674024
"F","Ore","Rotenone",0.0515585531132792
"F","Ore","Rotenone",0.0536773161879565
"F","Ore","Rotenone",0.0573487873291423
"F","Ore","Rotenone",0.0559388822269639
"F","Ore","Rotenone",0.0543146120392632
"F","Ore","Rotenone",0.0565250967972287
"F","Ore","Rotenone",0.0570028757496354
"F","Ore","Rotenone",0.0603805293150175
"F","Ore","Rotenone",0.0481202862658699
"F","Ore","Rotenone",0.059786487986181
"F","Ore","Rotenone",0.0509096074679706
"F","Ore","Rotenone",0.0611440020497702
"F","Ore","Rotenone",0.0469563527288532
"F","Ore","Rotenone",0.0421297046591285
"F","Ore","Rotenone",0.0582393298747982
"F","Ore","Rotenone",0.070065075354123
"F","Ore","Rotenone",0.0618602791242238
"F","Ore","Rotenone",0.0644179746431252
"F","Ore","Rotenone",0.0542219430754714
"F","Ore","Rotenone",0.0578303182724906
"F","Ore","Rotenone",0.0510327690378482
"F","Ore","Rotenone",0.0633104678709241
"F","Ore","Rotenone",0.0721553502114021
"F","Ore","Rotenone",0.0397447506345063
"F","Ore","Rotenone",0.0588036765645778
"F","Ore","Rotenone",0.0537388364384334
"F","Ore","Rotenone",0.0573289358205901
"F","Ore","Rotenone",0.0529410777571928
"F","Ore","Rotenone",0.057930395301808
"F","Ore","Rotenone",0.0556749345303262
"F","Ore","Rotenone",0.0500439722201851
"F","Ore","Rotenone",0.0420220637224928
"F","Ore","Rotenone",0.0524077480034493
"F","Ore","Rotenone",0.0596522184025582
"F","Ore","Rotenone",0.0636504294547731
"F","Ore","Rotenone",0.0528125745289929
"F","Ore","Rotenone",0.0482776827895813
"F","Ore","Rotenone",0.055932220067709
"F","Ore","Rotenone",0.0621808559585097
"F","Ore","Rotenone",0.0296981835434646
"F","Ore","Rotenone",0.0534782916832533
"F","Ore","Rotenone",0.0650492625155684
"F","Ore","Rotenone",0.0388857498262288
"F","Ore","Rotenone",0.0485723236288257
"F","Ore","Rotenone",0.0639026650142185
"F","Ore","Rotenone",0.0555557091708899
"F","Ore","Rotenone",0.0438642400911544
"F","Ore","Rotenone",0.0599042857422887
"F","Ore","Rotenone",0.055027905537421
"F","Ore","Rotenone",0.045371454913977
"F","Ore","Rotenone",0.0487367613861431
"F","Ore","Rotenone",0.0442392716564746
"F","Ore","Rotenone",0.0539559652972172
"F","Ore","Rotenone",0.0487712330493027
"F","Ore","Rotenone",0.0422693912867413
"F","Ore","Rotenone",0.0647469758807739
"F","Ore","Rotenone",0.0618033703359309
"F","Ore","Rotenone",0.0430266675188327
"F","Ore","Rotenone",0.0565070988658403
"F","Ore","Rotenone",0.055473240664513
"F","Ore","Rotenone",0.0564095821795792
"F","Ore","Rotenone",0.0424355789123923
"F","Ore","Rotenone",0.0610518282658523
"F","Ore","Rotenone",0.0467103434571688
"F","Ore","Rotenone",0.0650814368387147
"F","Ore","Rotenone",0.0548382537816591
"F","Ore","Rotenone",0.0522729673716592
"F","Ore","Rotenone",0.0560201185268691
"F","Ore","Rotenone",0.0582626021348485
"F","Ore","Rotenone",0.0443033596106595
"F","Ore","Rotenone",0.0496334618554319
"F","Ore","Rotenone",0.0448915961407691
"F","Ore","Rotenone",0.0500836241244336
"F","Ore","Rotenone",0.051750137381044
"F","Ore","Rotenone",0.0559196771379156
"F","Ore","Rotenone",0.0568659801784976
"F","Ore","Rotenone",0.053118583861945
"F","Ore","Rotenone",0.0498785243489724
"F","Ore","Rotenone",0.0314644533121449
"F","Ore","Rotenone",0.0466888778004605
"F","Ore","Rotenone",0.0588554546569254
"F","Ore","Rotenone",0.0474447040907697
"F","Ore","Rotenone",0.0602689103468297
"F","Ore","Rotenone",0.0625056328812402
"F","Ore","Rotenone",0.0646576237118646
"F","Ore","Rotenone",0.0565939156704507
"F","Ore","Rotenone",0.0607994065396404
"F","Ore","Rotenone",0.0706816252702541
"F","Ore","Rotenone",0.0506920895011678
"F","Ore","Rotenone",0.0595874912439722
"F","Ore","Rotenone",0.0617387469398703
"F","Ore","Rotenone",0.065715471033811
"F","Ore","Rotenone",0.057595653161944
"F","Ore","Rotenone",0.0552924052743426
"F","Ore","Rotenone",0.0582851231061329
"F","Ore","Rotenone",0.0453344936650107
"F","Ore","Rotenone",0.0564113068881465
"F","Ore","Rotenone",0.0584471167504714
"F","Ore","Rotenone",0.0395665992538219
"F","Ore","Rotenone",0.0544042813580304
"F","Ore","Rotenone",0.0652582140117729
"F","Ore","Rotenone",0.04219987413326
"F","Ore","Rotenone",0.0389126624948699
"F","Ore","Rotenone",0.0524752500146631
"F","Ore","Rotenone",0.0484852282800143
"F","Ore","Rotenone",0.0561018314551699
"F","Ore","Rotenone",0.0504367657488947
"F","Ore","Rotenone",0.0473087674130489
"F","Ore","Rotenone",0.0611462730229943
"F","Ore","Rotenone",0.0540769496561367
"F","Ore","Rotenone",0.0488094421921956
"F","Ore","Rotenone",0.050629877773347
"F","Ore","Rotenone",0.047979638770677
"F","Ore","Rotenone",0.04349679380883
"F","Ore","Rotenone",0.0505157695688031
"F","Ore","Rotenone",0.0561245766103521
"F","Ore","Rotenone",0.0543449538629165
"F","Ore","Rotenone",0.0474301738884406
"F","Ore","Rotenone",0.0590434683992344
"F","Ore","Rotenone",0.0567383941112111
"F","Ore","Rotenone",0.0560169196358778
"F","Ore","Rotenone",0.0534563789488701
"F","Ore","Rotenone",0.0329602811219415
"F","Ore","Rotenone",0.0297814260123254
"F","Ore","Rotenone",0.0518329657708967
"F","Ore","Rotenone",0.0547289117095033
"F","Ore","Rotenone",0.0631056352516891
"F","Ore","Rotenone",0.0547958264600423
"F","Ore","Rotenone",0.063225259715235
"F","Ore","Rotenone",0.0450473857435375
"F","Ore","Rotenone",0.0624926097913966
"F","Ore","Rotenone",0.0466546153947724
"F","Ore","Rotenone",0.0488294433853225
"F","Ore","Rotenone",0.0582755920522231
"F","Ore","Rotenone",0.0713772925982581
"F","Ore","Rotenone",0.0499171929624428
"F","Ore","Rotenone",0.0325553837377143
"F","Ore","Rotenone",0.053023795229444
"F","Ore","Rotenone",0.0542263308027453
"F","Ore","Rotenone",0.045850410234508
"F","Ore","Rotenone",0.0446618818844583
"F","Ore","Rotenone",0.0386484866581047
"F","Ore","Rotenone",0.0590528474607055
"F","Ore","Rotenone",0.0407814804639548
"F","Ore","Rotenone",0.0578760239053547
"F","Ore","Rotenone",0.0598615222305122
"F","Ore","Rotenone",0.0403667730558087
"F","Ore","Rotenone",0.0534504464746944
"F","Ore","Rotenone",0.0414844280947321
"F","Ore","Rotenone",0.0491413989879296
"F","Ore","Rotenone",0.0577866491141946
"F","Ore","Rotenone",0.0620395501637319
"F","Ore","Rotenone",0.0646960151268073
"F","Ore","Rotenone",0.0535547365163119
"F","Ore","Rotenone",0.0533225176832522
"F","Ore","Rotenone",0.0485581174810582
"F","Ore","Rotenone",0.0672008938579425
"F","Ore","Rotenone",0.0573580418000054
"F","Ore","Rotenone",0.0577550552395338
"F","Ore","Rotenone",0.0443172781494001
"F","Ore","Rotenone",0.0613402323668399
"F","Ore","Rotenone",0.0542067340043539
"F","Ore","Rotenone",0.0585380448077077
"F","Ore","Rotenone",0.0573074820194126
"F","Ore","Rotenone",0.0575415046683875
"F","Ore","Rotenone",0.042449119250977
"F","Ore","Rotenone",0.0643444809998302
"F","Ore","Rotenone",0.0506261423304916
"F","Ore","Rotenone",0.038232485555728
"F","Ore","Rotenone",0.0666046393107521
"F","Ore","Rotenone",0.053896026023186
"F","Ore","Rotenone",0.0615501985970784
"F","Ore","Rotenone",0.0572633334743203
"F","Ore","Rotenone",0.0437174699543335
"F","Ore","Rotenone",0.0608294307802424
"F","Ore","Rotenone",0.0542207213982362
"F","Ore","Rotenone",0.0441345253602932
"F","Ore","Rotenone",0.0483528935770871
"F","Ore","Rotenone",0.0622602560202767
"F","Ore","Rotenone",0.052237310286723
"F","Ore","Rotenone",0.0674579439488802
"F","Ore","Rotenone",0.0542970619792072
"F","Ore","Rotenone",0.0493740849513479
"F","Ore","Rotenone",0.0466563331081557
"F","Ore","Rotenone",0.0523594184867992
"F","Ore","Rotenone",0.0557864249092813
"F","Ore","Rotenone",0.0555437170658587
"F","Ore","Rotenone",0.0625930989420264
"F","Ore","Rotenone",0.0558495069774542
"F","Ore","Rotenone",0.0598645197309137
"F","Ore","Rotenone",0.0602700559148171
"F","Ore","Rotenone",0.047337524199998
"F","Ore","Rotenone",0.0574389164981089
"F","Ore","Rotenone",0.0538578182775237
"F","Ore","Rotenone",0.0489739825987184
"F","Ore","Rotenone",0.0576727611117875
"F","Ore","Rotenone",0.0533310846663823
"F","Ore","Rotenone",0.0341625399108585
"F","Ore","Rotenone",0.0509223511111589
"F","Ore","Rotenone",0.0591906116478444
"F","Ore","Rotenone",0.0529537503995434
"F","Ore","Rotenone",0.0485694119010799
"F","Ore","Rotenone",0.0630432734343534
"F","Ore","Rotenone",0.0544736632987091
"F","Ore","Rotenone",0.0529378014039872
"F","Ore","Rotenone",0.0636642019703614
"F","Ore","Rotenone",0.0466242937160919
"F","Ore","Rotenone",0.0529748234689512
"F","Ore","Rotenone",0.0512546187630767
"F","Ore","Rotenone",0.0400364904605987
"F","Ore","Rotenone",0.0568263371551233
"F","Ore","Rotenone",0.0608147378725114
"F","Ore","Rotenone",0.0496598384883513
"F","Ore","Rotenone",0.0473084561267855
"F","Ore","Rotenone",0.0607928553986329
"F","Ore","Rotenone",0.0650361464840728
"F","Ore","Rotenone",0.0639634430483192
"F","Ore","Rotenone",0.0461642714672947
"F","Ore","Rotenone",0.0593443444464086
"F","Ore","Rotenone",0.0454467973458491
"F","Ore","Rotenone",0.0634146494256887
"F","Ore","Rotenone",0.0536375766594323
"F","Ore","Rotenone",0.053053765867219
"F","Ore","Rotenone",0.0489189620652118
"F","Ore","Rotenone",0.0501146218235147
"F","Ore","Rotenone",0.0588670673387519
"F","Ore","Rotenone",0.0578291486315209
"F","Ore","Rotenone",0.0519213163489604
"F","Ore","Rotenone",0.0448903866886282
"F","Ore","Rotenone",0.0469181157019051
"F","Ore","Rotenone",0.0522187449219662
"F","Ore","Rotenone",0.0351010720548438
"F","Ore","Rotenone",0.0673926851333532
"F","Ore","Rotenone",0.0434155477437686
"F","Ore","Rotenone",0.0391067394580422
"F","Ore","Rotenone",0.0496135529332056
"F","Ore","Rotenone",0.0554292927497976
"F","Ore","Rotenone",0.0498090992455553
"F","Ore","Rotenone",0.0530086642093767
"F","Ore","Rotenone",0.0594066113123543
"F","Ore","Rotenone",0.0565263490209443
"F","Ore","Rotenone",0.0602254247599325
"F","Ore","Rotenone",0.0475839985295616
"F","Ore","Rotenone",0.050918312247947
"F","Ore","Rotenone",0.054880264238658
"F","Ore","Rotenone",0.0550621507794537
"F","Ore","Rotenone",0.0582694182292393
"F","Ore","Rotenone",0.0449947433457534
"F","Ore","Rotenone",0.0469212194131735
"F","Ore","Rotenone",0.0512151797741498
"F","Ore","Rotenone",0.0672752663048923
"F","Ore","Rotenone",0.0451827804013769
"F","Ore","Rotenone",0.0589906024588757
"F","Ore","Rotenone",0.0529298088759944
"F","Ore","Rotenone",0.0624466176346168
"F","Ore","Rotenone",0.0518792946727711
"F","Ore","Rotenone",0.0492803399052889
"F","Ore","Rotenone",0.0569472570889405
"F","Ore","Rotenone",0.0453854811222575
"F","Ore","Rotenone",0.0489145108083817
"F","Ore","Rotenone",0.0672730713600233
"F","Ore","Rotenone",0.0418921925534224
"F","Ore","Rotenone",0.06676336379431
"F","Ore","Rotenone",0.0562945568193623
"F","Ore","Rotenone",0.0569075991018678
"F","Ore","Rotenone",0.0672399662541764
"F","Ore","Rotenone",0.0456755524592102
"F","Ore","Rotenone",0.0702055269689178
"F","Ore","Rotenone",0.0367714718989457
"F","Ore","Rotenone",0.0609884966316948
"F","Ore","Rotenone",0.0517894291897418
"F","Ore","Rotenone",0.0580639449898144
"F","Ore","Rotenone",0.0489048529135225
"F","Ore","Rotenone",0.0520839103844851
"F","Ore","Rotenone",0.0548214563053214
"F","Ore","Rotenone",0.07277671052085
"F","Ore","Rotenone",0.0319762092342348
"F","Ore","Rotenone",0.0524336488441537
"F","Ore","Rotenone",0.0518262501223462
"F","Ore","Rotenone",0.0635640091738949
"F","Ore","Rotenone",0.0605673260843432
"F","Ore","Rotenone",0.0449995401671591
"F","Ore","Rotenone",0.0443110674073219
"F","Ore","Rotenone",0.0421332368572724
"F","Ore","Rotenone",0.0604902723269326
"F","Ore","Rotenone",0.0556922824855891
"F","Ore","Rotenone",0.0483928012975507
"F","Ore","Rotenone",0.050980410102128
"F","Ore","Rotenone",0.0579974032437622
"F","Ore","Rotenone",0.0493773277140023
"F","Ore","Rotenone",0.0607832126266507
"F","Ore","Rotenone",0.0633514825305838
"F","Ore","Rotenone",0.0613633384375774
"F","Ore","Rotenone",0.0563622494694463
"F","Ore","Rotenone",0.0477604413049866
"F","Ore","Rotenone",0.0533799113693736
"F","Ore","Rotenone",0.0461786966842869
"F","Ore","Rotenone",0.0398096711971577
"F","Ore","Rotenone",0.0432095265597672
"F","Ore","Rotenone",0.0356144884097978
"F","Ore","Rotenone",0.0532350164388128
"F","Ore","Rotenone",0.0649338152263894
"F","Ore","Rotenone",0.0569258214605482
"F","Ore","Rotenone",0.0319698121650456
"F","Ore","Rotenone",0.0575136620706212
"F","Ore","Rotenone",0.0585778189426933
"F","Ore","Rotenone",0.0480740469003527
"F","Ore","Rotenone",0.0451650585713904
"F","Ore","Rotenone",0.053730535509396
"F","Ore","Rotenone",0.0539860261772004
"F","Ore","Rotenone",0.0507550532824183
"F","Ore","Rotenone",0.060529289993826
"F","Ore","Rotenone",0.0418831377625136
"F","Ore","Rotenone",0.0590497899464371
"F","Ore","Rotenone",0.052691752771809
"F","Ore","Rotenone",0.0414087458999218
"F","Ore","Rotenone",0.060429617456237
"F","Ore","Rotenone",0.0603221105029271
"F","Ore","Rotenone",0.0602792856461579
"F","Ore","Rotenone",0.0516877440443127
"F","Ore","Rotenone",0.0507363840013904
"F","Ore","Rotenone",0.0534878165083311
"F","Ore","Rotenone",0.0519812884291501
"F","Ore","Rotenone",0.0581940275234574
"F","Ore","Rotenone",0.064649416450301
"F","Ore","Rotenone",0.0615679585985456
"F","Ore","Rotenone",0.0459633501064744
"F","Ore","Rotenone",0.0512008036103271
"F","Ore","Rotenone",0.0486214650192644
"F","Ore","Rotenone",0.0647478770134369
"F","Ore","Rotenone",0.047189318654288
"F","Ore","Rotenone",0.0636406185070021
"F","Ore","Rotenone",0.0373112858857271
"F","Ore","Rotenone",0.0540563693013216
"F","Ore","Rotenone",0.0495244300953319
"F","Ore","Rotenone",0.0455278583749112
"F","Ore","Rotenone",0.041676808072236
"F","Ore","Rotenone",0.0614845518817493
"F","Ore","Rotenone",0.0444766235897828
"F","Ore","Rotenone",0.0378381877932359
"F","Ore","Rotenone",0.0464237098311343
"F","Ore","Rotenone",0.0498920864680449
"F","Ore","Rotenone",0.0668639909000064
"F","Ore","Rotenone",0.0513038593231889
"F","Ore","Rotenone",0.053807473002539
"F","Ore","Rotenone",0.0638745642749726
"F","Ore","Rotenone",0.0571165467223241
"F","Ore","Rotenone",0.0553035908994329
"F","Ore","Rotenone",0.0692327118941125
"F","Ore","Rotenone",0.0455482797853826
"F","Ore","Rotenone",0.0602317297420035
"F","Ore","Rotenone",0.0611621040517849
"F","Ore","Rotenone",0.0505529398354751
"F","Ore","Rotenone",0.0576518422783394
"F","Ore","Rotenone",0.0522385140507045
"F","Ore","Rotenone",0.0532752711906008
"F","Ore","Rotenone",0.0534599856329972
"F","Ore","Rotenone",0.0580792229931826
"F","Ore","Rotenone",0.0480111057094172
"F","Ore","Rotenone",0.0564020932804697
"F","Ore","Rotenone",0.0776087561518889
"F","Ore","Rotenone",0.0504281672430218
"F","Ore","Rotenone",0.048480086875669
"F","Ore","Rotenone",0.0428131790399545
"F","Ore","Rotenone",0.0495241664692755
"F","Ore","Rotenone",0.0539362265332721
"F","Ore","Rotenone",0.0532595246976138
"F","Ore","Rotenone",0.0653255864257532
"F","Ore","Rotenone",0.0643132621165543
"F","Ore","Rotenone",0.055590364972237
"F","Ore","Rotenone",0.0556534342111536
"F","Ore","Rotenone",0.0442112208153259
"F","Ore","Rotenone",0.055336594445897
"F","Ore","Rotenone",0.0568233729230012
"F","Ore","Rotenone",0.0541632201879738
"F","Ore","Rotenone",0.0503838709521109
"F","Ore","Rotenone",0.0534476235074946
"F","Ore","Rotenone",0.0566495654936221
"F","Ore","Rotenone",0.065008737411849
"F","Ore","Rotenone",0.0528542968444208
"F","Ore","Rotenone",0.0287929279351676
"F","Ore","Rotenone",0.0544743775278978
"F","Ore","Rotenone",0.0598421595847126
"F","Ore","Rotenone",0.044678815347768
"F","Ore","Rotenone",0.0631351798417368
"F","Ore","Rotenone",0.0659616455762791
"F","Ore","Rotenone",0.0578104517345092
"F","Ore","Rotenone",0.0516151850316129
"F","Ore","Rotenone",0.0635639658290553
"F","Ore","Rotenone",0.0427501720477716
"F","Ore","Rotenone",0.0572980213702538
"F","Ore","Rotenone",0.0673248829880513
"F","Ore","Rotenone",0.0462809055149678
"F","Ore","Rotenone",0.0439762172369749
"F","Ore","Rotenone",0.0555447857058297
"F","Ore","Rotenone",0.0482828491673389
"F","Ore","Rotenone",0.0581804201887774
"F","Ore","Rotenone",0.0517136183987703
"F","Ore","Rotenone",0.0496320584465572
"F","Ore","Rotenone",0.0601079699934228
"F","Ore","Rotenone",0.0527926836251199
"F","Ore","Rotenone",0.0461041989341154
"F","Ore","Rotenone",0.0580080914965584
"F","Ore","Rotenone",0.0417300127545984
"F","Ore","Rotenone",0.0445447332459743
"F","Ore","Rotenone",0.0593853503578206
"F","Ore","Rotenone",0.0539987291380526
"F","Ore","Rotenone",0.0530715817103723
"F","Ore","Rotenone",0.0450471739936455
"F","Ore","Rotenone",0.0420379525595842
"F","Ore","Rotenone",0.0489697180071511
"F","Ore","Rotenone",0.0400064839919963
"F","Ore","Rotenone",0.0543440541298475
"F","Ore","Rotenone",0.0547169485818262
"F","Ore","Rotenone",0.0475135389062672
"F","Ore","Rotenone",0.0596660904483092
"F","Ore","Rotenone",0.0536546866721278
"F","Ore","Rotenone",0.0432822627998739
"F","Ore","Rotenone",0.0650864846845278
"F","Ore","Rotenone",0.0481742001817509
"F","Ore","Rotenone",0.045374985343915
"F","Ore","Rotenone",0.0556883243047843
"F","Ore","Rotenone",0.047377514802351
"F","Ore","Rotenone",0.0589379837500703
"F","Ore","Rotenone",0.0606074462317855
"F","Ore","Rotenone",0.0532299191176303
"F","Ore","Rotenone",0.0606485663384192
"F","Ore","Rotenone",0.0612968352177943
"F","Ore","Rotenone",0.0517477012201072
"F","Ore","Rotenone",0.0645790082259503
"F","Ore","Rotenone",0.0652339295669819
"F","Ore","Rotenone",0.0335109805878594
"F","Ore","Rotenone",0.0591710708769704
"F","Ore","Rotenone",0.0535745349707427
"F","Ore","Rotenone",0.0456789026275605
"F","Ore","Rotenone",0.0373548907183975
"F","Ore","Rotenone",0.0366524809423001
"F","Ore","Rotenone",0.0609637157773944
"F","Ore","Rotenone",0.0557871320704573
"F","Ore","Rotenone",0.0484638262190402
"F","Ore","Rotenone",0.0528857045375442
"F","Ore","Rotenone",0.0520262829359844
"F","Ore","Rotenone",0.0558123241060358
"F","Ore","Rotenone",0.0453152703816905
"F","Ore","Rotenone",0.0492717370805305
"F","Ore","Rotenone",0.0510709592760893
"F","Ore","Rotenone",0.0598846188346921
"F","Ore","Rotenone",0.0471803162703295
"F","Ore","Rotenone",0.0478081442533805
"F","Ore","Rotenone",0.064664788558643
"F","Ore","Rotenone",0.0532817066093785
"F","Ore","Rotenone",0.0657736520057942
"F","Ore","Rotenone",0.0442837089246314
"F","Ore","Rotenone",0.0404778440326605
"F","Ore","Rotenone",0.0714711463313436
"F","Ore","Rotenone",0.0547511994947581
"F","Ore","Rotenone",0.0523387866719208
"F","Ore","Rotenone",0.0641244266413457
"F","Ore","Rotenone",0.0481825015615053
"F","Ore","Rotenone",0.0417233145640901
"F","Ore","Rotenone",0.0597286479212514
"F","Ore","Rotenone",0.0481323862290414
"F","Ore","Rotenone",0.0499254843805906
"F","Ore","Rotenone",0.0587009059784647
"F","Ore","Rotenone",0.0610242174892706
"F","Ore","Rotenone",0.0506175387443019
"F","Ore","Rotenone",0.0466734146021999
"F","Ore","Rotenone",0.0476429706407692
"F","Ore","Rotenone",0.0625009619839357
"F","Ore","Rotenone",0.0534589313370545
"F","Ore","Rotenone",0.0451409771154107
"F","Ore","Rotenone",0.0493098707164186
"F","Ore","Rotenone",0.0553668123800952
"F","Ore","Rotenone",0.0496248730150997
"F","Ore","Rotenone",0.059380765501451
"F","Ore","Rotenone",0.0529231215589778
"F","Ore","Rotenone",0.0502029607080781
"F","Ore","Rotenone",0.0521996846952892
"F","Ore","Rotenone",0.0599975579158237
"M","375","Control",0.107835808328246
"M","375","Control",0.132608122377921
"M","375","Control",0.106056154514665
"M","375","Control",0.147080935303713
"M","375","Control",0.124533059162882
"M","375","Control",0.134985267902053
"M","375","Control",0.132468944778456
"M","375","Control",0.149816424854621
"M","375","Control",0.135033224136034
"M","375","Control",0.105754972965618
"M","375","Control",0.12249013551925
"M","375","Control",0.119628749479609
"M","375","Control",0.1208870525447
"M","375","Control",0.0946446555287202
"M","375","Control",0.122344184928986
"M","375","Control",0.171500419020956
"M","375","Control",0.135577957605404
"M","375","Control",0.105131677457089
"M","375","Control",0.130748618113299
"M","375","Control",0.135051927536711
"M","375","Control",0.105560291084024
"M","375","Control",0.171335688915845
"M","375","Control",0.128438976370149
"M","375","Control",0.103431310680071
"M","375","Control",0.127897732688325
"M","375","Control",0.148277199012053
"M","375","Control",0.110731569913238
"M","375","Control",0.119841156948109
"M","375","Control",0.161545921205884
"M","375","Control",0.115818561351072
"M","375","Control",0.159834746192406
"M","375","Control",0.126645341689585
"M","375","Control",0.134595033445092
"M","375","Control",0.137708181796803
"M","375","Control",0.115262965471664
"M","375","Control",0.10988595521832
"M","375","Control",0.139079786188994
"M","375","Control",0.133307541524908
"M","375","Control",0.0747892026399626
"M","375","Control",0.161988071837833
"M","375","Control",0.119730736212963
"M","375","Control",0.0965583836053457
"M","375","Control",0.121946301512897
"M","375","Control",0.111620870842291
"M","375","Control",0.125046767688464
"M","375","Control",0.152220210178566
"M","375","Control",0.148644948741941
"M","375","Control",0.11584039813811
"M","375","Control",0.127635195685769
"M","375","Control",0.0957078754038619
"M","375","Control",0.099520381612481
"M","375","Control",0.122711234637871
"M","375","Control",0.138454478039226
"M","375","Control",0.155073361860676
"M","375","Control",0.166314942926689
"M","375","Control",0.153024750917277
"M","375","Control",0.125997196263929
"M","375","Control",0.153399775010784
"M","375","Control",0.108452020638127
"M","375","Control",0.140254386983748
"M","375","Control",0.138955481529498
"M","375","Control",0.134660845705399
"M","375","Control",0.138641819611526
"M","375","Control",0.133878261426913
"M","375","Control",0.132120920286715
"M","375","Control",0.105541053022262
"M","375","Control",0.106475609930611
"M","375","Control",0.0953497243283682
"M","375","Control",0.10054192473092
"M","375","Control",0.15413902923166
"M","375","Control",0.0833561670147138
"M","375","Control",0.133416092260404
"M","375","Control",0.106648441855529
"M","375","Control",0.129274937112788
"M","375","Control",0.100642932251585
"M","375","Control",0.108212137613762
"M","375","Control",0.114363490309117
"M","375","Control",0.152952762721411
"M","375","Control",0.154977552073951
"M","375","Control",0.128454906875206
"M","375","Control",0.095039090172882
"M","375","Control",0.130726245680786
"M","375","Control",0.112231259534926
"M","375","Control",0.120473855648364
"M","375","Control",0.145549989723773
"M","375","Control",0.156946708227648
"M","375","Control",0.142745870117801
"M","375","Control",0.115117138717781
"M","375","Control",0.12100589647289
"M","375","Control",0.106017800108496
"M","375","Control",0.142418843777788
"M","375","Control",0.136470244644084
"M","375","Control",0.132412212924317
"M","375","Control",0.148342767822472
"M","375","Control",0.158599032579213
"M","375","Control",0.122244656544923
"M","375","Control",0.124623010839337
"M","375","Control",0.120738145564643
"M","375","Control",0.13504064786715
"M","375","Control",0.146365741837717
"M","375","Control",0.104175988124282
"M","375","Control",0.119679737613799
"M","375","Control",0.0844429465270758
"M","375","Control",0.135631449885531
"M","375","Control",0.168529048321164
"M","375","Control",0.115607005731789
"M","375","Control",0.112280233124805
"M","375","Control",0.106307895182943
"M","375","Control",0.15084669200876
"M","375","Control",0.148447556533978
"M","375","Control",0.118166629228711
"M","375","Control",0.0756214291186278
"M","375","Control",0.103855032247651
"M","375","Control",0.130247359850011
"M","375","Control",0.147336875878237
"M","375","Control",0.120811207298693
"M","375","Control",0.134080695015505
"M","375","Control",0.119126845423961
"M","375","Control",0.116088100083835
"M","375","Control",0.118721225625711
"M","375","Control",0.123282164450219
"M","375","Control",0.130756401055236
"M","375","Control",0.123243455415706
"M","375","Control",0.153167260623777
"M","375","Control",0.113853031402509
"M","375","Control",0.128038993369445
"M","375","Control",0.118141193220799
"M","375","Control",0.13945321268448
"M","375","Control",0.118242552739005
"M","375","Control",0.0844881500255937
"M","375","Control",0.139895604547193
"M","375","Control",0.125213737255361
"M","375","Control",0.0954888211125458
"M","375","Control",0.071997927051165
"M","375","Control",0.08571816915556
"M","375","Control",0.135890889963226
"M","375","Control",0.142430053811558
"M","375","Control",0.130280669406325
"M","375","Control",0.148660617838039
"M","375","Control",0.0929329615917393
"M","375","Control",0.112548333678978
"M","375","Control",0.120242054451274
"M","375","Control",0.102550560230358
"M","375","Control",0.109766623340594
"M","375","Control",0.104524136594939
"M","375","Control",0.113946786453851
"M","375","Control",0.132821868289655
"M","375","Control",0.118473320223544
"M","375","Control",0.152525817064458
"M","375","Control",0.129748085246448
"M","375","Control",0.131889256652386
"M","375","Control",0.12303737257706
"M","375","Control",0.146177500353366
"M","375","Control",0.109889466194794
"M","375","Control",0.133285894987568
"M","375","Control",0.103029151864033
"M","375","Control",0.117747172026102
"M","375","Control",0.126682110203904
"M","375","Control",0.0973060413773374
"M","375","Control",0.120790703262357
"M","375","Control",0.109215654137237
"M","375","Control",0.145935347686098
"M","375","Control",0.123942319460343
"M","375","Control",0.130224057156543
"M","375","Control",0.135859968086283
"M","375","Control",0.170300342127819
"M","375","Control",0.0955578334668845
"M","375","Control",0.108000832496772
"M","375","Control",0.138861090830999
"M","375","Control",0.118877928723096
"M","375","Control",0.096898786975576
"M","375","Control",0.0977537013213984
"M","375","Control",0.146323224074882
"M","375","Control",0.104076761967066
"M","375","Control",0.134976535909976
"M","375","Control",0.150568254538028
"M","375","Control",0.143699334414995
"M","375","Control",0.0963302750499193
"M","375","Control",0.123518153833316
"M","375","Control",0.153990620010534
"M","375","Control",0.10991557035184
"M","375","Control",0.13375560310492
"M","375","Control",0.122448989642935
"M","375","Control",0.140242019963087
"M","375","Control",0.147962717507791
"M","375","Control",0.1400776242475
"M","375","Control",0.107946885365565
"M","375","Control",0.124934456257674
"M","375","Control",0.0976069496672931
"M","375","Control",0.107612857990084
"M","375","Control",0.13466377703878
"M","375","Control",0.139795589640559
"M","375","Control",0.129577896190115
"M","375","Control",0.167473072930919
"M","375","Control",0.094712232825458
"M","375","Control",0.167112701657349
"M","375","Control",0.131017737272507
"M","375","Control",0.126528619706336
"M","375","Control",0.117426693036437
"M","375","Control",0.144535630248631
"M","375","Control",0.1424862737281
"M","375","Control",0.109430186491193
"M","375","Control",0.123632236668978
"M","375","Control",0.160234574547145
"M","375","Control",0.127925519089076
"M","375","Control",0.156570725414195
"M","375","Control",0.126945461963776
"M","375","Control",0.150343232796636
"M","375","Control",0.0974006834794532
"M","375","Control",0.152639760365224
"M","375","Control",0.093330962632541
"M","375","Control",0.130118362823217
"M","375","Control",0.0990711624381444
"M","375","Control",0.148607452867709
"M","375","Control",0.105010091905727
"M","375","Control",0.133644051632862
"M","375","Control",0.112541238557991
"M","375","Control",0.102562403622827
"M","375","Control",0.151068210062961
"M","375","Control",0.150785696828984
"M","375","Control",0.126931042156035
"M","375","Control",0.134632819304542
"M","375","Control",0.0966207816241714
"M","375","Control",0.121719131104915
"M","375","Control",0.130941518260547
"M","375","Control",0.154560920918672
"M","375","Control",0.144734014987261
"M","375","Control",0.118827692489692
"M","375","Control",0.0768219836825576
"M","375","Control",0.128620774853453
"M","375","Control",0.127275265811952
"M","375","Control",0.117073337025844
"M","375","Control",0.158186088794814
"M","375","Control",0.134049692779145
"M","375","Control",0.121808351691619
"M","375","Control",0.127911865104566
"M","375","Control",0.145630135181296
"M","375","Control",0.121197540314357
"M","375","Control",0.140907342017614
"M","375","Control",0.122432017503533
"M","375","Control",0.131542627429509
"M","375","Control",0.0781219603126567
"M","375","Control",0.135255960078899
"M","375","Control",0.116929261479608
"M","375","Control",0.11144542999402
"M","375","Control",0.120676649876956
"M","375","Control",0.116732787874173
"M","375","Control",0.140054200590461
"M","375","Control",0.150064658611321
"M","375","Control",0.128090433115883
"M","375","Control",0.113304698116813
"M","375","Control",0.12794467988214
"M","375","Control",0.126379083664813
"M","375","Control",0.140953644857838
"M","375","Control",0.154350779010855
"M","375","Control",0.13148320765156
"M","375","Control",0.132048953599864
"M","375","Control",0.144540457806225
"M","375","Control",0.138473377684206
"M","375","Control",0.117990092011042
"M","375","Control",0.132462374683497
"M","375","Control",0.119144232915426
"M","375","Control",0.0994592206887172
"M","375","Control",0.101398990418302
"M","375","Control",0.112448128014832
"M","375","Control",0.133109540703126
"M","375","Control",0.127632174129952
"M","375","Control",0.132631162367785
"M","375","Control",0.148839473601541
"M","375","Control",0.120616216433834
"M","375","Control",0.140567079421752
"M","375","Control",0.114852100579158
"M","375","Control",0.127952967556382
"M","375","Control",0.132785075815101
"M","375","Control",0.14590887814416
"M","375","Control",0.0941351752616225
"M","375","Control",0.129424614982357
"M","375","Control",0.155497294619327
"M","375","Control",0.144070299448619
"M","375","Control",0.161949569934296
"M","375","Control",0.146210704145411
"M","375","Control",0.120897835800899
"M","375","Control",0.104533101049563
"M","375","Control",0.105041512153858
"M","375","Control",0.125100438582483
"M","375","Control",0.107075324424793
"M","375","Control",0.109019273475646
"M","375","Control",0.138702600919061
"M","375","Control",0.124856275808382
"M","375","Control",0.120212484262961
"M","375","Control",0.128499088869136
"M","375","Control",0.103988837815242
"M","375","Control",0.134787312395867
"M","375","Control",0.120356546851372
"M","375","Control",0.106848335172454
"M","375","Control",0.104386912894641
"M","375","Control",0.1065822382289
"M","375","Control",0.107368367150062
"M","375","Control",0.103330029914995
"M","375","Control",0.165359635810227
"M","375","Control",0.11691747635345
"M","375","Control",0.142396897634402
"M","375","Control",0.161068793736672
"M","375","Control",0.100802440746211
"M","375","Control",0.115029975168369
"M","375","Control",0.145139456110247
"M","375","Control",0.125503985552618
"M","375","Control",0.128411716253065
"M","375","Control",0.128910089640433
"M","375","Control",0.144167066516197
"M","375","Control",0.116784594248849
"M","375","Control",0.113038436786362
"M","375","Control",0.0992679930855953
"M","375","Control",0.160742207684418
"M","375","Control",0.0758257920932959
"M","375","Control",0.145660005805057
"M","375","Control",0.12963860313677
"M","375","Control",0.119542841934367
"M","375","Control",0.131953344467936
"M","375","Control",0.121454943071471
"M","375","Control",0.163548766561615
"M","375","Control",0.135600992088368
"M","375","Control",0.139058725004011
"M","375","Control",0.102792246714031
"M","375","Control",0.105575758291161
"M","375","Control",0.138043707065453
"M","375","Control",0.112555904688978
"M","375","Control",0.133906079187184
"M","375","Control",0.119557455678183
"M","375","Control",0.11002090343451
"M","375","Control",0.117324874564964
"M","375","Control",0.0843469680686737
"M","375","Control",0.142305382271985
"M","375","Control",0.120556312968976
"M","375","Control",0.0998812926433541
"M","375","Control",0.140857777492419
"M","375","Control",0.0931622696448291
"M","375","Control",0.142491098169941
"M","375","Control",0.126037698041179
"M","375","Control",0.115600465407537
"M","375","Control",0.146329718678477
"M","375","Control",0.15848764800887
"M","375","Control",0.145775508140038
"M","375","Control",0.137032629337314
"M","375","Control",0.117093644185105
"M","375","Control",0.144930112104967
"M","375","Control",0.10375984299233
"M","375","Control",0.131646614461782
"M","375","Control",0.137001679484243
"M","375","Control",0.145605704220989
"M","375","Control",0.118001806300639
"M","375","Control",0.136523719656832
"M","375","Control",0.109546641890932
"M","375","Control",0.126294466966159
"M","375","Control",0.132079869012147
"M","375","Control",0.110013799125473
"M","375","Control",0.108632843662939
"M","375","Control",0.131553900972654
"M","375","Control",0.134378758955199
"M","375","Control",0.155754223640257
"M","375","Control",0.132659490528598
"M","375","Control",0.131544796367201
"M","375","Control",0.0895287086597054
"M","375","Control",0.106661510126767
"M","375","Control",0.135767073316236
"M","375","Control",0.156163637188277
"M","375","Control",0.111495700226177
"M","375","Control",0.120169427181793
"M","375","Control",0.146315909524914
"M","375","Control",0.118981933491725
"M","375","Control",0.132163684004479
"M","375","Control",0.131381918751477
"M","375","Control",0.148689733584355
"M","375","Control",0.140727484881022
"M","375","Control",0.14568067790971
"M","375","Control",0.121252196801251
"M","375","Control",0.11474749835496
"M","375","Control",0.098563195358889
"M","375","Control",0.134462436936525
"M","375","Control",0.0967414438492523
"M","375","Control",0.121347818061002
"M","375","Control",0.122506242463022
"M","375","Control",0.140917296604276
"M","375","Control",0.11725662685069
"M","375","Control",0.141393069361831
"M","375","Control",0.158798029080457
"M","375","Control",0.126253720505229
"M","375","Control",0.110019363935738
"M","375","Control",0.166406820483697
"M","375","Control",0.084886107891804
"M","375","Control",0.138538287811689
"M","375","Control",0.112670428293825
"M","375","Control",0.128022683046306
"M","375","Control",0.165864318340857
"M","375","Control",0.12314993331476
"M","375","Control",0.132855821873581
"M","375","Control",0.130922310108281
"M","375","Control",0.138043059385469
"M","375","Control",0.1368317653649
"M","375","Control",0.153386185006183
"M","375","Control",0.108241504078681
"M","375","Control",0.108832803909162
"M","375","Control",0.148284372169599
"M","375","Control",0.151506413868969
"M","375","Control",0.12414063944851
"M","375","Control",0.150510745327895
"M","375","Control",0.151018855215459
"M","375","Control",0.136225240193067
"M","375","Control",0.142365334473334
"M","375","Control",0.133118851070046
"M","375","Control",0.117233170423743
"M","375","Control",0.125181521147093
"M","375","Control",0.184489422873002
"M","375","Control",0.12161136141659
"M","375","Control",0.0959140566592935
"M","375","Control",0.150767033948181
"M","375","Control",0.141100567996416
"M","375","Control",0.112442525620458
"M","375","Control",0.144267990593537
"M","375","Control",0.137775177876443
"M","375","Control",0.12372447189748
"M","375","Control",0.139880020245763
"M","375","Control",0.136816112096122
"M","375","Control",0.125445945800903
"M","375","Control",0.156971025671402
"M","375","Control",0.113034529981844
"M","375","Control",0.120324372077534
"M","375","Control",0.112230085459398
"M","375","Control",0.132413821343509
"M","375","Control",0.141306808527636
"M","375","Control",0.0905767365025491
"M","375","Control",0.135216493047459
"M","375","Control",0.105884856130043
"M","375","Control",0.154905935865627
"M","375","Control",0.109810590835774
"M","375","Control",0.127229083263584
"M","375","Control",0.148780128504036
"M","375","Control",0.131550705773566
"M","375","Control",0.138797193331439
"M","375","Control",0.167880772432182
"M","375","Control",0.126173273080582
"M","375","Control",0.137117320276759
"M","375","Control",0.108357871701996
"M","375","Control",0.111634298414445
"M","375","Control",0.103294612100332
"M","375","Control",0.124899364199737
"M","375","Control",0.134116860247329
"M","375","Control",0.138460574725083
"M","375","Control",0.149640586932764
"M","375","Control",0.138756443696262
"M","375","Control",0.127119285704581
"M","375","Control",0.137713558334636
"M","375","Control",0.107679674382392
"M","375","Control",0.164779239997286
"M","375","Control",0.122486925145873
"M","375","Control",0.114073272510577
"M","375","Control",0.111710007470588
"M","375","Control",0.167167328168624
"M","375","Control",0.0896474030759856
"M","375","Control",0.111191189054902
"M","375","Control",0.104926978717758
"M","375","Control",0.153503185192262
"M","375","Control",0.111480570451241
"M","375","Control",0.144927936971172
"M","375","Control",0.12795069280267
"M","375","Control",0.100921226453921
"M","375","Control",0.131929620366991
"M","375","Control",0.0729537556651581
"M","375","Control",0.164487038777616
"M","375","Control",0.116282314086512
"M","375","Control",0.109688184628408
"M","375","Control",0.11578642181111
"M","375","Control",0.134269620097125
"M","375","Control",0.156297874598404
"M","375","Control",0.146413869190314
"M","375","Control",0.119052303101279
"M","375","Control",0.116927342419692
"M","375","Control",0.0912579917453227
"M","375","Control",0.124412101868832
"M","375","Control",0.15539106347345
"M","375","Control",0.15813804800678
"M","375","Control",0.120812264102781
"M","375","Control",0.119802416003025
"M","375","Control",0.109466349101279
"M","375","Control",0.0873297130461753
"M","375","Control",0.143203383429885
"M","375","Control",0.121939240296742
"M","375","Control",0.116898733441613
"M","375","Control",0.137377477443506
"M","375","Control",0.153847556081155
"M","375","Control",0.139691906997818
"M","375","Control",0.153284420270997
"M","375","Control",0.0975285913080347
"M","375","Control",0.148420069515899
"M","375","Control",0.0858749187542958
"M","375","Control",0.148856551080105
"M","375","Control",0.130926799769851
"M","375","Control",0.154013785081305
"M","375","Control",0.126728618871233
"M","375","Control",0.108843176070463
"M","375","Control",0.149967813418719
"M","375","Control",0.123753168645331
"M","375","Control",0.11472017302199
"M","375","Control",0.149715860088625
"M","375","Control",0.159411953245085
"M","375","Control",0.131114086425562
"M","375","Control",0.154359526583677
"M","375","Control",0.132277593136775
"M","375","Control",0.138913237195264
"M","375","Control",0.111999349928523
"M","375","Control",0.154486898539669
"M","375","Control",0.155656555107032
"M","375","Control",0.125516605965456
"M","375","Control",0.144492710452224
"M","375","Control",0.156752070608566
"M","375","Control",0.13641211625358
"M","375","Control",0.128762675566127
"M","375","Control",0.150706451883113
"M","375","Control",0.0926961585300677
"M","375","Control",0.0934388985489257
"M","375","Control",0.149834274059283
"M","375","Control",0.137446703950688
"M","375","Control",0.15279395887028
"M","375","Control",0.146684875679679
"M","375","Control",0.165567140320007
"M","375","Control",0.140906388748029
"M","375","Control",0.162323861010067
"M","375","Control",0.162630660958833
"M","375","Control",0.124594519216123
"M","375","Control",0.12619208069575
"M","375","Control",0.134513693928111
"M","375","Control",0.161206589304709
"M","375","Control",0.135799801290516
"M","375","Control",0.150573697657545
"M","375","Control",0.111574448885744
"M","375","Control",0.125954824609152
"M","375","Control",0.135542445911143
"M","375","Control",0.178356324016167
"M","375","Control",0.156141350168447
"M","375","Control",0.0794496402088116
"M","375","Control",0.125543882630498
"M","375","Control",0.124055769525518
"M","375","Control",0.108203509850551
"M","375","Control",0.124689448091697
"M","375","Control",0.115956897665385
"M","375","Control",0.114990462809433
"M","375","Control",0.144115980463844
"M","375","Control",0.12917247511007
"M","375","Control",0.0830482054326251
"M","375","Control",0.137247635321474
"M","375","Control",0.13978766050976
"M","375","Control",0.133750104818682
"M","375","Control",0.113418047326855
"M","375","Control",0.124685477299177
"M","375","Control",0.153460484370076
"M","375","Control",0.0987338719914861
"M","375","Control",0.100568355696349
"M","375","Control",0.159917410996378
"M","375","Control",0.113253730314982
"M","375","Control",0.140781962209907
"M","375","Control",0.147464144833713
"M","375","Control",0.148505224151773
"M","375","Control",0.127926617764726
"M","375","Control",0.106555173656955
"M","375","Control",0.157992393271415
"M","375","Control",0.104253348733816
"M","375","Control",0.147062082625666
"M","375","Control",0.146597017791511
"M","375","Control",0.149276542710654
"M","375","Control",0.117176753364686
"M","375","Control",0.144102902760508
"M","375","Control",0.111052856475116
"M","375","Control",0.0973035168890976
"M","375","Control",0.115877709929372
"M","375","Control",0.131974607723647
"M","375","Control",0.116780044330294
"M","375","Control",0.156203785177116
"M","375","Control",0.161041692894141
"M","375","Control",0.136856686908965
"M","375","Control",0.137907575108161
"M","375","Control",0.141132975319874
"M","375","Control",0.151635655282521
"M","375","Control",0.138294374584409
"M","375","Control",0.151305995421427
"M","375","Control",0.165312038718849
"M","375","Control",0.137003017077489
"M","375","Control",0.0939254399002725
"M","375","Control",0.162182960568999
"M","375","Control",0.14185734763564
"M","375","Control",0.180759382292869
"M","375","Control",0.132060494558858
"M","375","Control",0.154211053127684
"M","375","Control",0.127895067936553
"M","375","Control",0.127220527647103
"M","375","Control",0.147027408829664
"M","375","Control",0.124777835034409
"M","375","Control",0.106043161562037
"M","375","Control",0.130950967206179
"M","375","Control",0.0695221875347711
"M","375","Control",0.132435991332478
"M","375","Control",0.0989496759687385
"M","375","Control",0.148533621103424
"M","375","Control",0.157087710798085
"M","375","Control",0.137712461366721
"M","375","Control",0.147303922363383
"M","375","Control",0.0796759793288509
"M","375","Control",0.126446487066371
"M","375","Control",0.0813386848523246
"M","375","Control",0.135541602087925
"M","375","Control",0.15004419502584
"M","375","Control",0.146138207843623
"M","375","Control",0.112364505161518
"M","375","Control",0.153738787050223
"M","375","Control",0.134436109669794
"M","375","Control",0.109757878437646
"M","375","Control",0.120278518316897
"M","375","Control",0.13805898299526
"M","375","Control",0.128820209508898
"M","375","Control",0.0790348196783837
"M","375","Control",0.0959283234481018
"M","375","Control",0.130675183783832
"M","375","Control",0.0952211475380121
"M","375","Control",0.152956072782681
"M","375","Control",0.133139373162047
"M","375","Control",0.125914655398357
"M","375","Control",0.129821848479504
"M","375","Control",0.124819821349874
"M","375","Control",0.161566927943635
"M","375","Control",0.155489608321846
"M","375","Control",0.123449303129375
"M","375","Control",0.119195442146623
"M","375","Control",0.169578819404963
"M","375","Control",0.143426895475445
"M","375","Control",0.111430589253382
"M","375","Control",0.152004079702811
"M","375","Control",0.140103718156293
"M","375","Control",0.120624140570026
"M","375","Control",0.125206355452776
"M","375","Control",0.118995121876666
"M","375","Control",0.116070451258701
"M","375","Control",0.125297781649878
"M","375","Control",0.159807601137047
"M","375","Control",0.162655280891926
"M","375","Control",0.125524855822803
"M","375","Control",0.149758363744418
"M","375","Control",0.124330465438683
"M","375","Control",0.122383981918683
"M","375","Control",0.115131516800559
"M","375","Control",0.0818257055473132
"M","375","Control",0.155715096027593
"M","375","Control",0.147965020580831
"M","375","Control",0.10352798694189
"M","375","Control",0.103000558719628
"M","375","Control",0.102900162516953
"M","375","Control",0.133259327684675
"M","375","Control",0.135655129957277
"M","375","Control",0.0963218007820706
"M","375","Control",0.124561691219254
"M","375","Control",0.115333198626037
"M","375","Control",0.131371461576693
"M","375","Control",0.148858044219328
"M","375","Control",0.14617559178036
"M","375","Control",0.153412176449266
"M","375","Control",0.10086937994593
"M","375","Control",0.135114014698937
"M","375","Control",0.164519776746278
"M","375","Control",0.162882316111353
"M","375","Control",0.111884299051994
"M","375","Control",0.142975559983788
"M","375","Control",0.142623743933745
"M","375","Control",0.114350982020399
"M","375","Control",0.142313828619937
"M","375","Control",0.0931124076635658
"M","375","Control",0.117635425752323
"M","375","Control",0.101545550754835
"M","375","Control",0.107088541063458
"M","375","Control",0.140575033708917
"M","375","Control",0.117355475560561
"M","375","Control",0.108372394788646
"M","375","Control",0.104273935299479
"M","375","Control",0.130056806315302
"M","375","Control",0.140504412924898
"M","375","Control",0.160728382781234
"M","375","Control",0.130280744670456
"M","375","Control",0.129772133958665
"M","375","Control",0.116265683022802
"M","375","Control",0.131000716808386
"M","375","Control",0.118109161818242
"M","375","Control",0.152306070009024
"M","375","Control",0.130441446235952
"M","375","Control",0.158105212548434
"M","375","Control",0.128708602869455
"M","375","Control",0.141130147460832
"M","375","Control",0.118717741675378
"M","375","Control",0.109244361458117
"M","375","Control",0.118473179641479
"M","375","Control",0.132731731588567
"M","375","Control",0.134696884568629
"M","375","Control",0.0906682664797863
"M","375","Control",0.163796477525653
"M","375","Control",0.169097957946463
"M","375","Control",0.144691615573343
"M","375","Control",0.0898060801437174
"M","375","Control",0.115392970540251
"M","375","Control",0.135034954375673
"M","375","Control",0.141790203665573
"M","375","Control",0.166747362518547
"M","375","Control",0.134094532675117
"M","375","Control",0.131499746557145
"M","375","Control",0.0785476942863237
"M","375","Control",0.111626659963288
"M","375","Control",0.149754276262369
"M","375","Control",0.121184305828308
"M","375","Control",0.122158011152836
"M","375","Control",0.148758191750122
"M","375","Control",0.11545765186275
"M","375","Control",0.140971436375795
"M","375","Control",0.144408174595412
"M","375","Control",0.119441061656352
"M","375","Control",0.0958293344442638
"M","375","Control",0.124099895332192
"M","375","Control",0.11393418667153
"M","375","Control",0.149431946479021
"M","375","Control",0.147339290144691
"M","375","Control",0.144657303247925
"M","375","Control",0.116479610915872
"M","375","Control",0.121515425040743
"M","375","Control",0.120574385278977
"M","375","Control",0.144038226997769
"M","375","Control",0.0896724891044904
"M","375","Control",0.128903020923137
"M","375","Control",0.095104529703559
"M","375","Control",0.122285707246896
"M","375","Control",0.137641714807549
"M","375","Control",0.164395805439077
"M","375","Control",0.159235035843108
"M","375","Control",0.137890350308738
"M","375","Control",0.116860647680147
"M","375","Control",0.120082059774426
"M","375","Control",0.100804473394302
"M","375","Control",0.143082567533763
"M","375","Control",0.113173860080865
"M","375","Control",0.0968759625809009
"M","375","Control",0.0942762379900317
"M","375","Control",0.14196924003811
"M","375","Control",0.142891583086171
"M","375","Control",0.127778349287877
"M","375","Control",0.133133191488057
"M","375","Control",0.1346593798499
"M","375","Control",0.136577890916348
"M","375","Control",0.109721910936524
"M","375","Control",0.113390862237426
"M","375","Control",0.145634224657334
"M","375","Control",0.116594837573555
"M","375","Control",0.15863388717766
"M","375","Control",0.139030961408543
"M","375","Control",0.0994164086790691
"M","375","Control",0.123002657238158
"M","375","Control",0.135614597109515
"M","375","Control",0.157073846676196
"M","375","Control",0.121970841802625
"M","375","Control",0.144386720724408
"M","375","Control",0.134505592929013
"M","375","Control",0.138827413394116
"M","375","Control",0.139002792972972
"M","375","Control",0.138596476870063
"M","375","Control",0.167738206062396
"M","375","Control",0.121878543783943
"M","375","Control",0.130045801803839
"M","375","Control",0.143661720774099
"M","375","Control",0.146162036567505
"M","375","Control",0.137721305483483
"M","375","Control",0.144397528535263
"M","375","Control",0.124225772898069
"M","375","Control",0.128355144830017
"M","375","Control",0.138291211488068
"M","375","Control",0.138755117518012
"M","375","Control",0.133699932801726
"M","375","Control",0.124228097796133
"M","375","Control",0.124987029230572
"M","375","Control",0.119464107210154
"M","375","Control",0.157003983779119
"M","375","Control",0.161201387983295
"M","375","Control",0.105505290257859
"M","375","Control",0.136615559818649
"M","375","Control",0.110781388697074
"M","375","Control",0.130226059809026
"M","375","Control",0.0984400539924266
"M","375","Control",0.151752544275319
"M","375","Control",0.145250440345213
"M","375","Control",0.134306897929812
"M","375","Control",0.155193501739871
"M","375","Control",0.092385180281506
"M","375","Control",0.155012080672513
"M","375","Control",0.125158678115092
"M","375","Control",0.130146621700344
"M","375","Control",0.113240949995565
"M","375","Control",0.141539435062505
"M","375","Control",0.111402951175531
"M","375","Control",0.15126847293301
"M","375","Control",0.116428381119082
"M","375","Control",0.128843416594238
"M","375","Control",0.164821046481037
"M","375","Control",0.120633262510992
"M","375","Control",0.112291503672174
"M","375","Control",0.127942648747544
"M","375","Control",0.135453736575451
"M","375","Control",0.116637389083965
"M","375","Control",0.0999383856999679
"M","375","Control",0.130881151761131
"M","375","Control",0.127233392678576
"M","375","Control",0.13464631606329
"M","375","Control",0.132969203562034
"M","375","Control",0.135605424371883
"M","375","Control",0.0987387542269129
"M","375","Control",0.135249537779975
"M","375","Control",0.104089189926403
"M","375","Control",0.154705855887167
"M","375","Control",0.105520221047348
"M","375","Control",0.120411713041945
"M","375","Control",0.156424636409661
"M","375","Control",0.165148441311514
"M","375","Control",0.10997929787413
"M","375","Control",0.121552831667835
"M","375","Control",0.125476175773151
"M","375","Control",0.146042726205936
"M","375","Control",0.132004779496251
"M","375","Control",0.153806312332714
"M","375","Control",0.150178535751388
"M","375","Control",0.146280031387403
"M","375","Control",0.0880566291290614
"M","375","Control",0.156264981465619
"M","375","Control",0.147311881269096
"M","375","Control",0.0989568307044129
"M","375","Control",0.132151673441381
"M","375","Control",0.134441258022936
"M","375","Control",0.14055197954976
"M","375","Control",0.104107459080014
"M","375","Control",0.14121269985835
"M","375","Control",0.164927503726738
"M","375","Control",0.117323947610166
"M","375","Control",0.109138928756203
"M","375","Control",0.123394037159173
"M","375","Control",0.117633076809123
"M","375","Control",0.157853133321915
"M","375","Control",0.101612299372694
"M","375","Control",0.132092034776467
"M","375","Control",0.124764828831255
"M","375","Control",0.112981264956541
"M","375","Control",0.1633190569178
"M","375","Control",0.134270628039394
"M","375","Control",0.127954886806474
"M","375","Control",0.11455607059807
"M","375","Control",0.114731980494539
"M","375","Control",0.121547000975445
"M","375","Control",0.115389429664588
"M","375","Control",0.158145303335046
"M","375","Control",0.0986284582904985
"M","375","Control",0.132594475409775
"M","375","Control",0.140539322904132
"M","375","Control",0.144029131882607
"M","375","Control",0.158141607977003
"M","375","Control",0.118590125751074
"M","375","Control",0.115073630794334
"M","375","Control",0.136516394477542
"M","375","Control",0.106536030419888
"M","375","Control",0.112415886492005
"M","375","Control",0.125029151466382
"M","375","Control",0.13269341283507
"M","375","Control",0.104644074822521
"M","375","Control",0.105473232238718
"M","375","Control",0.142332684716574
"M","375","Control",0.139207458837008
"M","375","Control",0.102319161623652
"M","375","Control",0.1336808015085
"M","375","Control",0.17767717148548
"M","375","Control",0.130931978178759
"M","375","Control",0.11888489600283
"M","375","Control",0.114463039348189
"M","375","Control",0.137708654131476
"M","375","Control",0.100559105918836
"M","375","Control",0.115845842417223
"M","375","Control",0.103469774397079
"M","375","Control",0.133739309570501
"M","375","Control",0.112564749665274
"M","375","Control",0.12136922195609
"M","375","Control",0.132723281508404
"M","375","Control",0.137409835670434
"M","375","Control",0.129409367809943
"M","375","Control",0.109309284138817
"M","375","Control",0.126570186909911
"M","375","Control",0.0937463301702315
"M","375","Control",0.1508742441386
"M","375","Control",0.115756767130428
"M","375","Control",0.0965263364922375
"M","375","Control",0.105155074770154
"M","375","Control",0.117230924387117
"M","375","Control",0.100780204394919
"M","375","Control",0.102821322298783
"M","375","Control",0.145296092577592
"M","375","Control",0.130610822272769
"M","375","Control",0.0933823265154394
"M","375","Control",0.128722178399163
"M","375","Control",0.128880357987128
"M","375","Control",0.126231446354292
"M","375","Control",0.150078731223949
"M","375","Control",0.10862673522731
"M","375","Control",0.101172483011383
"M","375","Control",0.123622993872252
"M","375","Control",0.118514320311438
"M","375","Control",0.11312752658734
"M","375","Control",0.109564394476535
"M","375","Control",0.117699845839095
"M","375","Control",0.11951572859836
"M","375","Control",0.117643991804727
"M","375","Control",0.127764412026752
"M","375","Control",0.140638003900173
"M","375","Control",0.158428001190549
"M","375","Control",0.106842433610778
"M","375","Control",0.112917909787163
"M","375","Control",0.118095301785075
"M","375","Control",0.0982369370418312
"M","375","Control",0.107288123987841
"M","375","Control",0.121918960991946
"M","375","Control",0.156787837604432
"M","375","Control",0.169084811168584
"M","375","Control",0.109488563980448
"M","375","Control",0.162164308613949
"M","375","Control",0.13909840466895
"M","375","Control",0.0971833636292517
"M","375","Control",0.173982130836778
"M","375","Control",0.142202253935146
"M","375","Control",0.0751979023735695
"M","375","Control",0.146360278492406
"M","375","Control",0.135323595026998
"M","375","Control",0.135709777421698
"M","375","Control",0.138273219562824
"M","375","Control",0.119265680322552
"M","375","Control",0.118539519637571
"M","375","Control",0.114166324532282
"M","375","Control",0.12540935840718
"M","375","Control",0.150521178703038
"M","375","Control",0.115824823859166
"M","375","Control",0.132393454607312
"M","375","Control",0.141105649879853
"M","375","Control",0.134262467749944
"M","375","Control",0.105850831935277
"M","375","Control",0.0889005763882276
"M","375","Control",0.128658644127132
"M","375","Control",0.117494244283396
"M","375","Control",0.115414024718663
"M","375","Control",0.106480583973507
"M","375","Control",0.0947182754241537
"M","375","Control",0.132563479214652
"M","375","Control",0.157284715174857
"M","375","Control",0.0989259246842186
"M","375","Control",0.14891504292364
"M","375","Control",0.126463431081313
"M","375","Control",0.149346667313027
"M","375","Control",0.155450735288496
"M","375","Control",0.118119094865118
"M","375","Control",0.136068432342283
"M","375","Control",0.1344723961146
"M","375","Control",0.128290461859461
"M","375","Control",0.129858925443128
"M","375","Control",0.107416689602021
"M","375","Control",0.157720176460165
"M","375","Control",0.140953559516635
"M","375","Control",0.152528596487937
"M","375","Control",0.113120333982496
"M","375","Control",0.131731920721472
"M","375","Control",0.141615641368198
"M","375","Control",0.0992886751908702
"M","375","Control",0.174121640576999
"M","375","Control",0.0809917871547697
"M","375","Control",0.135309738736602
"M","375","Control",0.104645675928053
"M","375","Control",0.136112060949468
"M","375","Control",0.10549226246273
"M","375","Control",0.153363527151081
"M","375","Control",0.122505277170534
"M","375","Control",0.164858089487163
"M","375","Control",0.141794739432319
"M","375","Control",0.114193068376898
"M","375","Control",0.127723906354524
"M","375","Control",0.132386822033639
"M","375","Control",0.103868093196838
"M","375","Control",0.134268210827925
"M","375","Control",0.149025073422538
"M","375","Control",0.121144418000581
"M","375","Control",0.143448049401255
"M","375","Control",0.124113516726454
"M","375","Control",0.165816573857697
"M","375","Control",0.138290169060559
"M","375","Control",0.134258049606886
"M","375","Control",0.12563189110709
"M","375","Control",0.112015541779443
"M","375","Control",0.161275946377873
"M","375","Control",0.129471596268035
"M","375","Control",0.140845944956555
"M","375","Rotenone",0.0851078990214831
"M","375","Rotenone",0.128782003662095
"M","375","Rotenone",0.0754078032869495
"M","375","Rotenone",0.0654068519575745
"M","375","Rotenone",0.0647688439444681
"M","375","Rotenone",0.0892280766573573
"M","375","Rotenone",0.0476061633526647
"M","375","Rotenone",0.0933340894149448
"M","375","Rotenone",0.076278848831712
"M","375","Rotenone",0.0916143674691411
"M","375","Rotenone",0.109077680526768
"M","375","Rotenone",0.103430216652059
"M","375","Rotenone",0.0603109593023289
"M","375","Rotenone",0.0751784628082758
"M","375","Rotenone",0.103849601470875
"M","375","Rotenone",0.0772164179916863
"M","375","Rotenone",0.0776013319183686
"M","375","Rotenone",0.0894667783941673
"M","375","Rotenone",0.0851368049307549
"M","375","Rotenone",0.0993090500942202
"M","375","Rotenone",0.0778567495014667
"M","375","Rotenone",0.0849734743897255
"M","375","Rotenone",0.0938034395231991
"M","375","Rotenone",0.0692988591893269
"M","375","Rotenone",0.0895005233897189
"M","375","Rotenone",0.089495241879048
"M","375","Rotenone",0.0988014668585217
"M","375","Rotenone",0.0982890617151657
"M","375","Rotenone",0.0977633889616552
"M","375","Rotenone",0.0894064907189022
"M","375","Rotenone",0.0763548391818692
"M","375","Rotenone",0.064545102898567
"M","375","Rotenone",0.0969745758322885
"M","375","Rotenone",0.102455631270464
"M","375","Rotenone",0.10253568059264
"M","375","Rotenone",0.0776799181652069
"M","375","Rotenone",0.0740680924157016
"M","375","Rotenone",0.123172461471492
"M","375","Rotenone",0.0862109032102076
"M","375","Rotenone",0.0810991202685164
"M","375","Rotenone",0.0699419345063923
"M","375","Rotenone",0.0863116263159858
"M","375","Rotenone",0.0778894094871182
"M","375","Rotenone",0.0915339051517291
"M","375","Rotenone",0.113177082817653
"M","375","Rotenone",0.115611656045124
"M","375","Rotenone",0.115565823051461
"M","375","Rotenone",0.105718453041606
"M","375","Rotenone",0.083426694715682
"M","375","Rotenone",0.0957211375568344
"M","375","Rotenone",0.0634901876606255
"M","375","Rotenone",0.1070298651482
"M","375","Rotenone",0.0662265957324547
"M","375","Rotenone",0.114543199274542
"M","375","Rotenone",0.0675429120061244
"M","375","Rotenone",0.0842997299343455
"M","375","Rotenone",0.0776245121496887
"M","375","Rotenone",0.0909978953757234
"M","375","Rotenone",0.0917745808818396
"M","375","Rotenone",0.0990534486151073
"M","375","Rotenone",0.083926712214424
"M","375","Rotenone",0.0767778979544359
"M","375","Rotenone",0.0969650890470373
"M","375","Rotenone",0.0855273866092886
"M","375","Rotenone",0.0903094662170039
"M","375","Rotenone",0.0774981809528077
"M","375","Rotenone",0.0932800068407112
"M","375","Rotenone",0.101727528256807
"M","375","Rotenone",0.118219955025658
"M","375","Rotenone",0.0758446900046143
"M","375","Rotenone",0.0933351478951542
"M","375","Rotenone",0.0874559790450954
"M","375","Rotenone",0.113980897938439
"M","375","Rotenone",0.04391877593233
"M","375","Rotenone",0.064999134752672
"M","375","Rotenone",0.0982708166060154
"M","375","Rotenone",0.103918649310083
"M","375","Rotenone",0.0649468390029864
"M","375","Rotenone",0.0829051332862745
"M","375","Rotenone",0.090727454133533
"M","375","Rotenone",0.0491912392923153
"M","375","Rotenone",0.0638168356223914
"M","375","Rotenone",0.108176362713009
"M","375","Rotenone",0.108132570118588
"M","375","Rotenone",0.0843472703340539
"M","375","Rotenone",0.0769789501540961
"M","375","Rotenone",0.0746658333672478
"M","375","Rotenone",0.0650893707962097
"M","375","Rotenone",0.0923478751725006
"M","375","Rotenone",0.118195809849871
"M","375","Rotenone",0.0745848839771492
"M","375","Rotenone",0.078996412723434
"M","375","Rotenone",0.106153233105865
"M","375","Rotenone",0.0685985110329933
"M","375","Rotenone",0.123088359209251
"M","375","Rotenone",0.0803140088609078
"M","375","Rotenone",0.116144654731607
"M","375","Rotenone",0.0742908651240875
"M","375","Rotenone",0.0788369349452584
"M","375","Rotenone",0.0898085946953711
"M","375","Rotenone",0.120801173403912
"M","375","Rotenone",0.0650509457764333
"M","375","Rotenone",0.0656359363989508
"M","375","Rotenone",0.0909425912162387
"M","375","Rotenone",0.091563616581191
"M","375","Rotenone",0.089193539000408
"M","375","Rotenone",0.0838926061021166
"M","375","Rotenone",0.0956079824285967
"M","375","Rotenone",0.104862939231264
"M","375","Rotenone",0.100169590097545
"M","375","Rotenone",0.0795575040866041
"M","375","Rotenone",0.104456112508066
"M","375","Rotenone",0.0925839031246402
"M","375","Rotenone",0.106334414660278
"M","375","Rotenone",0.0991751622850208
"M","375","Rotenone",0.116904687087413
"M","375","Rotenone",0.0984192298774674
"M","375","Rotenone",0.0854491435778037
"M","375","Rotenone",0.0712369780532847
"M","375","Rotenone",0.111537442144411
"M","375","Rotenone",0.0924776189058715
"M","375","Rotenone",0.103140459429712
"M","375","Rotenone",0.0842042915085319
"M","375","Rotenone",0.0608280724840519
"M","375","Rotenone",0.0900032041027867
"M","375","Rotenone",0.069584902526894
"M","375","Rotenone",0.0988543635230123
"M","375","Rotenone",0.0766033461785244
"M","375","Rotenone",0.108389969640951
"M","375","Rotenone",0.0933026814122756
"M","375","Rotenone",0.100509887510252
"M","375","Rotenone",0.0809006111725896
"M","375","Rotenone",0.0872640501015075
"M","375","Rotenone",0.0879445666338276
"M","375","Rotenone",0.0571005266875412
"M","375","Rotenone",0.113193813617195
"M","375","Rotenone",0.103703027559296
"M","375","Rotenone",0.0814725804490433
"M","375","Rotenone",0.117347843354026
"M","375","Rotenone",0.0845132233344913
"M","375","Rotenone",0.0613426002435388
"M","375","Rotenone",0.1095643934602
"M","375","Rotenone",0.080723736124851
"M","375","Rotenone",0.0985873470153209
"M","375","Rotenone",0.111682540183472
"M","375","Rotenone",0.0786643366909217
"M","375","Rotenone",0.0742301430750091
"M","375","Rotenone",0.0622523762587458
"M","375","Rotenone",0.0821071320876996
"M","375","Rotenone",0.114940523278396
"M","375","Rotenone",0.100648362938791
"M","375","Rotenone",0.107471290697276
"M","375","Rotenone",0.0780096053149943
"M","375","Rotenone",0.0983406296918986
"M","375","Rotenone",0.0786356971526688
"M","375","Rotenone",0.11550805005521
"M","375","Rotenone",0.0718790704108219
"M","375","Rotenone",0.105970945651696
"M","375","Rotenone",0.088095528429862
"M","375","Rotenone",0.114535644991909
"M","375","Rotenone",0.0769995100236858
"M","375","Rotenone",0.0752381017883736
"M","375","Rotenone",0.0928673975479908
"M","375","Rotenone",0.0862926517394921
"M","375","Rotenone",0.105724059128521
"M","375","Rotenone",0.112181289929008
"M","375","Rotenone",0.0974604418930634
"M","375","Rotenone",0.0854797136325638
"M","375","Rotenone",0.0847987336025602
"M","375","Rotenone",0.0737431040439208
"M","375","Rotenone",0.0669526422046346
"M","375","Rotenone",0.0798808351200423
"M","375","Rotenone",0.0921358336009204
"M","375","Rotenone",0.0995506487739763
"M","375","Rotenone",0.0772567921941937
"M","375","Rotenone",0.0759474102016929
"M","375","Rotenone",0.0906197790379435
"M","375","Rotenone",0.0510488590622888
"M","375","Rotenone",0.106078347549663
"M","375","Rotenone",0.0788229566517196
"M","375","Rotenone",0.0794122549100306
"M","375","Rotenone",0.0801294189217832
"M","375","Rotenone",0.0993629795649763
"M","375","Rotenone",0.0782944927753417
"M","375","Rotenone",0.107032217932929
"M","375","Rotenone",0.0917640494862618
"M","375","Rotenone",0.106810699271322
"M","375","Rotenone",0.0889334537834156
"M","375","Rotenone",0.0690051819689829
"M","375","Rotenone",0.100601564902712
"M","375","Rotenone",0.0665162456037253
"M","375","Rotenone",0.0808790817460499
"M","375","Rotenone",0.111066069379223
"M","375","Rotenone",0.0994079331315977
"M","375","Rotenone",0.100938362634255
"M","375","Rotenone",0.0894900841766489
"M","375","Rotenone",0.0932265807556327
"M","375","Rotenone",0.0696538793378067
"M","375","Rotenone",0.104128279633635
"M","375","Rotenone",0.0694432615775756
"M","375","Rotenone",0.115759198895743
"M","375","Rotenone",0.0788256937065374
"M","375","Rotenone",0.0737653599456565
"M","375","Rotenone",0.0823278622302576
"M","375","Rotenone",0.0978665962133983
"M","375","Rotenone",0.0989072034819751
"M","375","Rotenone",0.0941128309086734
"M","375","Rotenone",0.0615937510733711
"M","375","Rotenone",0.085912759641858
"M","375","Rotenone",0.0870958416537128
"M","375","Rotenone",0.104197842062669
"M","375","Rotenone",0.108820751107025
"M","375","Rotenone",0.0599565945053354
"M","375","Rotenone",0.0963853225939475
"M","375","Rotenone",0.0845659850934279
"M","375","Rotenone",0.0990715844149177
"M","375","Rotenone",0.0690524760149969
"M","375","Rotenone",0.10120801870938
"M","375","Rotenone",0.120087819535014
"M","375","Rotenone",0.0951081047971187
"M","375","Rotenone",0.0985824143100616
"M","375","Rotenone",0.0742032307973472
"M","375","Rotenone",0.116105912018565
"M","375","Rotenone",0.0825335082419797
"M","375","Rotenone",0.0683521731026289
"M","375","Rotenone",0.0813866575818344
"M","375","Rotenone",0.100370371117218
"M","375","Rotenone",0.107425329935477
"M","375","Rotenone",0.0877454630950528
"M","375","Rotenone",0.113469404034792
"M","375","Rotenone",0.101589444830075
"M","375","Rotenone",0.102366147927407
"M","375","Rotenone",0.0994891334074483
"M","375","Rotenone",0.0887844664395747
"M","375","Rotenone",0.106088527512813
"M","375","Rotenone",0.0756585373741656
"M","375","Rotenone",0.0734904974635474
"M","375","Rotenone",0.104570056837863
"M","375","Rotenone",0.109844227970309
"M","375","Rotenone",0.10125546481481
"M","375","Rotenone",0.0957902269485781
"M","375","Rotenone",0.0950194567385167
"M","375","Rotenone",0.0892270335022421
"M","375","Rotenone",0.0853007165163423
"M","375","Rotenone",0.0645958368020225
"M","375","Rotenone",0.100782408352209
"M","375","Rotenone",0.0681106358665235
"M","375","Rotenone",0.0806208187972245
"M","375","Rotenone",0.114201261101508
"M","375","Rotenone",0.0983159870736773
"M","375","Rotenone",0.0644463702993517
"M","375","Rotenone",0.0752453018907095
"M","375","Rotenone",0.107058376419946
"M","375","Rotenone",0.0833526217302234
"M","375","Rotenone",0.0718051342040383
"M","375","Rotenone",0.1040350402779
"M","375","Rotenone",0.0873842758482332
"M","375","Rotenone",0.119468380278068
"M","375","Rotenone",0.075773951897177
"M","375","Rotenone",0.0822241461441983
"M","375","Rotenone",0.0524077022334813
"M","375","Rotenone",0.130608606576026
"M","375","Rotenone",0.0914595660508489
"M","375","Rotenone",0.111914654032044
"M","375","Rotenone",0.0918154950603941
"M","375","Rotenone",0.0870692662189936
"M","375","Rotenone",0.0998708621630961
"M","375","Rotenone",0.0938059604510276
"M","375","Rotenone",0.0983508696905966
"M","375","Rotenone",0.112337040662363
"M","375","Rotenone",0.106403191907599
"M","375","Rotenone",0.0902196563429156
"M","375","Rotenone",0.0824778557541306
"M","375","Rotenone",0.0769146788703631
"M","375","Rotenone",0.10289375344475
"M","375","Rotenone",0.126286232431973
"M","375","Rotenone",0.108353748579886
"M","375","Rotenone",0.0795802756805025
"M","375","Rotenone",0.0709162734742451
"M","375","Rotenone",0.0851931803885009
"M","375","Rotenone",0.0672996319782289
"M","375","Rotenone",0.0714078643112534
"M","375","Rotenone",0.0655148165979718
"M","375","Rotenone",0.062188407362001
"M","375","Rotenone",0.079407511792417
"M","375","Rotenone",0.0691757245116597
"M","375","Rotenone",0.0485341552573559
"M","375","Rotenone",0.0931408230702245
"M","375","Rotenone",0.10430794153132
"M","375","Rotenone",0.0907675621070331
"M","375","Rotenone",0.104601602640002
"M","375","Rotenone",0.0967036811321278
"M","375","Rotenone",0.101846735193141
"M","375","Rotenone",0.0977000847588373
"M","375","Rotenone",0.0953207377234484
"M","375","Rotenone",0.0952156097569144
"M","375","Rotenone",0.110565630632217
"M","375","Rotenone",0.0926577045740345
"M","375","Rotenone",0.0754695634431125
"M","375","Rotenone",0.0723186719236695
"M","375","Rotenone",0.115276189850504
"M","375","Rotenone",0.0780684825756029
"M","375","Rotenone",0.0871566226864353
"M","375","Rotenone",0.105073813036414
"M","375","Rotenone",0.091012881298613
"M","375","Rotenone",0.0863307706153244
"M","375","Rotenone",0.0696501429009737
"M","375","Rotenone",0.0879980702149604
"M","375","Rotenone",0.0686787298469156
"M","375","Rotenone",0.115436769949076
"M","375","Rotenone",0.0665796275249706
"M","375","Rotenone",0.0923552370055286
"M","375","Rotenone",0.0667735922203429
"M","375","Rotenone",0.119980579776252
"M","375","Rotenone",0.0975811684398786
"M","375","Rotenone",0.0763126450721505
"M","375","Rotenone",0.080537764019367
"M","375","Rotenone",0.0893792940232828
"M","375","Rotenone",0.0854857471895736
"M","375","Rotenone",0.059515138021891
"M","375","Rotenone",0.0863053977308064
"M","375","Rotenone",0.1197585143503
"M","375","Rotenone",0.0655129569574622
"M","375","Rotenone",0.0954475762769569
"M","375","Rotenone",0.110804988682496
"M","375","Rotenone",0.113118067598942
"M","375","Rotenone",0.0817002376526409
"M","375","Rotenone",0.0961530076050912
"M","375","Rotenone",0.0804665110392093
"M","375","Rotenone",0.100615912089525
"M","375","Rotenone",0.0888451279835567
"M","375","Rotenone",0.0928523472521527
"M","375","Rotenone",0.0831752870279036
"M","375","Rotenone",0.084121297528587
"M","375","Rotenone",0.0718442545742285
"M","375","Rotenone",0.10299977647076
"M","375","Rotenone",0.0812260597283157
"M","375","Rotenone",0.0773808237445552
"M","375","Rotenone",0.117187739302969
"M","375","Rotenone",0.0954479495955987
"M","375","Rotenone",0.106352340418907
"M","375","Rotenone",0.0872047090635556
"M","375","Rotenone",0.0641722212589205
"M","375","Rotenone",0.0874289796936573
"M","375","Rotenone",0.0790726030127995
"M","375","Rotenone",0.0907810991642132
"M","375","Rotenone",0.0620331251668428
"M","375","Rotenone",0.0844526257923176
"M","375","Rotenone",0.10946170125212
"M","375","Rotenone",0.0879059801668377
"M","375","Rotenone",0.0989159573229142
"M","375","Rotenone",0.0995722307168108
"M","375","Rotenone",0.105203357049144
"M","375","Rotenone",0.0963093730433637
"M","375","Rotenone",0.0773313599084037
"M","375","Rotenone",0.0934137255931951
"M","375","Rotenone",0.114385301186139
"M","375","Rotenone",0.0986628157370443
"M","375","Rotenone",0.0927719388994473
"M","375","Rotenone",0.0931515397085229
"M","375","Rotenone",0.120980795172852
"M","375","Rotenone",0.0725495774082108
"M","375","Rotenone",0.0682644783736058
"M","375","Rotenone",0.0869926665525741
"M","375","Rotenone",0.0921980837681167
"M","375","Rotenone",0.0656104555667953
"M","375","Rotenone",0.111394391190118
"M","375","Rotenone",0.0816211812185706
"M","375","Rotenone",0.0953640676451161
"M","375","Rotenone",0.0873743389894632
"M","375","Rotenone",0.0993611070666606
"M","375","Rotenone",0.0843998804771671
"M","375","Rotenone",0.10460100654433
"M","375","Rotenone",0.0965769372675806
"M","375","Rotenone",0.0700029265120126
"M","375","Rotenone",0.0690788052961483
"M","375","Rotenone",0.0677691329777024
"M","375","Rotenone",0.0793512867951708
"M","375","Rotenone",0.100216655762624
"M","375","Rotenone",0.07931891762126
"M","375","Rotenone",0.0797263756894567
"M","375","Rotenone",0.0778583618960879
"M","375","Rotenone",0.104624296108
"M","375","Rotenone",0.0869601107277418
"M","375","Rotenone",0.0767945988060943
"M","375","Rotenone",0.0882674757890017
"M","375","Rotenone",0.119304949917722
"M","375","Rotenone",0.0936964967061404
"M","375","Rotenone",0.0813847098600752
"M","375","Rotenone",0.0959156932189466
"M","375","Rotenone",0.0710019584302244
"M","375","Rotenone",0.0471485098778753
"M","375","Rotenone",0.11660906793656
"M","375","Rotenone",0.102448844012002
"M","375","Rotenone",0.0738288464574297
"M","375","Rotenone",0.114578439767036
"M","375","Rotenone",0.0598626784097974
"M","375","Rotenone",0.0739710297122017
"M","375","Rotenone",0.107038304794848
"M","375","Rotenone",0.0995203864064765
"M","375","Rotenone",0.120006852239576
"M","375","Rotenone",0.0988164772072179
"M","375","Rotenone",0.099916143660342
"M","375","Rotenone",0.0745812101500186
"M","375","Rotenone",0.0541562976187368
"M","375","Rotenone",0.0889424088413138
"M","375","Rotenone",0.0965015196654132
"M","375","Rotenone",0.0768924678633358
"M","375","Rotenone",0.109025503444883
"M","375","Rotenone",0.0735894970074562
"M","375","Rotenone",0.10011913017716
"M","375","Rotenone",0.0813181186358034
"M","375","Rotenone",0.0986931300519918
"M","375","Rotenone",0.0442681936128752
"M","375","Rotenone",0.0701202674574834
"M","375","Rotenone",0.106401831525913
"M","375","Rotenone",0.0981155240247987
"M","375","Rotenone",0.0889086380016671
"M","375","Rotenone",0.0972136984407422
"M","375","Rotenone",0.092557401318329
"M","375","Rotenone",0.0933764683697445
"M","375","Rotenone",0.0949193739337698
"M","375","Rotenone",0.0952826082882848
"M","375","Rotenone",0.0903833824305997
"M","375","Rotenone",0.0759812906100279
"M","375","Rotenone",0.0806236778617438
"M","375","Rotenone",0.0960873764243539
"M","375","Rotenone",0.112706718697023
"M","375","Rotenone",0.0954223213969407
"M","375","Rotenone",0.0734142641976228
"M","375","Rotenone",0.117182318251011
"M","375","Rotenone",0.105430316569785
"M","375","Rotenone",0.102451074412145
"M","375","Rotenone",0.0616828590662052
"M","375","Rotenone",0.106771895125123
"M","375","Rotenone",0.0844831857185049
"M","375","Rotenone",0.0857621141552956
"M","375","Rotenone",0.0768774746307994
"M","375","Rotenone",0.0811119580307825
"M","375","Rotenone",0.0896684891410645
"M","375","Rotenone",0.0876319271276029
"M","375","Rotenone",0.0848668092611101
"M","375","Rotenone",0.0851915245338419
"M","375","Rotenone",0.105619155250077
"M","375","Rotenone",0.0784920753506893
"M","375","Rotenone",0.0535018046870118
"M","375","Rotenone",0.0847627078752707
"M","375","Rotenone",0.0704814018751691
"M","375","Rotenone",0.0853769331724711
"M","375","Rotenone",0.0588334120939046
"M","375","Rotenone",0.103508389104821
"M","375","Rotenone",0.0928812022270241
"M","375","Rotenone",0.0527194744987472
"M","375","Rotenone",0.102706751933722
"M","375","Rotenone",0.0968108504823065
"M","375","Rotenone",0.0965701603596806
"M","375","Rotenone",0.112643439262023
"M","375","Rotenone",0.104748386189738
"M","375","Rotenone",0.0838953472251079
"M","375","Rotenone",0.088875070805771
"M","375","Rotenone",0.0786527785169191
"M","375","Rotenone",0.0910988462778898
"M","375","Rotenone",0.100510331868051
"M","375","Rotenone",0.0686521682864917
"M","375","Rotenone",0.079564133424976
"M","375","Rotenone",0.0983180427423468
"M","375","Rotenone",0.0896735939459168
"M","375","Rotenone",0.109753313321148
"M","375","Rotenone",0.0932970543165868
"M","375","Rotenone",0.0699884642994726
"M","375","Rotenone",0.0906646080048161
"M","375","Rotenone",0.0802140889505016
"M","375","Rotenone",0.0700673583606806
"M","375","Rotenone",0.0995070074352056
"M","375","Rotenone",0.0724104869944249
"M","375","Rotenone",0.0952637737009911
"M","375","Rotenone",0.0967860682120996
"M","375","Rotenone",0.0846186222980333
"M","375","Rotenone",0.084342441381855
"M","375","Rotenone",0.0716140121613497
"M","375","Rotenone",0.0906114226507456
"M","375","Rotenone",0.0791300178350753
"M","375","Rotenone",0.077921565365045
"M","375","Rotenone",0.0759679549006916
"M","375","Rotenone",0.10689456830061
"M","375","Rotenone",0.0920397898726875
"M","375","Rotenone",0.060068139925873
"M","375","Rotenone",0.100454657479186
"M","375","Rotenone",0.07644225295989
"M","375","Rotenone",0.122815404174143
"M","375","Rotenone",0.0909994452285838
"M","375","Rotenone",0.082383667766399
"M","375","Rotenone",0.119773194493487
"M","375","Rotenone",0.0871226050538257
"M","375","Rotenone",0.0803574683613398
"M","375","Rotenone",0.0728006765285891
"M","375","Rotenone",0.0676534240051424
"M","375","Rotenone",0.109217615988977
"M","375","Rotenone",0.0986458300305238
"M","375","Rotenone",0.0882233531715605
"M","375","Rotenone",0.0785859718068068
"M","375","Rotenone",0.089204540934915
"M","375","Rotenone",0.0895224746180407
"M","375","Rotenone",0.095310081501408
"M","375","Rotenone",0.061523610498035
"M","375","Rotenone",0.111588393752149
"M","375","Rotenone",0.0724044973747067
"M","375","Rotenone",0.0764057042004246
"M","375","Rotenone",0.0655494785543943
"M","375","Rotenone",0.0685337339219907
"M","375","Rotenone",0.0666165768862141
"M","375","Rotenone",0.109558255645352
"M","375","Rotenone",0.1039361698229
"M","375","Rotenone",0.0608455460191976
"M","375","Rotenone",0.0695417418786725
"M","375","Rotenone",0.0826419317015568
"M","375","Rotenone",0.0959127474504661
"M","375","Rotenone",0.114489719682847
"M","375","Rotenone",0.0924004309890337
"M","375","Rotenone",0.0696733636083844
"M","375","Rotenone",0.0853358736159238
"M","375","Rotenone",0.0814335328717737
"M","375","Rotenone",0.086412760553347
"M","375","Rotenone",0.0922062532742903
"M","375","Rotenone",0.0831114799181754
"M","375","Rotenone",0.0963624567325442
"M","375","Rotenone",0.0922063611017417
"M","375","Rotenone",0.102531184129242
"M","375","Rotenone",0.0683571500454135
"M","375","Rotenone",0.0983180008086379
"M","375","Rotenone",0.0989926824480311
"M","375","Rotenone",0.0925511802241118
"M","375","Rotenone",0.0784455259487093
"M","375","Rotenone",0.0852678557251255
"M","375","Rotenone",0.0828436237000318
"M","375","Rotenone",0.104469342723765
"M","375","Rotenone",0.0865427723970396
"M","375","Rotenone",0.0824951923411434
"M","375","Rotenone",0.0962838601651386
"M","375","Rotenone",0.0785800730266519
"M","375","Rotenone",0.0783416154115684
"M","375","Rotenone",0.0949021378345693
"M","375","Rotenone",0.10485059848105
"M","375","Rotenone",0.117946312929084
"M","375","Rotenone",0.0958876254596902
"M","375","Rotenone",0.0904407182654067
"M","375","Rotenone",0.0790629396628699
"M","375","Rotenone",0.0802003912395974
"M","375","Rotenone",0.0980545591555582
"M","375","Rotenone",0.0983553529288388
"M","375","Rotenone",0.0971084366924618
"M","375","Rotenone",0.0549387823583477
"M","375","Rotenone",0.0667241543951413
"M","375","Rotenone",0.0942132798865665
"M","375","Rotenone",0.0920509711474721
"M","375","Rotenone",0.0681725250670452
"M","375","Rotenone",0.106818607473951
"M","375","Rotenone",0.100954307146966
"M","375","Rotenone",0.0878837702505217
"M","375","Rotenone",0.0731228044498126
"M","375","Rotenone",0.107176738060259
"M","375","Rotenone",0.078421944761293
"M","375","Rotenone",0.0769870603693084
"M","375","Rotenone",0.0537494454492312
"M","375","Rotenone",0.0984308204600023
"M","375","Rotenone",0.114411425482384
"M","375","Rotenone",0.0862632529885752
"M","375","Rotenone",0.0779953432498345
"M","375","Rotenone",0.0779741099152336
"M","375","Rotenone",0.0678221625677653
"M","375","Rotenone",0.0558310532248801
"M","375","Rotenone",0.0693399642559056
"M","375","Rotenone",0.106040411480556
"M","375","Rotenone",0.0686330214185323
"M","375","Rotenone",0.0659563262577713
"M","375","Rotenone",0.0831037315591801
"M","375","Rotenone",0.0890947260055365
"M","375","Rotenone",0.0750238667605702
"M","375","Rotenone",0.10274995200475
"M","375","Rotenone",0.0643354804331272
"M","375","Rotenone",0.114458911553482
"M","375","Rotenone",0.0675725907409785
"M","375","Rotenone",0.0902634693525575
"M","375","Rotenone",0.0706779564385335
"M","375","Rotenone",0.0782132354676966
"M","375","Rotenone",0.0769422334398071
"M","375","Rotenone",0.0669198721561132
"M","375","Rotenone",0.0688751207457344
"M","375","Rotenone",0.0888724530809858
"M","375","Rotenone",0.0832174844298597
"M","375","Rotenone",0.0924348303370602
"M","375","Rotenone",0.066914972584759
"M","375","Rotenone",0.0810703648847226
"M","375","Rotenone",0.0714902548936215
"M","375","Rotenone",0.0575312189559257
"M","375","Rotenone",0.0963764197318935
"M","375","Rotenone",0.0744958628944982
"M","375","Rotenone",0.0721361504234915
"M","375","Rotenone",0.094606921859378
"M","375","Rotenone",0.0843820345908739
"M","375","Rotenone",0.0842468091167788
"M","375","Rotenone",0.0841187118321766
"M","375","Rotenone",0.0865839768474373
"M","375","Rotenone",0.0583172640884165
"M","375","Rotenone",0.0783493071547496
"M","375","Rotenone",0.101616983785936
"M","375","Rotenone",0.11459295101987
"M","375","Rotenone",0.0865566352164081
"M","375","Rotenone",0.0760068391550619
"M","375","Rotenone",0.0807403856101673
"M","375","Rotenone",0.0742881394735194
"M","375","Rotenone",0.101932722528077
"M","375","Rotenone",0.111603935077699
"M","375","Rotenone",0.0747734510486518
"M","375","Rotenone",0.0447391123532219
"M","375","Rotenone",0.0706245837789216
"M","375","Rotenone",0.066789261563721
"M","375","Rotenone",0.0859886400844456
"M","375","Rotenone",0.115177628557013
"M","375","Rotenone",0.100049647598879
"M","375","Rotenone",0.0732373861934527
"M","375","Rotenone",0.077046803349307
"M","375","Rotenone",0.0707718809282055
"M","375","Rotenone",0.0838446403495805
"M","375","Rotenone",0.0896540614986983
"M","375","Rotenone",0.0952754961222478
"M","375","Rotenone",0.0932843078590499
"M","375","Rotenone",0.0860711305567704
"M","375","Rotenone",0.0963523292591372
"M","375","Rotenone",0.0876079161873558
"M","375","Rotenone",0.0856938699859462
"M","375","Rotenone",0.0928147759827177
"M","375","Rotenone",0.0694572955498128
"M","375","Rotenone",0.0994728733307681
"M","375","Rotenone",0.0741250908983612
"M","375","Rotenone",0.0973863151261728
"M","375","Rotenone",0.0574208787862512
"M","375","Rotenone",0.0682759875279277
"M","375","Rotenone",0.0801346412687601
"M","375","Rotenone",0.117219782082082
"M","375","Rotenone",0.0751839800482225
"M","375","Rotenone",0.0747693688867233
"M","375","Rotenone",0.0955507067812103
"M","375","Rotenone",0.106095256837011
"M","375","Rotenone",0.0777526643588903
"M","375","Rotenone",0.0781499384160699
"M","375","Rotenone",0.0841347693308385
"M","375","Rotenone",0.0810529028286735
"M","375","Rotenone",0.107724170175262
"M","375","Rotenone",0.112691557055293
"M","375","Rotenone",0.113183689268567
"M","375","Rotenone",0.0863660184747869
"M","375","Rotenone",0.0966743415970066
"M","375","Rotenone",0.0698543052352259
"M","375","Rotenone",0.0842827215639757
"M","375","Rotenone",0.0830346469601323
"M","375","Rotenone",0.0939258478030455
"M","375","Rotenone",0.0873800233073597
"M","375","Rotenone",0.0616449153197789
"M","375","Rotenone",0.0817043426777693
"M","375","Rotenone",0.104059719725974
"M","375","Rotenone",0.0899929699102508
"M","375","Rotenone",0.092626881394253
"M","375","Rotenone",0.076848291501051
"M","375","Rotenone",0.0952995265032833
"M","375","Rotenone",0.093710069974711
"M","375","Rotenone",0.0984822828009646
"M","375","Rotenone",0.108489902312957
"M","375","Rotenone",0.0642851148985672
"M","375","Rotenone",0.0654403806103231
"M","375","Rotenone",0.101878871163604
"M","375","Rotenone",0.0724984667309297
"M","375","Rotenone",0.0791318049785323
"M","375","Rotenone",0.117916706405803
"M","375","Rotenone",0.0989184167720397
"M","375","Rotenone",0.0994763989684942
"M","375","Rotenone",0.106150732375205
"M","375","Rotenone",0.0894346150885942
"M","375","Rotenone",0.0656664722743266
"M","375","Rotenone",0.0834770149566465
"M","375","Rotenone",0.0794912599295429
"M","375","Rotenone",0.0796691802285414
"M","375","Rotenone",0.06617283644876
"M","375","Rotenone",0.102679554194327
"M","375","Rotenone",0.0726563945373187
"M","375","Rotenone",0.0791764300398634
"M","375","Rotenone",0.081487368544749
"M","375","Rotenone",0.0966332852269952
"M","375","Rotenone",0.0739174104488318
"M","375","Rotenone",0.100743502504242
"M","375","Rotenone",0.0865520104053679
"M","375","Rotenone",0.102139286866374
"M","375","Rotenone",0.096386490914943
"M","375","Rotenone",0.085229906067121
"M","375","Rotenone",0.106877922006795
"M","375","Rotenone",0.0686149975966525
"M","375","Rotenone",0.0946007812998083
"M","375","Rotenone",0.0732392477390423
"M","375","Rotenone",0.0866768891030596
"M","375","Rotenone",0.0728619228663066
"M","375","Rotenone",0.0871816461117078
"M","375","Rotenone",0.0788177431486001
"M","375","Rotenone",0.0821713584064713
"M","375","Rotenone",0.0884573857331469
"M","375","Rotenone",0.0865207397887401
"M","375","Rotenone",0.0985796998138579
"M","375","Rotenone",0.0906680351916549
"M","375","Rotenone",0.0645858145010427
"M","375","Rotenone",0.0823031968331594
"M","375","Rotenone",0.0899750218894024
"M","375","Rotenone",0.0839256120504119
"M","375","Rotenone",0.0507094734487252
"M","375","Rotenone",0.108196765279749
"M","375","Rotenone",0.11112541899679
"M","375","Rotenone",0.0683423588512971
"M","375","Rotenone",0.0804017440838971
"M","375","Rotenone",0.0962207894341577
"M","375","Rotenone",0.107099493243919
"M","375","Rotenone",0.10544499050008
"M","375","Rotenone",0.109852675743135
"M","375","Rotenone",0.0670238065188603
"M","375","Rotenone",0.117782375305275
"M","375","Rotenone",0.081778050868427
"M","375","Rotenone",0.0738928995123343
"M","375","Rotenone",0.0959232752455318
"M","375","Rotenone",0.0639345915533887
"M","375","Rotenone",0.0902764829203487
"M","375","Rotenone",0.0763780259705775
"M","375","Rotenone",0.0730260452110623
"M","375","Rotenone",0.0907175420966976
"M","375","Rotenone",0.0854335059801656
"M","375","Rotenone",0.110933177509755
"M","375","Rotenone",0.11692754404995
"M","375","Rotenone",0.099660130801515
"M","375","Rotenone",0.0900906683009497
"M","375","Rotenone",0.0791573713418236
"M","375","Rotenone",0.105973483747265
"M","375","Rotenone",0.0887220052428895
"M","375","Rotenone",0.0656151190034314
"M","375","Rotenone",0.0799344907222971
"M","375","Rotenone",0.0711378255738551
"M","375","Rotenone",0.0889579459893808
"M","375","Rotenone",0.082640242061128
"M","375","Rotenone",0.0904987888470745
"M","375","Rotenone",0.0874236789402961
"M","375","Rotenone",0.0799454478451675
"M","375","Rotenone",0.0817694899441576
"M","375","Rotenone",0.0682745932730506
"M","375","Rotenone",0.0671011723426474
"M","375","Rotenone",0.116401464749806
"M","375","Rotenone",0.0723000428996474
"M","375","Rotenone",0.103004956485643
"M","375","Rotenone",0.0701832478609531
"M","375","Rotenone",0.0602411246301643
"M","375","Rotenone",0.106402880408738
"M","375","Rotenone",0.0630236778873519
"M","375","Rotenone",0.0988807117226937
"M","375","Rotenone",0.0853762069685401
"M","375","Rotenone",0.096028782324296
"M","375","Rotenone",0.110708201950866
"M","375","Rotenone",0.0779745243813309
"M","375","Rotenone",0.0868714260812825
"M","375","Rotenone",0.0840032479913733
"M","375","Rotenone",0.0811904652427492
"M","375","Rotenone",0.0694677418150149
"M","375","Rotenone",0.0888017352289426
"M","375","Rotenone",0.0832633883998789
"M","375","Rotenone",0.104814440575582
"M","375","Rotenone",0.0875087130198987
"M","375","Rotenone",0.0943195298621861
"M","375","Rotenone",0.10639019860062
"M","375","Rotenone",0.0971448056577304
"M","375","Rotenone",0.101762203496702
"M","375","Rotenone",0.0963431416836457
"M","375","Rotenone",0.0892693114414016
"M","375","Rotenone",0.0728584966457358
"M","375","Rotenone",0.108521769396786
"M","375","Rotenone",0.085674880275803
"M","375","Rotenone",0.0877034104087352
"M","375","Rotenone",0.0859969418661932
"M","375","Rotenone",0.09346362437818
"M","375","Rotenone",0.0777517031488868
"M","375","Rotenone",0.0953022324436654
"M","375","Rotenone",0.100114887880208
"M","375","Rotenone",0.0854563441937764
"M","375","Rotenone",0.0639946628730158
"M","375","Rotenone",0.104377105649265
"M","375","Rotenone",0.124626155097069
"M","375","Rotenone",0.130047855200872
"M","375","Rotenone",0.0838021947622839
"M","375","Rotenone",0.110133113655289
"M","375","Rotenone",0.084262995365988
"M","375","Rotenone",0.101601634433281
"M","375","Rotenone",0.116394291375649
"M","375","Rotenone",0.0949001455344836
"M","375","Rotenone",0.080045540138024
"M","375","Rotenone",0.0894072931461867
"M","375","Rotenone",0.0994634364983161
"M","375","Rotenone",0.080961526538636
"M","375","Rotenone",0.0736141664295855
"M","375","Rotenone",0.110512858847817
"M","375","Rotenone",0.0780765984295425
"M","375","Rotenone",0.100958077594238
"M","375","Rotenone",0.0914276036445593
"M","375","Rotenone",0.0862424534202425
"M","375","Rotenone",0.120324849302721
"M","375","Rotenone",0.090429655594921
"M","375","Rotenone",0.0960997281646958
"M","375","Rotenone",0.0673087101247228
"M","375","Rotenone",0.0842289539207847
"M","375","Rotenone",0.0875392981844102
"M","375","Rotenone",0.0949794443093546
"M","375","Rotenone",0.0884992544795424
"M","375","Rotenone",0.103454601585772
"M","375","Rotenone",0.0906860119437777
"M","375","Rotenone",0.0878009885310468
"M","375","Rotenone",0.107777567747741
"M","375","Rotenone",0.0819027102699153
"M","375","Rotenone",0.0923904398518587
"M","375","Rotenone",0.107815009974413
"M","375","Rotenone",0.0896456920966039
"M","375","Rotenone",0.0853951254997636
"M","375","Rotenone",0.0958200885970278
"M","375","Rotenone",0.0633362116637853
"M","375","Rotenone",0.086497220936117
"M","375","Rotenone",0.0693386439562503
"M","375","Rotenone",0.0956018367034296
"M","375","Rotenone",0.100595114400474
"M","375","Rotenone",0.113312907091876
"M","375","Rotenone",0.0869662391832097
"M","375","Rotenone",0.079774889096374
"M","375","Rotenone",0.0955768399728617
"M","375","Rotenone",0.0721229418861674
"M","375","Rotenone",0.0799801819562492
"M","375","Rotenone",0.0933773858730548
"M","375","Rotenone",0.0849144353968877
"M","375","Rotenone",0.101158603904674
"M","375","Rotenone",0.0937750846276461
"M","375","Rotenone",0.0823330288784172
"M","375","Rotenone",0.0900310880760286
"M","375","Rotenone",0.0819816599673021
"M","375","Rotenone",0.0782922402346052
"M","375","Rotenone",0.0954988516585166
"M","375","Rotenone",0.0884143482959954
"M","375","Rotenone",0.109785364846073
"M","375","Rotenone",0.107127583161044
"M","375","Rotenone",0.0802249456859232
"M","375","Rotenone",0.101168802513401
"M","375","Rotenone",0.0699052338601576
"M","375","Rotenone",0.078544157308863
"M","375","Rotenone",0.0802013597520624
"M","375","Rotenone",0.102352456387
"M","375","Rotenone",0.0804342325093816
"M","375","Rotenone",0.101092692154376
"M","375","Rotenone",0.102687422376433
"M","375","Rotenone",0.0833615059052988
"M","375","Rotenone",0.0701110415341592
"M","375","Rotenone",0.0798294686017486
"M","375","Rotenone",0.0743392198653799
"M","375","Rotenone",0.0827766462697804
"M","375","Rotenone",0.0724958555724855
"M","375","Rotenone",0.0828777568940097
"M","375","Rotenone",0.0943611048141463
"M","375","Rotenone",0.0839370894618449
"M","375","Rotenone",0.0594470962759981
"M","375","Rotenone",0.0655353110231143
"M","375","Rotenone",0.0751774230489921
"M","375","Rotenone",0.0693461734693799
"M","375","Rotenone",0.0831552546861204
"M","375","Rotenone",0.080085002167374
"M","375","Rotenone",0.0928597821129051
"M","375","Rotenone",0.122374889402893
"M","375","Rotenone",0.0730324769848886
"M","375","Rotenone",0.101818400320948
"M","375","Rotenone",0.0832355792172526
"M","375","Rotenone",0.0660318605585013
"M","375","Rotenone",0.085559169675247
"M","375","Rotenone",0.113579017704966
"M","375","Rotenone",0.110393402049821
"M","375","Rotenone",0.111246271295295
"M","375","Rotenone",0.0843122801947895
"M","375","Rotenone",0.070336715826121
"M","375","Rotenone",0.0711883185287175
"M","375","Rotenone",0.0665640169493021
"M","375","Rotenone",0.110948808873911
"M","375","Rotenone",0.0981825177873861
"M","375","Rotenone",0.108376679716319
"M","375","Rotenone",0.0774130331937587
"M","375","Rotenone",0.073436230772682
"M","375","Rotenone",0.090927274608936
"M","375","Rotenone",0.0895850921610195
"M","375","Rotenone",0.0862489489208359
"M","375","Rotenone",0.0953046874541061
"M","375","Rotenone",0.0934988126746555
"M","375","Rotenone",0.105259729886547
"M","375","Rotenone",0.0877769908972417
"M","375","Rotenone",0.0833178594900609
"M","375","Rotenone",0.0836020197236127
"M","375","Rotenone",0.0829914373535577
"M","375","Rotenone",0.0671696687328577
"M","375","Rotenone",0.0873128492039558
"M","375","Rotenone",0.0822082038130238
"M","375","Rotenone",0.057207073922686
"M","375","Rotenone",0.104743428719338
"M","375","Rotenone",0.0810395962172683
"M","375","Rotenone",0.0650686485338033
"M","375","Rotenone",0.0680878976173114
"M","375","Rotenone",0.119957583359423
"M","375","Rotenone",0.0850431730450976
"M","375","Rotenone",0.0929808578638983
"M","375","Rotenone",0.109397127867302
"M","375","Rotenone",0.097753354007417
"M","375","Rotenone",0.104708809623592
"M","375","Rotenone",0.11611233422123
"M","375","Rotenone",0.0926123209527967
"M","375","Rotenone",0.0767519022328518
"M","375","Rotenone",0.0533233866341866
"M","375","Rotenone",0.0872840848036937
"M","375","Rotenone",0.0989742988671836
"M","375","Rotenone",0.0976333965202489
"M","375","Rotenone",0.0849402925921905
"M","375","Rotenone",0.104007823572556
"M","375","Rotenone",0.099900488119073
"M","375","Rotenone",0.0719754306819607
"M","375","Rotenone",0.094975037627901
"M","375","Rotenone",0.0489691660487168
"M","375","Rotenone",0.0820515629662391
"M","375","Rotenone",0.101845836616539
"M","375","Rotenone",0.0620853209943375
"M","375","Rotenone",0.0833692110826788
"M","375","Rotenone",0.0945422913177623
"M","375","Rotenone",0.107205971157417
"M","375","Rotenone",0.088423764959096
"M","375","Rotenone",0.0822441011200373
"M","375","Rotenone",0.0974018021072083
"M","375","Rotenone",0.0868131144075261
"M","375","Rotenone",0.0826779049569216
"M","375","Rotenone",0.0730042690733484
"M","375","Rotenone",0.0742825695190175
"M","375","Rotenone",0.0928680373085855
"M","375","Rotenone",0.0950768246323133
"M","375","Rotenone",0.0755399862505915
"M","375","Rotenone",0.0803308912873331
"M","375","Rotenone",0.1037562492203
"M","375","Rotenone",0.106687992366589
"M","375","Rotenone",0.110934240917783
"M","375","Rotenone",0.0754205344334728
"M","375","Rotenone",0.0804158015547588
"M","375","Rotenone",0.10388410492474
"M","375","Rotenone",0.0972320957600223
"M","375","Rotenone",0.0972037342277925
"M","375","Rotenone",0.114493048199643
"M","375","Rotenone",0.0604739959746365
"M","375","Rotenone",0.079384085615912
"M","375","Rotenone",0.0650042255087767
"M","375","Rotenone",0.0630346136517904
"M","375","Rotenone",0.0896291049596993
"M","375","Rotenone",0.0973084231160553
"M","375","Rotenone",0.0817088055158062
"M","375","Rotenone",0.0850155828418296
"M","375","Rotenone",0.0907864334189778
"M","375","Rotenone",0.0969825690085417
"M","375","Rotenone",0.11323697371899
"M","375","Rotenone",0.0905540364554361
"M","375","Rotenone",0.0923749534442138
"M","375","Rotenone",0.0866547951973645
"M","375","Rotenone",0.0838559945584008
"M","375","Rotenone",0.0731489999066922
"M","375","Rotenone",0.101784322285379
"M","375","Rotenone",0.0797815405318855
"M","375","Rotenone",0.0930924539886644
"M","375","Rotenone",0.104610809898132
"M","375","Rotenone",0.0877542430431239
"M","375","Rotenone",0.109128621609034
"M","375","Rotenone",0.0793983624146935
"M","375","Rotenone",0.0791394479130228
"M","375","Rotenone",0.118299786626279
"M","375","Rotenone",0.0811307493388892
"M","375","Rotenone",0.0781230106302584
"M","375","Rotenone",0.0834103560844748
"M","375","Rotenone",0.0929071836987057
"M","375","Rotenone",0.075131682306223
"M","375","Rotenone",0.0810846969326456
"M","375","Rotenone",0.0645608567780071
"M","375","Rotenone",0.0959914895789565
"M","375","Rotenone",0.0997278044327384
"M","375","Rotenone",0.0668218855105764
"M","375","Rotenone",0.110603858549956
"M","375","Rotenone",0.0843543625735676
"M","375","Rotenone",0.0831911765283152
"M","375","Rotenone",0.0854866918851487
"M","375","Rotenone",0.0645771896459472
"M","375","Rotenone",0.112402456789472
"M","375","Rotenone",0.0913296213916614
"M","375","Rotenone",0.0995957088858504
"M","375","Rotenone",0.0565819486435593
"M","375","Rotenone",0.0751800303220139
"M","375","Rotenone",0.0883747208421972
"M","375","Rotenone",0.0864248188422556
"M","375","Rotenone",0.101068054264426
"M","Ore","Control",0.0662739750951709
"M","Ore","Control",0.0646650125453496
"M","Ore","Control",0.0630553767283565
"M","Ore","Control",0.0749142485696109
"M","Ore","Control",0.0651205384722479
"M","Ore","Control",0.0654480549088556
"M","Ore","Control",0.065266254583863
"M","Ore","Control",0.0729364185725852
"M","Ore","Control",0.0616620823471042
"M","Ore","Control",0.0708079526311809
"M","Ore","Control",0.0625368311660697
"M","Ore","Control",0.0477580232357289
"M","Ore","Control",0.0644231526395942
"M","Ore","Control",0.0743008861324339
"M","Ore","Control",0.0740581979829701
"M","Ore","Control",0.0676092253058957
"M","Ore","Control",0.0747757451361233
"M","Ore","Control",0.0789194312690409
"M","Ore","Control",0.0682476858926281
"M","Ore","Control",0.0543684046707265
"M","Ore","Control",0.0735742903551048
"M","Ore","Control",0.0585586660397395
"M","Ore","Control",0.0485691877471967
"M","Ore","Control",0.0594841602192648
"M","Ore","Control",0.0655676292489073
"M","Ore","Control",0.0759195632152095
"M","Ore","Control",0.0689775243207689
"M","Ore","Control",0.0695515908270817
"M","Ore","Control",0.0724444926980288
"M","Ore","Control",0.0793459181023772
"M","Ore","Control",0.0862815686105824
"M","Ore","Control",0.0702934050672717
"M","Ore","Control",0.0675652872058148
"M","Ore","Control",0.0678146110492566
"M","Ore","Control",0.0636493055373365
"M","Ore","Control",0.0738720130400132
"M","Ore","Control",0.0573223943609461
"M","Ore","Control",0.0603802881570516
"M","Ore","Control",0.0703574676686062
"M","Ore","Control",0.0686713135104099
"M","Ore","Control",0.0844318083598279
"M","Ore","Control",0.0716450402094926
"M","Ore","Control",0.0658001890513254
"M","Ore","Control",0.0744418050006768
"M","Ore","Control",0.0660656560422106
"M","Ore","Control",0.0806809455236299
"M","Ore","Control",0.0593821115346915
"M","Ore","Control",0.0716035286332489
"M","Ore","Control",0.0733263159235539
"M","Ore","Control",0.0781209706501898
"M","Ore","Control",0.0651813895477522
"M","Ore","Control",0.087806549771073
"M","Ore","Control",0.056356791775847
"M","Ore","Control",0.0862923798426124
"M","Ore","Control",0.0540611883282671
"M","Ore","Control",0.0711695039780907
"M","Ore","Control",0.0684033850906936
"M","Ore","Control",0.0656698826351086
"M","Ore","Control",0.0569210665929697
"M","Ore","Control",0.0745668594686689
"M","Ore","Control",0.0650816265819399
"M","Ore","Control",0.068517858559002
"M","Ore","Control",0.0691485814941977
"M","Ore","Control",0.0695940885911806
"M","Ore","Control",0.0813029712844567
"M","Ore","Control",0.0599592747814567
"M","Ore","Control",0.0551896620913207
"M","Ore","Control",0.0809207415046823
"M","Ore","Control",0.0748278175385678
"M","Ore","Control",0.0702661086847173
"M","Ore","Control",0.0712920108130977
"M","Ore","Control",0.0642790990466326
"M","Ore","Control",0.0815068939748391
"M","Ore","Control",0.0680029405632193
"M","Ore","Control",0.0770906844174642
"M","Ore","Control",0.0641290691713819
"M","Ore","Control",0.0641841658744819
"M","Ore","Control",0.0665056575166796
"M","Ore","Control",0.0452298467729722
"M","Ore","Control",0.0616286578417033
"M","Ore","Control",0.0580475033765456
"M","Ore","Control",0.0693497797041654
"M","Ore","Control",0.0779440141461935
"M","Ore","Control",0.0530106839429617
"M","Ore","Control",0.0810671657572231
"M","Ore","Control",0.0752645381618727
"M","Ore","Control",0.069075264189611
"M","Ore","Control",0.0677555302163656
"M","Ore","Control",0.0794735134485144
"M","Ore","Control",0.0515822137876469
"M","Ore","Control",0.073547457000048
"M","Ore","Control",0.0598340176018662
"M","Ore","Control",0.0590907053126271
"M","Ore","Control",0.0601213437401366
"M","Ore","Control",0.0679626057658845
"M","Ore","Control",0.0495121883952201
"M","Ore","Control",0.0737077927855573
"M","Ore","Control",0.0557792168349041
"M","Ore","Control",0.0751507538461701
"M","Ore","Control",0.0614969219161775
"M","Ore","Control",0.069978779692315
"M","Ore","Control",0.0555443500262916
"M","Ore","Control",0.0678716851141121
"M","Ore","Control",0.088530126080231
"M","Ore","Control",0.0615383058041066
"M","Ore","Control",0.0616579899181326
"M","Ore","Control",0.0686331235912703
"M","Ore","Control",0.056773965034229
"M","Ore","Control",0.0785909150105037
"M","Ore","Control",0.0527586268140633
"M","Ore","Control",0.05842658734546
"M","Ore","Control",0.0826512784672032
"M","Ore","Control",0.0695102286813038
"M","Ore","Control",0.0755419254044406
"M","Ore","Control",0.0618090805615445
"M","Ore","Control",0.0669053222502607
"M","Ore","Control",0.0679180851933103
"M","Ore","Control",0.0784089157684736
"M","Ore","Control",0.0729534813636206
"M","Ore","Control",0.0544714583525523
"M","Ore","Control",0.0672207487185134
"M","Ore","Control",0.0634439047015016
"M","Ore","Control",0.0679281202514503
"M","Ore","Control",0.0595757304974983
"M","Ore","Control",0.0736191036083709
"M","Ore","Control",0.0678530255587378
"M","Ore","Control",0.0582300757446797
"M","Ore","Control",0.0727385776235507
"M","Ore","Control",0.0743576957147725
"M","Ore","Control",0.0533688861356169
"M","Ore","Control",0.0673244669300373
"M","Ore","Control",0.0841963677294715
"M","Ore","Control",0.0662944788051329
"M","Ore","Control",0.0714341427671056
"M","Ore","Control",0.0604227779473275
"M","Ore","Control",0.0573843467114279
"M","Ore","Control",0.0550044677083294
"M","Ore","Control",0.0737814060006404
"M","Ore","Control",0.0663761997284051
"M","Ore","Control",0.0603624610157
"M","Ore","Control",0.0608959535142571
"M","Ore","Control",0.0793262186765657
"M","Ore","Control",0.074251290118106
"M","Ore","Control",0.0744484213697946
"M","Ore","Control",0.0673621851765077
"M","Ore","Control",0.067357616443455
"M","Ore","Control",0.0737810114452908
"M","Ore","Control",0.0627815816371296
"M","Ore","Control",0.0629558198929007
"M","Ore","Control",0.0610342181248664
"M","Ore","Control",0.067042308117227
"M","Ore","Control",0.0661170408913802
"M","Ore","Control",0.0682701699513968
"M","Ore","Control",0.0630430838280303
"M","Ore","Control",0.0727123614226484
"M","Ore","Control",0.0815524812091308
"M","Ore","Control",0.0630410386575456
"M","Ore","Control",0.0683410766811099
"M","Ore","Control",0.0621940354334346
"M","Ore","Control",0.0791373025916304
"M","Ore","Control",0.0731814186207346
"M","Ore","Control",0.0713764623739591
"M","Ore","Control",0.0663524571329007
"M","Ore","Control",0.0635784027049657
"M","Ore","Control",0.0748543546046206
"M","Ore","Control",0.0571675483718767
"M","Ore","Control",0.0631537460177177
"M","Ore","Control",0.0703215659184407
"M","Ore","Control",0.0740002222797577
"M","Ore","Control",0.0707106417894932
"M","Ore","Control",0.0855960541341187
"M","Ore","Control",0.0743024463033413
"M","Ore","Control",0.0698887605770425
"M","Ore","Control",0.0653134344684434
"M","Ore","Control",0.0674586036421202
"M","Ore","Control",0.0669039794030891
"M","Ore","Control",0.0751399655168149
"M","Ore","Control",0.0711227136907832
"M","Ore","Control",0.0644058674009223
"M","Ore","Control",0.0676285077451166
"M","Ore","Control",0.0699544440125623
"M","Ore","Control",0.0788301379988462
"M","Ore","Control",0.0764666577563925
"M","Ore","Control",0.0610973502430142
"M","Ore","Control",0.0631135271055807
"M","Ore","Control",0.0792877694320657
"M","Ore","Control",0.0728018892656109
"M","Ore","Control",0.0693387853308698
"M","Ore","Control",0.0570657130071654
"M","Ore","Control",0.0771609251348273
"M","Ore","Control",0.0531316791793606
"M","Ore","Control",0.0784552674523668
"M","Ore","Control",0.0600520417349049
"M","Ore","Control",0.0731109887002709
"M","Ore","Control",0.0594256720452901
"M","Ore","Control",0.0790525331344654
"M","Ore","Control",0.065835585460957
"M","Ore","Control",0.0473397793678397
"M","Ore","Control",0.0716471902564254
"M","Ore","Control",0.060514692101024
"M","Ore","Control",0.0710500278586799
"M","Ore","Control",0.0633449961574121
"M","Ore","Control",0.0696217722088545
"M","Ore","Control",0.0773098062900297
"M","Ore","Control",0.0774563711047882
"M","Ore","Control",0.0705493351921907
"M","Ore","Control",0.078281845880857
"M","Ore","Control",0.0582914586035
"M","Ore","Control",0.066977427500519
"M","Ore","Control",0.0679917316478381
"M","Ore","Control",0.0721531613315448
"M","Ore","Control",0.0759713503082796
"M","Ore","Control",0.0559182655485881
"M","Ore","Control",0.0638758400560007
"M","Ore","Control",0.0770358973570071
"M","Ore","Control",0.0717376719585187
"M","Ore","Control",0.078693179553671
"M","Ore","Control",0.0664972865353086
"M","Ore","Control",0.0809768414142177
"M","Ore","Control",0.0645928813722288
"M","Ore","Control",0.0765684675836765
"M","Ore","Control",0.0779641906654793
"M","Ore","Control",0.0775264145481509
"M","Ore","Control",0.0743522449063154
"M","Ore","Control",0.0671505403629521
"M","Ore","Control",0.0689405016004665
"M","Ore","Control",0.0779550732831247
"M","Ore","Control",0.0749983605728997
"M","Ore","Control",0.0646975347597556
"M","Ore","Control",0.0788758233150445
"M","Ore","Control",0.0787768597443549
"M","Ore","Control",0.0769418907470567
"M","Ore","Control",0.0612700557098184
"M","Ore","Control",0.0652166316791754
"M","Ore","Control",0.0822803933087249
"M","Ore","Control",0.0637284597227999
"M","Ore","Control",0.052210678299062
"M","Ore","Control",0.0547593903606206
"M","Ore","Control",0.0553062407707387
"M","Ore","Control",0.0748277656662428
"M","Ore","Control",0.0650124892058276
"M","Ore","Control",0.0785592976756039
"M","Ore","Control",0.0454807380918585
"M","Ore","Control",0.0712504090871062
"M","Ore","Control",0.0478935123463234
"M","Ore","Control",0.0852863941204379
"M","Ore","Control",0.0642971050666929
"M","Ore","Control",0.0623055632832363
"M","Ore","Control",0.0701154251004851
"M","Ore","Control",0.0861869329271711
"M","Ore","Control",0.06176036119008
"M","Ore","Control",0.060130654260443
"M","Ore","Control",0.0672930057411036
"M","Ore","Control",0.0785002436499869
"M","Ore","Control",0.0755848171437171
"M","Ore","Control",0.0718868714654683
"M","Ore","Control",0.0667402894482248
"M","Ore","Control",0.0685141706015998
"M","Ore","Control",0.0578233497916853
"M","Ore","Control",0.0735216987967798
"M","Ore","Control",0.0814667590761631
"M","Ore","Control",0.067199630959402
"M","Ore","Control",0.0688349569958886
"M","Ore","Control",0.0654109020442726
"M","Ore","Control",0.0583716177660118
"M","Ore","Control",0.0654022820359173
"M","Ore","Control",0.0734223717084965
"M","Ore","Control",0.0747914608171627
"M","Ore","Control",0.0564229179548565
"M","Ore","Control",0.0673166327667088
"M","Ore","Control",0.0677779791567464
"M","Ore","Control",0.067096655273553
"M","Ore","Control",0.0870784263784419
"M","Ore","Control",0.060757098944695
"M","Ore","Control",0.0579141558496035
"M","Ore","Control",0.0672650292474502
"M","Ore","Control",0.0589197733627426
"M","Ore","Control",0.0631624816092313
"M","Ore","Control",0.0712847373396054
"M","Ore","Control",0.0647499362200687
"M","Ore","Control",0.0629815966169203
"M","Ore","Control",0.0554644448768414
"M","Ore","Control",0.0741752529759611
"M","Ore","Control",0.0654534312936801
"M","Ore","Control",0.0596167288387624
"M","Ore","Control",0.0577490484490272
"M","Ore","Control",0.0696627183988904
"M","Ore","Control",0.0594492844493406
"M","Ore","Control",0.0770276143874633
"M","Ore","Control",0.0778460832556977
"M","Ore","Control",0.0659990599917822
"M","Ore","Control",0.0799657556410867
"M","Ore","Control",0.047057309563914
"M","Ore","Control",0.059836386948762
"M","Ore","Control",0.0670968772415371
"M","Ore","Control",0.0585684105592307
"M","Ore","Control",0.0596217147940995
"M","Ore","Control",0.0752755437217153
"M","Ore","Control",0.0771455226829091
"M","Ore","Control",0.0753845110951658
"M","Ore","Control",0.062019208932114
"M","Ore","Control",0.062736546481226
"M","Ore","Control",0.0743208334414717
"M","Ore","Control",0.0576355885876225
"M","Ore","Control",0.06812479221956
"M","Ore","Control",0.06915686280271
"M","Ore","Control",0.0794697677931703
"M","Ore","Control",0.0616185450939222
"M","Ore","Control",0.0766739425130197
"M","Ore","Control",0.065188207432626
"M","Ore","Control",0.075399743108373
"M","Ore","Control",0.0687749982019479
"M","Ore","Control",0.079112426858506
"M","Ore","Control",0.0755970259553878
"M","Ore","Control",0.0614352711970435
"M","Ore","Control",0.0629776924944914
"M","Ore","Control",0.0715720201457109
"M","Ore","Control",0.0508654590499387
"M","Ore","Control",0.0557571001922925
"M","Ore","Control",0.0580126011643538
"M","Ore","Control",0.0855185184381493
"M","Ore","Control",0.072359396048426
"M","Ore","Control",0.0701268816870568
"M","Ore","Control",0.0687348865302411
"M","Ore","Control",0.066285490177637
"M","Ore","Control",0.0587710099501561
"M","Ore","Control",0.0629557053775361
"M","Ore","Control",0.0731319678534204
"M","Ore","Control",0.040219221065027
"M","Ore","Control",0.0634885603598377
"M","Ore","Control",0.0614989960130517
"M","Ore","Control",0.0568875197941881
"M","Ore","Control",0.0550040921415123
"M","Ore","Control",0.0530884300959111
"M","Ore","Control",0.0781866396155165
"M","Ore","Control",0.0662192633170335
"M","Ore","Control",0.0487621389687232
"M","Ore","Control",0.0812071698911915
"M","Ore","Control",0.0640202484790077
"M","Ore","Control",0.0811793790566973
"M","Ore","Control",0.0608104106083815
"M","Ore","Control",0.0475132722010794
"M","Ore","Control",0.0611981090136599
"M","Ore","Control",0.0693272842801269
"M","Ore","Control",0.057633469461586
"M","Ore","Control",0.0707409170199802
"M","Ore","Control",0.068399250114209
"M","Ore","Control",0.0673458101565052
"M","Ore","Control",0.0488064822002221
"M","Ore","Control",0.0773690463135039
"M","Ore","Control",0.0607305185192009
"M","Ore","Control",0.0683794686480486
"M","Ore","Control",0.0823999778244694
"M","Ore","Control",0.0584280171983693
"M","Ore","Control",0.0566421006556223
"M","Ore","Control",0.0636472223730901
"M","Ore","Control",0.0586573230281724
"M","Ore","Control",0.0700208518126568
"M","Ore","Control",0.0739361482149315
"M","Ore","Control",0.066864533360383
"M","Ore","Control",0.0534307214863294
"M","Ore","Control",0.076576431120247
"M","Ore","Control",0.0637039459769326
"M","Ore","Control",0.0635474023264937
"M","Ore","Control",0.0638756006614589
"M","Ore","Control",0.0719532617398606
"M","Ore","Control",0.0541991649259069
"M","Ore","Control",0.0752288388642543
"M","Ore","Control",0.0700980037625426
"M","Ore","Control",0.0711994087630565
"M","Ore","Control",0.0532911271710923
"M","Ore","Control",0.0628006422254152
"M","Ore","Control",0.0782080741469201
"M","Ore","Control",0.0677637806154678
"M","Ore","Control",0.060941504188322
"M","Ore","Control",0.0664339314199026
"M","Ore","Control",0.0477292896745408
"M","Ore","Control",0.0652485134211152
"M","Ore","Control",0.0750172576676716
"M","Ore","Control",0.0680098924094726
"M","Ore","Control",0.056005714577957
"M","Ore","Control",0.0648579880635735
"M","Ore","Control",0.0585577687206863
"M","Ore","Control",0.0669057864435732
"M","Ore","Control",0.0736155912440406
"M","Ore","Control",0.0570953359398772
"M","Ore","Control",0.0795226150771576
"M","Ore","Control",0.0650246851609342
"M","Ore","Control",0.0649487972693394
"M","Ore","Control",0.0656860908266624
"M","Ore","Control",0.0746248369790961
"M","Ore","Control",0.0588284522079468
"M","Ore","Control",0.0621451453573439
"M","Ore","Control",0.069196625319874
"M","Ore","Control",0.0612968032314875
"M","Ore","Control",0.0734631816087026
"M","Ore","Control",0.0732433722935054
"M","Ore","Control",0.0809107256870019
"M","Ore","Control",0.0562901182927193
"M","Ore","Control",0.0741786959208607
"M","Ore","Control",0.0604013650501135
"M","Ore","Control",0.0669739635410419
"M","Ore","Control",0.0689778105280462
"M","Ore","Control",0.0839067647029452
"M","Ore","Control",0.0814857017884292
"M","Ore","Control",0.0653262055683447
"M","Ore","Control",0.0609528833683444
"M","Ore","Control",0.069366042639771
"M","Ore","Control",0.06033883211568
"M","Ore","Control",0.0703301934490267
"M","Ore","Control",0.0559049562254623
"M","Ore","Control",0.0680234380838155
"M","Ore","Control",0.0684796377694873
"M","Ore","Control",0.0687930401689677
"M","Ore","Control",0.080289219941147
"M","Ore","Control",0.0660321583209161
"M","Ore","Control",0.0634117108583617
"M","Ore","Control",0.068771957372911
"M","Ore","Control",0.0780741501617515
"M","Ore","Control",0.0770470926378079
"M","Ore","Control",0.0677664592591563
"M","Ore","Control",0.0709186918491281
"M","Ore","Control",0.0610994634083418
"M","Ore","Control",0.0748599892829916
"M","Ore","Control",0.0762895392418186
"M","Ore","Control",0.0793775666140901
"M","Ore","Control",0.0533353850863906
"M","Ore","Control",0.0734485501003713
"M","Ore","Control",0.0628514214027642
"M","Ore","Control",0.0602670583939803
"M","Ore","Control",0.0691102048313926
"M","Ore","Control",0.0752015140924888
"M","Ore","Control",0.0661783821257858
"M","Ore","Control",0.0791358536453571
"M","Ore","Control",0.0717620982362348
"M","Ore","Control",0.0793334368139994
"M","Ore","Control",0.0593522427637459
"M","Ore","Control",0.0653370646946998
"M","Ore","Control",0.0660917547954113
"M","Ore","Control",0.0696888654117158
"M","Ore","Control",0.0540473459976789
"M","Ore","Control",0.0673607823458317
"M","Ore","Control",0.0599017269597513
"M","Ore","Control",0.0446985264731975
"M","Ore","Control",0.0603954158972928
"M","Ore","Control",0.0707572423610759
"M","Ore","Control",0.0784017123188929
"M","Ore","Control",0.0824356208554721
"M","Ore","Control",0.0592648146385862
"M","Ore","Control",0.0525940676035476
"M","Ore","Control",0.0827849416691064
"M","Ore","Control",0.0715945033139863
"M","Ore","Control",0.0720620663104936
"M","Ore","Control",0.0764251492779675
"M","Ore","Control",0.0625662064061955
"M","Ore","Control",0.0723943181857649
"M","Ore","Control",0.0557272302729507
"M","Ore","Control",0.0625104508270308
"M","Ore","Control",0.0723475075276081
"M","Ore","Control",0.0872629399099723
"M","Ore","Control",0.0656789850956737
"M","Ore","Control",0.0801318242942784
"M","Ore","Control",0.0467690835643627
"M","Ore","Control",0.0710205739029357
"M","Ore","Control",0.0748006942562176
"M","Ore","Control",0.0761637605410016
"M","Ore","Control",0.0582880232234654
"M","Ore","Control",0.0754496311375494
"M","Ore","Control",0.0474339314476265
"M","Ore","Control",0.0744715036242166
"M","Ore","Control",0.0739747521766192
"M","Ore","Control",0.0756907551038512
"M","Ore","Control",0.0645473283096964
"M","Ore","Control",0.0615155349511719
"M","Ore","Control",0.0672398263676875
"M","Ore","Control",0.077743215499685
"M","Ore","Control",0.0853678199250632
"M","Ore","Control",0.0616337064974434
"M","Ore","Control",0.0755262585526301
"M","Ore","Control",0.0665884614304272
"M","Ore","Control",0.0777865072350848
"M","Ore","Control",0.0613581134792867
"M","Ore","Control",0.0714502282247664
"M","Ore","Control",0.0638602291251683
"M","Ore","Control",0.066069542139322
"M","Ore","Control",0.0809875613537444
"M","Ore","Control",0.0605811193029385
"M","Ore","Control",0.0799646999282916
"M","Ore","Control",0.0590060277153022
"M","Ore","Control",0.0779148628128752
"M","Ore","Control",0.0738226983406891
"M","Ore","Control",0.0669246484899933
"M","Ore","Control",0.0726007444510505
"M","Ore","Control",0.0687212386709523
"M","Ore","Control",0.0685239413294629
"M","Ore","Control",0.0734856866774017
"M","Ore","Control",0.0769610696003943
"M","Ore","Control",0.0694414364169077
"M","Ore","Control",0.0720698431355318
"M","Ore","Control",0.0766380529725433
"M","Ore","Control",0.0770974873733827
"M","Ore","Control",0.0678182559104812
"M","Ore","Control",0.0595294345868882
"M","Ore","Control",0.0728138277408162
"M","Ore","Control",0.0668979848363129
"M","Ore","Control",0.0871917431403168
"M","Ore","Control",0.0789055809204559
"M","Ore","Control",0.0936070859809698
"M","Ore","Control",0.0679418714331062
"M","Ore","Control",0.0745526595493089
"M","Ore","Control",0.0703982375159726
"M","Ore","Control",0.0658430021666672
"M","Ore","Control",0.0570143716007269
"M","Ore","Control",0.0641766734185554
"M","Ore","Control",0.062587372876155
"M","Ore","Control",0.0717804009362647
"M","Ore","Control",0.0758278496940896
"M","Ore","Control",0.0717775521340069
"M","Ore","Control",0.0776109695429861
"M","Ore","Control",0.0676978822644607
"M","Ore","Control",0.0736311875168204
"M","Ore","Control",0.0777435692838317
"M","Ore","Control",0.0574726945237099
"M","Ore","Control",0.054215434622734
"M","Ore","Control",0.0771489453785894
"M","Ore","Control",0.0729890013656786
"M","Ore","Control",0.0722407166241399
"M","Ore","Control",0.0753087845585243
"M","Ore","Control",0.075231954280751
"M","Ore","Control",0.0603493391282698
"M","Ore","Control",0.0583867548352362
"M","Ore","Control",0.0767082721977568
"M","Ore","Control",0.0760692385274934
"M","Ore","Control",0.0659865780465211
"M","Ore","Control",0.0668925784314987
"M","Ore","Control",0.062866271067639
"M","Ore","Control",0.0572205689119617
"M","Ore","Control",0.0499550965308164
"M","Ore","Control",0.0731108071937365
"M","Ore","Control",0.0718098132373723
"M","Ore","Control",0.065671109391781
"M","Ore","Control",0.06953942248512
"M","Ore","Control",0.0747757269575691
"M","Ore","Control",0.0877991095097829
"M","Ore","Control",0.0581400749476697
"M","Ore","Control",0.0783078274882547
"M","Ore","Control",0.0505987802231877
"M","Ore","Control",0.073557206441491
"M","Ore","Control",0.0547957900412943
"M","Ore","Control",0.0643243158740068
"M","Ore","Control",0.0740769433555994
"M","Ore","Control",0.0653633443881908
"M","Ore","Control",0.0783472417437487
"M","Ore","Control",0.061684630244968
"M","Ore","Control",0.0704439224768081
"M","Ore","Control",0.0639595923070187
"M","Ore","Control",0.0769918971480017
"M","Ore","Control",0.067568669351058
"M","Ore","Control",0.0687582999141938
"M","Ore","Control",0.068286290396683
"M","Ore","Control",0.0691471442622164
"M","Ore","Control",0.0600560792339133
"M","Ore","Control",0.0649573685309572
"M","Ore","Control",0.0660567528689745
"M","Ore","Control",0.0766867705915324
"M","Ore","Control",0.0686413473338669
"M","Ore","Control",0.0730830575569094
"M","Ore","Control",0.069343406395557
"M","Ore","Control",0.0504838899207452
"M","Ore","Control",0.0815394352290678
"M","Ore","Control",0.0673379106429277
"M","Ore","Control",0.0554410970094898
"M","Ore","Control",0.0676280938911388
"M","Ore","Control",0.0539291522258159
"M","Ore","Control",0.0629826717525119
"M","Ore","Control",0.0652960261072868
"M","Ore","Control",0.0650547056560262
"M","Ore","Control",0.0752458797544542
"M","Ore","Control",0.0813169303173552
"M","Ore","Control",0.0740410928210086
"M","Ore","Control",0.0629320479168937
"M","Ore","Control",0.0698671110176449
"M","Ore","Control",0.0670259605348518
"M","Ore","Control",0.060836234354935
"M","Ore","Control",0.0822690211106065
"M","Ore","Control",0.076153836688283
"M","Ore","Control",0.0602054353477808
"M","Ore","Control",0.0638660345565018
"M","Ore","Control",0.0728837575519149
"M","Ore","Control",0.0660527434341573
"M","Ore","Control",0.0655277147508545
"M","Ore","Control",0.064478828912896
"M","Ore","Control",0.067019122503136
"M","Ore","Control",0.077843061643951
"M","Ore","Control",0.0794953532664941
"M","Ore","Control",0.0715962963931458
"M","Ore","Control",0.0498594787922834
"M","Ore","Control",0.0683331862646454
"M","Ore","Control",0.0542109567670357
"M","Ore","Control",0.072680041122938
"M","Ore","Control",0.0705434910124415
"M","Ore","Control",0.0604321455459266
"M","Ore","Control",0.0854455856408497
"M","Ore","Control",0.0552085786158349
"M","Ore","Control",0.0858694852544984
"M","Ore","Control",0.0566051351169524
"M","Ore","Control",0.0797818944494445
"M","Ore","Control",0.0635341129246015
"M","Ore","Control",0.0635022746000993
"M","Ore","Control",0.0831620853514094
"M","Ore","Control",0.0774673132625756
"M","Ore","Control",0.0727248773908551
"M","Ore","Control",0.0727357548982202
"M","Ore","Control",0.0667966335693306
"M","Ore","Control",0.0649706010725887
"M","Ore","Control",0.0768232736800406
"M","Ore","Control",0.0616150293395545
"M","Ore","Control",0.0669037430978487
"M","Ore","Control",0.0698745951044725
"M","Ore","Control",0.0654727279777314
"M","Ore","Control",0.0659321478093542
"M","Ore","Control",0.0605893232261706
"M","Ore","Control",0.0792544792751826
"M","Ore","Control",0.0534622367229607
"M","Ore","Control",0.0538465264923574
"M","Ore","Control",0.0779297973041786
"M","Ore","Control",0.065221347022513
"M","Ore","Control",0.073396543568689
"M","Ore","Control",0.0698646159406336
"M","Ore","Control",0.0583615588553506
"M","Ore","Control",0.0613052552546081
"M","Ore","Control",0.0743049912150719
"M","Ore","Control",0.0541207415295618
"M","Ore","Control",0.0726373876531
"M","Ore","Control",0.0711874663862603
"M","Ore","Control",0.0685555519099261
"M","Ore","Control",0.073979558766286
"M","Ore","Control",0.070096404832819
"M","Ore","Control",0.052743141623897
"M","Ore","Control",0.0474057123433354
"M","Ore","Control",0.0485523041843222
"M","Ore","Control",0.0477498131194153
"M","Ore","Control",0.0656214765123978
"M","Ore","Control",0.0551221530838883
"M","Ore","Control",0.0591424665700237
"M","Ore","Control",0.080248999839238
"M","Ore","Control",0.0671553174816353
"M","Ore","Control",0.0772614074705519
"M","Ore","Control",0.0656149699568241
"M","Ore","Control",0.0696805904090136
"M","Ore","Control",0.0611955395759108
"M","Ore","Control",0.0686312815688145
"M","Ore","Control",0.0524520804913445
"M","Ore","Control",0.0771814294399123
"M","Ore","Control",0.067804416798247
"M","Ore","Control",0.064786172210589
"M","Ore","Control",0.0571492465419697
"M","Ore","Control",0.0799079813468081
"M","Ore","Control",0.0600497797331959
"M","Ore","Control",0.0660120873428908
"M","Ore","Control",0.0656210160310445
"M","Ore","Control",0.072640198568957
"M","Ore","Control",0.0863583683096962
"M","Ore","Control",0.0599415666694226
"M","Ore","Control",0.0619397018031614
"M","Ore","Control",0.071186446455616
"M","Ore","Control",0.0765854796329486
"M","Ore","Control",0.0679292049114016
"M","Ore","Control",0.0727050735031168
"M","Ore","Control",0.0647961956626125
"M","Ore","Control",0.0594971171063814
"M","Ore","Control",0.0760441084195812
"M","Ore","Control",0.0688163646476964
"M","Ore","Control",0.0472597070821034
"M","Ore","Control",0.0612058787591206
"M","Ore","Control",0.0759243427031866
"M","Ore","Control",0.0684713342995018
"M","Ore","Control",0.0669270616159889
"M","Ore","Control",0.0681118749560661
"M","Ore","Control",0.0577954508916935
"M","Ore","Control",0.0584037970526719
"M","Ore","Control",0.0729917139169299
"M","Ore","Control",0.0641861608464511
"M","Ore","Control",0.0629038539452583
"M","Ore","Control",0.0520921534154911
"M","Ore","Control",0.0690201006031483
"M","Ore","Control",0.0725937631886023
"M","Ore","Control",0.0744735667055163
"M","Ore","Control",0.072782760657492
"M","Ore","Control",0.0686147183881371
"M","Ore","Control",0.081651407003354
"M","Ore","Control",0.072693257259381
"M","Ore","Control",0.0712536888582455
"M","Ore","Control",0.0743000697283656
"M","Ore","Control",0.0567618880711674
"M","Ore","Control",0.0625717987632349
"M","Ore","Control",0.0658172427196516
"M","Ore","Control",0.0715056356785264
"M","Ore","Control",0.0695783301609181
"M","Ore","Control",0.0809431831613907
"M","Ore","Control",0.0623077383838871
"M","Ore","Control",0.066639630908926
"M","Ore","Control",0.0652054412392165
"M","Ore","Control",0.0652299884593195
"M","Ore","Control",0.0643234845265725
"M","Ore","Control",0.0752285103224088
"M","Ore","Control",0.0841407460253046
"M","Ore","Control",0.0770895135322098
"M","Ore","Control",0.0677820766622208
"M","Ore","Control",0.0693735646200959
"M","Ore","Control",0.0578877043819708
"M","Ore","Control",0.0671359429236663
"M","Ore","Control",0.067746384411493
"M","Ore","Control",0.0534168074440683
"M","Ore","Control",0.0482399410662505
"M","Ore","Control",0.0703540532288688
"M","Ore","Control",0.0749932028245027
"M","Ore","Control",0.0735830366135077
"M","Ore","Control",0.0615634525278175
"M","Ore","Control",0.0480801876212866
"M","Ore","Control",0.0700056445805442
"M","Ore","Control",0.0664012413609116
"M","Ore","Control",0.0867330848827956
"M","Ore","Control",0.0637002799503869
"M","Ore","Control",0.0635345697943927
"M","Ore","Control",0.0648653496820722
"M","Ore","Control",0.0685835932431301
"M","Ore","Control",0.0518230762873775
"M","Ore","Control",0.0672245303168882
"M","Ore","Control",0.0661624480053303
"M","Ore","Control",0.076455897310056
"M","Ore","Control",0.0695149167171927
"M","Ore","Control",0.0650980670612729
"M","Ore","Control",0.0723021070201603
"M","Ore","Control",0.0729602696119855
"M","Ore","Control",0.0702155875405962
"M","Ore","Control",0.0707971246844464
"M","Ore","Control",0.0509523679905044
"M","Ore","Control",0.0667983563873068
"M","Ore","Control",0.0657049065662895
"M","Ore","Control",0.0705749393167229
"M","Ore","Control",0.0691589581254477
"M","Ore","Control",0.0678763684608378
"M","Ore","Control",0.0701241762571215
"M","Ore","Control",0.0723736883841179
"M","Ore","Control",0.0624252613640697
"M","Ore","Control",0.0615603893143108
"M","Ore","Control",0.0650763925273771
"M","Ore","Control",0.0660401771837432
"M","Ore","Control",0.0384965325923322
"M","Ore","Control",0.0645126857674315
"M","Ore","Control",0.0788557446575652
"M","Ore","Control",0.0522388297049113
"M","Ore","Control",0.0592022465536286
"M","Ore","Control",0.0772711162075401
"M","Ore","Control",0.0678045290353231
"M","Ore","Control",0.067469288596217
"M","Ore","Control",0.0516708860688882
"M","Ore","Control",0.052800932115964
"M","Ore","Control",0.062905826271349
"M","Ore","Control",0.0739069523696895
"M","Ore","Control",0.0589926563517429
"M","Ore","Control",0.0768163780792007
"M","Ore","Control",0.0632246623007434
"M","Ore","Control",0.0733323847882823
"M","Ore","Control",0.0767310684758692
"M","Ore","Control",0.0704485754399826
"M","Ore","Control",0.0740487398249395
"M","Ore","Control",0.0860622522229877
"M","Ore","Control",0.0709546390915206
"M","Ore","Control",0.0702565593725472
"M","Ore","Control",0.0617707992420665
"M","Ore","Control",0.0674454233296345
"M","Ore","Control",0.0851751174351638
"M","Ore","Control",0.067440624570157
"M","Ore","Control",0.058854734160623
"M","Ore","Control",0.0668979331372469
"M","Ore","Control",0.0754402036421732
"M","Ore","Control",0.0751732529409206
"M","Ore","Control",0.0571607466378985
"M","Ore","Control",0.0803251715200723
"M","Ore","Control",0.0810150973384615
"M","Ore","Control",0.0726067452837607
"M","Ore","Control",0.0535831906532191
"M","Ore","Control",0.0729511840863886
"M","Ore","Control",0.050845478109379
"M","Ore","Control",0.0754155738352923
"M","Ore","Control",0.0861610475017276
"M","Ore","Control",0.0794858095392243
"M","Ore","Control",0.0662263011796105
"M","Ore","Control",0.067286008834882
"M","Ore","Control",0.0627617047025839
"M","Ore","Control",0.0609901754018362
"M","Ore","Control",0.0594009938179007
"M","Ore","Control",0.0439977808093036
"M","Ore","Control",0.0607021972633863
"M","Ore","Control",0.0763586858619561
"M","Ore","Control",0.0540556604374494
"M","Ore","Control",0.0584598707774295
"M","Ore","Control",0.0802648902909372
"M","Ore","Control",0.0644051898725553
"M","Ore","Control",0.077240470504963
"M","Ore","Control",0.080758638471052
"M","Ore","Control",0.0499759828555363
"M","Ore","Control",0.0637250195511637
"M","Ore","Control",0.0707891058619555
"M","Ore","Control",0.0717512806639065
"M","Ore","Control",0.0845394197720519
"M","Ore","Control",0.0634309574042474
"M","Ore","Control",0.0675413071546369
"M","Ore","Control",0.0716741723249516
"M","Ore","Control",0.079920891090756
"M","Ore","Control",0.0548737205940092
"M","Ore","Control",0.0621836625249398
"M","Ore","Control",0.0699761327508732
"M","Ore","Control",0.0817237123537277
"M","Ore","Control",0.0720263301437515
"M","Ore","Control",0.083741182786154
"M","Ore","Control",0.0505950227966577
"M","Ore","Control",0.0777989574381167
"M","Ore","Control",0.0758485822837786
"M","Ore","Control",0.0694186913347186
"M","Ore","Control",0.0573839486670878
"M","Ore","Control",0.0525698150300306
"M","Ore","Control",0.0726250814196056
"M","Ore","Control",0.0631786026198397
"M","Ore","Control",0.0677181860068345
"M","Ore","Control",0.0659748914367989
"M","Ore","Control",0.0639596593358169
"M","Ore","Control",0.0690905392017286
"M","Ore","Control",0.0574248310191219
"M","Ore","Control",0.0689548588709224
"M","Ore","Control",0.0778646521562488
"M","Ore","Control",0.0677054164597698
"M","Ore","Control",0.0634368003841339
"M","Ore","Control",0.0799344608744218
"M","Ore","Control",0.0609038665006081
"M","Ore","Control",0.0591109964553083
"M","Ore","Control",0.0618694205128621
"M","Ore","Control",0.0748167171397456
"M","Ore","Control",0.0660121479409827
"M","Ore","Control",0.0785788128206426
"M","Ore","Control",0.0590375613200496
"M","Ore","Control",0.066209011577566
"M","Ore","Control",0.0642629368406197
"M","Ore","Control",0.0794592765026116
"M","Ore","Control",0.0666695651965453
"M","Ore","Control",0.0733033273044924
"M","Ore","Control",0.0735837355466559
"M","Ore","Control",0.062005790470032
"M","Ore","Control",0.0788115539790624
"M","Ore","Control",0.0650692342054588
"M","Ore","Control",0.0535595159488387
"M","Ore","Control",0.0629033617747564
"M","Ore","Control",0.0704994478533833
"M","Ore","Control",0.0675937855150555
"M","Ore","Control",0.0575723296359978
"M","Ore","Control",0.0536205334295221
"M","Ore","Control",0.0601024802605772
"M","Ore","Control",0.0740264085472977
"M","Ore","Control",0.0883145788896917
"M","Ore","Control",0.0704539504351441
"M","Ore","Control",0.0722512267355259
"M","Ore","Control",0.0694205203411383
"M","Ore","Control",0.0649506485059184
"M","Ore","Control",0.0647209165004594
"M","Ore","Control",0.0561335473783582
"M","Ore","Control",0.0790007694159071
"M","Ore","Control",0.0777159258971715
"M","Ore","Control",0.0657725090222287
"M","Ore","Control",0.0636964943164176
"M","Ore","Control",0.0682161557765359
"M","Ore","Control",0.0786704802018334
"M","Ore","Control",0.0675392381431151
"M","Ore","Control",0.0715574270119646
"M","Ore","Control",0.0844535139083753
"M","Ore","Control",0.0724936721748552
"M","Ore","Control",0.0716626686384921
"M","Ore","Control",0.0582762981560783
"M","Ore","Control",0.0699630179792486
"M","Ore","Control",0.0694893024103775
"M","Ore","Control",0.0719370237442931
"M","Ore","Control",0.0583960138752383
"M","Ore","Control",0.0789055980006308
"M","Ore","Control",0.0657979919417031
"M","Ore","Control",0.0643082833204179
"M","Ore","Control",0.0806772468135511
"M","Ore","Control",0.0777472749280788
"M","Ore","Control",0.0710065576410274
"M","Ore","Control",0.0784979917289698
"M","Ore","Control",0.0728867615758061
"M","Ore","Control",0.0603215065306995
"M","Ore","Control",0.0551737202174837
"M","Ore","Control",0.0716874306240512
"M","Ore","Control",0.0764727889117476
"M","Ore","Control",0.0776565754735262
"M","Ore","Control",0.056368068875724
"M","Ore","Control",0.0527502907306288
"M","Ore","Control",0.0479622007906304
"M","Ore","Control",0.0616865132090151
"M","Ore","Control",0.0865807758366547
"M","Ore","Control",0.0810531045095688
"M","Ore","Control",0.0534853837742048
"M","Ore","Control",0.0600055221189157
"M","Ore","Control",0.058046598482067
"M","Ore","Control",0.0607612302115645
"M","Ore","Control",0.0587818675269437
"M","Ore","Control",0.0630448571228187
"M","Ore","Control",0.075203573099877
"M","Ore","Control",0.0855279322705852
"M","Ore","Control",0.0679145760193745
"M","Ore","Control",0.0700547725545661
"M","Ore","Control",0.062095991901721
"M","Ore","Control",0.0789447674310942
"M","Ore","Control",0.0445840571027503
"M","Ore","Control",0.0547685449801984
"M","Ore","Control",0.0495140570547535
"M","Ore","Control",0.0550235100024357
"M","Ore","Control",0.0666458865729711
"M","Ore","Control",0.0729144956796157
"M","Ore","Control",0.061853633141401
"M","Ore","Control",0.0627111183650785
"M","Ore","Control",0.0558373310880266
"M","Ore","Control",0.0696845368930206
"M","Ore","Control",0.0498103586279152
"M","Ore","Control",0.0752276030679027
"M","Ore","Control",0.0638333542703682
"M","Ore","Control",0.0722519758364947
"M","Ore","Control",0.067270637076869
"M","Ore","Control",0.0451026836957399
"M","Ore","Control",0.0808577163397762
"M","Ore","Control",0.040894794257883
"M","Ore","Control",0.0636803757654157
"M","Ore","Control",0.0713700828133551
"M","Ore","Control",0.0603583022868277
"M","Ore","Control",0.0775396202700172
"M","Ore","Control",0.0678401165689667
"M","Ore","Control",0.0715524437037768
"M","Ore","Control",0.0688074458449778
"M","Ore","Control",0.0710816601640329
"M","Ore","Control",0.0542688799764928
"M","Ore","Control",0.0695071063272194
"M","Ore","Control",0.0557233198225359
"M","Ore","Control",0.0758145231111762
"M","Ore","Control",0.0686952822342142
"M","Ore","Control",0.0746153260802176
"M","Ore","Control",0.0796296817825429
"M","Ore","Control",0.0695496299354098
"M","Ore","Control",0.0641384723334692
"M","Ore","Control",0.0742933758586437
"M","Ore","Control",0.0661583586635622
"M","Ore","Control",0.0657304013165648
"M","Ore","Control",0.066881331567797
"M","Ore","Control",0.0616113323152737
"M","Ore","Control",0.0719215362151334
"M","Ore","Control",0.0544779483768098
"M","Ore","Control",0.079759316739992
"M","Ore","Control",0.0647347211197713
"M","Ore","Control",0.081338228248757
"M","Ore","Control",0.0664099838346684
"M","Ore","Control",0.0710289691831225
"M","Ore","Control",0.0722614198287853
"M","Ore","Control",0.0731693464435504
"M","Ore","Control",0.0772045913493086
"M","Ore","Control",0.0832013186168261
"M","Ore","Control",0.066573729879799
"M","Ore","Control",0.0721965293512317
"M","Ore","Control",0.0708008525800894
"M","Ore","Control",0.0629688685910556
"M","Ore","Control",0.0546578324815482
"M","Ore","Control",0.0689683452555089
"M","Ore","Control",0.0681978016779369
"M","Ore","Control",0.0616438996273418
"M","Ore","Control",0.0762045221944677
"M","Ore","Control",0.0760967151921492
"M","Ore","Control",0.0564378214530061
"M","Ore","Control",0.080624292553841
"M","Ore","Control",0.055329380678436
"M","Ore","Control",0.0671467945977961
"M","Ore","Control",0.0695217395459793
"M","Ore","Control",0.0513078207181869
"M","Ore","Control",0.0664503811429953
"M","Ore","Control",0.0741187805720507
"M","Ore","Control",0.0612536391834816
"M","Ore","Control",0.0609820383087694
"M","Ore","Control",0.0579655425909687
"M","Ore","Control",0.0485895250343497
"M","Ore","Control",0.0539765891963373
"M","Ore","Control",0.0642445649032849
"M","Ore","Control",0.0687340389143176
"M","Ore","Control",0.0701091248736542
"M","Ore","Control",0.0575474470784714
"M","Ore","Control",0.0627001241041718
"M","Ore","Control",0.0696830009605689
"M","Ore","Control",0.0699726706686182
"M","Ore","Control",0.0770043790694551
"M","Ore","Control",0.0809504651834318
"M","Ore","Control",0.0563133405934166
"M","Ore","Control",0.0791925718275865
"M","Ore","Control",0.077337571520821
"M","Ore","Rotenone",0.0556892870106516
"M","Ore","Rotenone",0.0511617610659227
"M","Ore","Rotenone",0.0562052484964029
"M","Ore","Rotenone",0.0693940246839244
"M","Ore","Rotenone",0.0577193044276562
"M","Ore","Rotenone",0.0496668548530858
"M","Ore","Rotenone",0.0700461477333697
"M","Ore","Rotenone",0.0615696588880551
"M","Ore","Rotenone",0.0562747355501416
"M","Ore","Rotenone",0.0568918905169095
"M","Ore","Rotenone",0.0392515060184975
"M","Ore","Rotenone",0.0498117460366337
"M","Ore","Rotenone",0.0570006949147093
"M","Ore","Rotenone",0.0551086670170651
"M","Ore","Rotenone",0.0619172824485966
"M","Ore","Rotenone",0.0650415124699934
"M","Ore","Rotenone",0.0741931279838772
"M","Ore","Rotenone",0.0656653742957866
"M","Ore","Rotenone",0.0541386224166677
"M","Ore","Rotenone",0.0548133545307288
"M","Ore","Rotenone",0.0554484774135695
"M","Ore","Rotenone",0.0423010774508626
"M","Ore","Rotenone",0.0666277767576545
"M","Ore","Rotenone",0.0536228041063139
"M","Ore","Rotenone",0.0611692242110553
"M","Ore","Rotenone",0.0569825687892378
"M","Ore","Rotenone",0.0656767387883059
"M","Ore","Rotenone",0.0620132538905421
"M","Ore","Rotenone",0.0643439059219198
"M","Ore","Rotenone",0.0534135757272406
"M","Ore","Rotenone",0.0589484627614999
"M","Ore","Rotenone",0.0729401763347687
"M","Ore","Rotenone",0.061439865978432
"M","Ore","Rotenone",0.0526787237774843
"M","Ore","Rotenone",0.0738575755113711
"M","Ore","Rotenone",0.0595591212996554
"M","Ore","Rotenone",0.047748646082553
"M","Ore","Rotenone",0.0323521517077235
"M","Ore","Rotenone",0.0339670486330565
"M","Ore","Rotenone",0.0662790855727809
"M","Ore","Rotenone",0.0641440994550715
"M","Ore","Rotenone",0.0650813873334464
"M","Ore","Rotenone",0.0732461448029719
"M","Ore","Rotenone",0.0533378851920775
"M","Ore","Rotenone",0.0376894584632008
"M","Ore","Rotenone",0.0624614485135257
"M","Ore","Rotenone",0.0527182572579641
"M","Ore","Rotenone",0.0527852972691369
"M","Ore","Rotenone",0.0563437222433931
"M","Ore","Rotenone",0.0476482114638876
"M","Ore","Rotenone",0.0503021117783876
"M","Ore","Rotenone",0.0458550910572877
"M","Ore","Rotenone",0.0477791750957099
"M","Ore","Rotenone",0.0576267911530386
"M","Ore","Rotenone",0.0490778889122598
"M","Ore","Rotenone",0.0651393125524386
"M","Ore","Rotenone",0.0615999873593442
"M","Ore","Rotenone",0.0416100141486517
"M","Ore","Rotenone",0.0611009997790686
"M","Ore","Rotenone",0.0561968355160345
"M","Ore","Rotenone",0.0693342787637798
"M","Ore","Rotenone",0.0604317011781045
"M","Ore","Rotenone",0.0598774363546796
"M","Ore","Rotenone",0.0571083349365654
"M","Ore","Rotenone",0.0684755223770947
"M","Ore","Rotenone",0.0480280544753649
"M","Ore","Rotenone",0.0612173929835384
"M","Ore","Rotenone",0.0612529695234505
"M","Ore","Rotenone",0.0450929091424081
"M","Ore","Rotenone",0.0384814936718291
"M","Ore","Rotenone",0.0458422501069132
"M","Ore","Rotenone",0.0509477943818248
"M","Ore","Rotenone",0.0374036124145845
"M","Ore","Rotenone",0.040918854284007
"M","Ore","Rotenone",0.0632435988094366
"M","Ore","Rotenone",0.0625177213147502
"M","Ore","Rotenone",0.0689101883210135
"M","Ore","Rotenone",0.0440273762189846
"M","Ore","Rotenone",0.0510179702703636
"M","Ore","Rotenone",0.041613240194155
"M","Ore","Rotenone",0.0599884640616698
"M","Ore","Rotenone",0.0530367810379238
"M","Ore","Rotenone",0.0630731742199436
"M","Ore","Rotenone",0.0566096582886369
"M","Ore","Rotenone",0.0718087767131302
"M","Ore","Rotenone",0.0477789494643048
"M","Ore","Rotenone",0.0620234793861079
"M","Ore","Rotenone",0.0515408925233975
"M","Ore","Rotenone",0.0461286339432474
"M","Ore","Rotenone",0.0609130612374747
"M","Ore","Rotenone",0.0620584992398527
"M","Ore","Rotenone",0.0555343022588599
"M","Ore","Rotenone",0.06554346464438
"M","Ore","Rotenone",0.0385554474379028
"M","Ore","Rotenone",0.0546998974697117
"M","Ore","Rotenone",0.0476330794795066
"M","Ore","Rotenone",0.0476005154449728
"M","Ore","Rotenone",0.0303593737009685
"M","Ore","Rotenone",0.0677618570890541
"M","Ore","Rotenone",0.0680365737519658
"M","Ore","Rotenone",0.0379071054544797
"M","Ore","Rotenone",0.0623080241091491
"M","Ore","Rotenone",0.0758519614040062
"M","Ore","Rotenone",0.0564820616273235
"M","Ore","Rotenone",0.0429249805940459
"M","Ore","Rotenone",0.0639257677341962
"M","Ore","Rotenone",0.0502563841881884
"M","Ore","Rotenone",0.0730388236094252
"M","Ore","Rotenone",0.0564241282093914
"M","Ore","Rotenone",0.0539171687912013
"M","Ore","Rotenone",0.0557198362867888
"M","Ore","Rotenone",0.0484820795789047
"M","Ore","Rotenone",0.053200994863427
"M","Ore","Rotenone",0.0679629733245708
"M","Ore","Rotenone",0.0560656658898202
"M","Ore","Rotenone",0.0638609431873851
"M","Ore","Rotenone",0.0605368448160257
"M","Ore","Rotenone",0.0682705653609434
"M","Ore","Rotenone",0.0635627685884967
"M","Ore","Rotenone",0.0555990976169723
"M","Ore","Rotenone",0.0678819901427933
"M","Ore","Rotenone",0.0528843995370698
"M","Ore","Rotenone",0.0570926476760874
"M","Ore","Rotenone",0.0478678490401619
"M","Ore","Rotenone",0.0555516072477911
"M","Ore","Rotenone",0.0576157279507683
"M","Ore","Rotenone",0.0685311853282263
"M","Ore","Rotenone",0.0662605237246387
"M","Ore","Rotenone",0.0585761377641075
"M","Ore","Rotenone",0.0558922949209564
"M","Ore","Rotenone",0.0557149588945191
"M","Ore","Rotenone",0.037510937335033
"M","Ore","Rotenone",0.0724863127129969
"M","Ore","Rotenone",0.0781858339808735
"M","Ore","Rotenone",0.0648821812912224
"M","Ore","Rotenone",0.0418671414334637
"M","Ore","Rotenone",0.0614828746703477
"M","Ore","Rotenone",0.0608499357732145
"M","Ore","Rotenone",0.0428617641165017
"M","Ore","Rotenone",0.0693986978399324
"M","Ore","Rotenone",0.0595058318725297
"M","Ore","Rotenone",0.0545858398975254
"M","Ore","Rotenone",0.0564621139665711
"M","Ore","Rotenone",0.0607174828622085
"M","Ore","Rotenone",0.0595771470965021
"M","Ore","Rotenone",0.0604742689689333
"M","Ore","Rotenone",0.0577345405237797
"M","Ore","Rotenone",0.0606830912401599
"M","Ore","Rotenone",0.0570870880525793
"M","Ore","Rotenone",0.0686725255234355
"M","Ore","Rotenone",0.0499539732117865
"M","Ore","Rotenone",0.0592248154451012
"M","Ore","Rotenone",0.0606591528283538
"M","Ore","Rotenone",0.049089253517154
"M","Ore","Rotenone",0.0694490712408403
"M","Ore","Rotenone",0.0663492123092498
"M","Ore","Rotenone",0.0565384895083918
"M","Ore","Rotenone",0.0541036666076776
"M","Ore","Rotenone",0.0653527325361972
"M","Ore","Rotenone",0.038698247243362
"M","Ore","Rotenone",0.0610269039586531
"M","Ore","Rotenone",0.0424072562941801
"M","Ore","Rotenone",0.0638242813709597
"M","Ore","Rotenone",0.0500008205121914
"M","Ore","Rotenone",0.0568102051694438
"M","Ore","Rotenone",0.048753042702311
"M","Ore","Rotenone",0.0548573080190625
"M","Ore","Rotenone",0.0343390825626814
"M","Ore","Rotenone",0.0409814590659632
"M","Ore","Rotenone",0.0510818612312372
"M","Ore","Rotenone",0.069444935373387
"M","Ore","Rotenone",0.0624780205367182
"M","Ore","Rotenone",0.0692287537218148
"M","Ore","Rotenone",0.0573071860026316
"M","Ore","Rotenone",0.0417511831946914
"M","Ore","Rotenone",0.0556286223142365
"M","Ore","Rotenone",0.0482592448807316
"M","Ore","Rotenone",0.0525491442332375
"M","Ore","Rotenone",0.0413890234245932
"M","Ore","Rotenone",0.0560469923353195
"M","Ore","Rotenone",0.0663059279404414
"M","Ore","Rotenone",0.0500390282554026
"M","Ore","Rotenone",0.043190255345585
"M","Ore","Rotenone",0.0540643914831389
"M","Ore","Rotenone",0.065530542006796
"M","Ore","Rotenone",0.0435807203422788
"M","Ore","Rotenone",0.0497647182874136
"M","Ore","Rotenone",0.0571576959562319
"M","Ore","Rotenone",0.0565255687706659
"M","Ore","Rotenone",0.057468602172007
"M","Ore","Rotenone",0.0572009297967141
"M","Ore","Rotenone",0.0499805720873039
"M","Ore","Rotenone",0.0396529935777924
"M","Ore","Rotenone",0.0514025516207166
"M","Ore","Rotenone",0.0696284712214341
"M","Ore","Rotenone",0.058178382493209
"M","Ore","Rotenone",0.0379832103527859
"M","Ore","Rotenone",0.0553833343268931
"M","Ore","Rotenone",0.0619912065735008
"M","Ore","Rotenone",0.0505292052169901
"M","Ore","Rotenone",0.0550186207490035
"M","Ore","Rotenone",0.0461207146783848
"M","Ore","Rotenone",0.0483582564582123
"M","Ore","Rotenone",0.0623077837610349
"M","Ore","Rotenone",0.0590043506989439
"M","Ore","Rotenone",0.0438347210273588
"M","Ore","Rotenone",0.0344148306455819
"M","Ore","Rotenone",0.0519473067203363
"M","Ore","Rotenone",0.0446463444782208
"M","Ore","Rotenone",0.0641749753879177
"M","Ore","Rotenone",0.0456363879221873
"M","Ore","Rotenone",0.0642354895915425
"M","Ore","Rotenone",0.0642260240700455
"M","Ore","Rotenone",0.0594917263584846
"M","Ore","Rotenone",0.0508025274192449
"M","Ore","Rotenone",0.0649802000649245
"M","Ore","Rotenone",0.0725241999721372
"M","Ore","Rotenone",0.0546432940351987
"M","Ore","Rotenone",0.0500626947578971
"M","Ore","Rotenone",0.0677739399165829
"M","Ore","Rotenone",0.0529750246852912
"M","Ore","Rotenone",0.0608735230491824
"M","Ore","Rotenone",0.0683337123059911
"M","Ore","Rotenone",0.0501885857627125
"M","Ore","Rotenone",0.0471010882982958
"M","Ore","Rotenone",0.0474055775719205
"M","Ore","Rotenone",0.0378053844083793
"M","Ore","Rotenone",0.0520190128147973
"M","Ore","Rotenone",0.0594261472010737
"M","Ore","Rotenone",0.0471967536046751
"M","Ore","Rotenone",0.0345603799151798
"M","Ore","Rotenone",0.0519866256586496
"M","Ore","Rotenone",0.0548663979227653
"M","Ore","Rotenone",0.0537499762771657
"M","Ore","Rotenone",0.0494394945290263
"M","Ore","Rotenone",0.0567469917104942
"M","Ore","Rotenone",0.0665136849523803
"M","Ore","Rotenone",0.0703104683359474
"M","Ore","Rotenone",0.0702143054137245
"M","Ore","Rotenone",0.0496857256479582
"M","Ore","Rotenone",0.0378018441449947
"M","Ore","Rotenone",0.0470411222436249
"M","Ore","Rotenone",0.0573504305631149
"M","Ore","Rotenone",0.0530049131335097
"M","Ore","Rotenone",0.0366022780139293
"M","Ore","Rotenone",0.0705464572787093
"M","Ore","Rotenone",0.0387693008439193
"M","Ore","Rotenone",0.0437171499019721
"M","Ore","Rotenone",0.0444972859857318
"M","Ore","Rotenone",0.0328574855777043
"M","Ore","Rotenone",0.0657817565364557
"M","Ore","Rotenone",0.0721768352843864
"M","Ore","Rotenone",0.0543870343874277
"M","Ore","Rotenone",0.07188447930076
"M","Ore","Rotenone",0.0517362207970051
"M","Ore","Rotenone",0.0635336599284183
"M","Ore","Rotenone",0.0525863897371616
"M","Ore","Rotenone",0.0533699768436467
"M","Ore","Rotenone",0.0534054829049898
"M","Ore","Rotenone",0.0473900021031231
"M","Ore","Rotenone",0.073106441054037
"M","Ore","Rotenone",0.0244579618549787
"M","Ore","Rotenone",0.0579680603030493
"M","Ore","Rotenone",0.0547719100272908
"M","Ore","Rotenone",0.0497126692277638
"M","Ore","Rotenone",0.0469200422309085
"M","Ore","Rotenone",0.0708671772520332
"M","Ore","Rotenone",0.0589456258365593
"M","Ore","Rotenone",0.0583530875645553
"M","Ore","Rotenone",0.0710655933562372
"M","Ore","Rotenone",0.0410133295789272
"M","Ore","Rotenone",0.0582139958661001
"M","Ore","Rotenone",0.0599836469297783
"M","Ore","Rotenone",0.0435381366217786
"M","Ore","Rotenone",0.0416992178294378
"M","Ore","Rotenone",0.0538999520444157
"M","Ore","Rotenone",0.0615674673202477
"M","Ore","Rotenone",0.0678901209285218
"M","Ore","Rotenone",0.049579956327179
"M","Ore","Rotenone",0.0494635021675077
"M","Ore","Rotenone",0.0423380231859778
"M","Ore","Rotenone",0.0519634170656309
"M","Ore","Rotenone",0.049217473570902
"M","Ore","Rotenone",0.0610826715967773
"M","Ore","Rotenone",0.049494323944039
"M","Ore","Rotenone",0.0689638274250088
"M","Ore","Rotenone",0.0671776961538599
"M","Ore","Rotenone",0.057459889737504
"M","Ore","Rotenone",0.0465481629417369
"M","Ore","Rotenone",0.0554224435263601
"M","Ore","Rotenone",0.0405321816584981
"M","Ore","Rotenone",0.0652075129219799
"M","Ore","Rotenone",0.0403493433187266
"M","Ore","Rotenone",0.0567621147117482
"M","Ore","Rotenone",0.0455426482019713
"M","Ore","Rotenone",0.0345618072039476
"M","Ore","Rotenone",0.0387718018813313
"M","Ore","Rotenone",0.0615488188705858
"M","Ore","Rotenone",0.0699475434281607
"M","Ore","Rotenone",0.0622792911167064
"M","Ore","Rotenone",0.0537968666975103
"M","Ore","Rotenone",0.0517283473865843
"M","Ore","Rotenone",0.0652347800212795
"M","Ore","Rotenone",0.0587591890562774
"M","Ore","Rotenone",0.0373911992861264
"M","Ore","Rotenone",0.0621978128671206
"M","Ore","Rotenone",0.0319469583656539
"M","Ore","Rotenone",0.0710285829842574
"M","Ore","Rotenone",0.078683446572327
"M","Ore","Rotenone",0.0634235162938381
"M","Ore","Rotenone",0.0638019820635667
"M","Ore","Rotenone",0.0540493176367328
"M","Ore","Rotenone",0.0535075782633801
"M","Ore","Rotenone",0.0436638470841444
"M","Ore","Rotenone",0.0667945444080856
"M","Ore","Rotenone",0.0695775894000982
"M","Ore","Rotenone",0.0504609774405376
"M","Ore","Rotenone",0.0728105175904693
"M","Ore","Rotenone",0.0552966865891122
"M","Ore","Rotenone",0.0642525231317114
"M","Ore","Rotenone",0.0577262553800176
"M","Ore","Rotenone",0.0511014728053964
"M","Ore","Rotenone",0.05357061870078
"M","Ore","Rotenone",0.0577505399638821
"M","Ore","Rotenone",0.0409043672707537
"M","Ore","Rotenone",0.0643889657721592
"M","Ore","Rotenone",0.0521563613261965
"M","Ore","Rotenone",0.0593322541091478
"M","Ore","Rotenone",0.0819776973637607
"M","Ore","Rotenone",0.0724328326669505
"M","Ore","Rotenone",0.0420907337321582
"M","Ore","Rotenone",0.0604641737524357
"M","Ore","Rotenone",0.0369316847144455
"M","Ore","Rotenone",0.0622609164579073
"M","Ore","Rotenone",0.0526620614144558
"M","Ore","Rotenone",0.0514460915557984
"M","Ore","Rotenone",0.0602340960288566
"M","Ore","Rotenone",0.0686803821620777
"M","Ore","Rotenone",0.0544948119926284
"M","Ore","Rotenone",0.0501938654723202
"M","Ore","Rotenone",0.0429300272838015
"M","Ore","Rotenone",0.0600344167316809
"M","Ore","Rotenone",0.0597854814633616
"M","Ore","Rotenone",0.043537324418084
"M","Ore","Rotenone",0.0540388662231514
"M","Ore","Rotenone",0.0437882286778948
"M","Ore","Rotenone",0.0512630024602903
"M","Ore","Rotenone",0.0416181807128583
"M","Ore","Rotenone",0.0608835117366262
"M","Ore","Rotenone",0.0433145352595615
"M","Ore","Rotenone",0.0526508924268583
"M","Ore","Rotenone",0.0305857531411118
"M","Ore","Rotenone",0.0548979447571404
"M","Ore","Rotenone",0.0538891850302862
"M","Ore","Rotenone",0.0569348282789375
"M","Ore","Rotenone",0.0641466305482371
"M","Ore","Rotenone",0.0603431208486296
"M","Ore","Rotenone",0.0481113404627156
"M","Ore","Rotenone",0.0480458849930122
"M","Ore","Rotenone",0.0710191384955036
"M","Ore","Rotenone",0.0547823855101574
"M","Ore","Rotenone",0.0503122955999785
"M","Ore","Rotenone",0.0470691968725264
"M","Ore","Rotenone",0.0597683221068613
"M","Ore","Rotenone",0.055500291038773
"M","Ore","Rotenone",0.0626471823092142
"M","Ore","Rotenone",0.0592814972190677
"M","Ore","Rotenone",0.0460873815078123
"M","Ore","Rotenone",0.0551188832584864
"M","Ore","Rotenone",0.0581993645806785
"M","Ore","Rotenone",0.050594711775751
"M","Ore","Rotenone",0.0532383404933047
"M","Ore","Rotenone",0.0658097865557712
"M","Ore","Rotenone",0.0609845566381157
"M","Ore","Rotenone",0.0625712870056035
"M","Ore","Rotenone",0.0522262219268218
"M","Ore","Rotenone",0.0697722894799994
"M","Ore","Rotenone",0.0499496405420979
"M","Ore","Rotenone",0.0540852657694149
"M","Ore","Rotenone",0.0577308176994411
"M","Ore","Rotenone",0.0437874740755747
"M","Ore","Rotenone",0.0502868924351319
"M","Ore","Rotenone",0.0605333668253733
"M","Ore","Rotenone",0.0535361997848781
"M","Ore","Rotenone",0.0519875939409342
"M","Ore","Rotenone",0.0615364863353014
"M","Ore","Rotenone",0.0618257253091997
"M","Ore","Rotenone",0.0668187036807341
"M","Ore","Rotenone",0.0542866766124609
"M","Ore","Rotenone",0.0575442612151012
"M","Ore","Rotenone",0.060894462327561
"M","Ore","Rotenone",0.0573381659054829
"M","Ore","Rotenone",0.0663188459259725
"M","Ore","Rotenone",0.0647198528395192
"M","Ore","Rotenone",0.0405673016022858
"M","Ore","Rotenone",0.0476342258512302
"M","Ore","Rotenone",0.049913648364782
"M","Ore","Rotenone",0.0710646255301579
"M","Ore","Rotenone",0.0620292447574279
"M","Ore","Rotenone",0.0459550172527082
"M","Ore","Rotenone",0.0789494276305565
"M","Ore","Rotenone",0.0504924504939188
"M","Ore","Rotenone",0.0494258062684061
"M","Ore","Rotenone",0.0577207763243254
"M","Ore","Rotenone",0.0534644365262386
"M","Ore","Rotenone",0.0742645641062948
"M","Ore","Rotenone",0.0404189944799185
"M","Ore","Rotenone",0.0612853807416154
"M","Ore","Rotenone",0.0296882649319475
"M","Ore","Rotenone",0.0499204131603838
"M","Ore","Rotenone",0.0301865849981892
"M","Ore","Rotenone",0.0313963806567728
"M","Ore","Rotenone",0.0523663679018248
"M","Ore","Rotenone",0.0617858537956131
"M","Ore","Rotenone",0.0457225788414008
"M","Ore","Rotenone",0.0470342923146434
"M","Ore","Rotenone",0.0466402552002001
"M","Ore","Rotenone",0.0695711332409602
"M","Ore","Rotenone",0.0486440222913262
"M","Ore","Rotenone",0.0573168309854683
"M","Ore","Rotenone",0.0454143146113376
"M","Ore","Rotenone",0.0486256575972162
"M","Ore","Rotenone",0.0573802623353891
"M","Ore","Rotenone",0.057918147536851
"M","Ore","Rotenone",0.0594186035105989
"M","Ore","Rotenone",0.0524480542662326
"M","Ore","Rotenone",0.0570330634042242
"M","Ore","Rotenone",0.051516674993922
"M","Ore","Rotenone",0.0630241103390761
"M","Ore","Rotenone",0.0418576257346247
"M","Ore","Rotenone",0.0646326407098705
"M","Ore","Rotenone",0.0473624141567288
"M","Ore","Rotenone",0.0275159540004991
"M","Ore","Rotenone",0.0636730687970454
"M","Ore","Rotenone",0.0488457649492954
"M","Ore","Rotenone",0.0419326246323906
"M","Ore","Rotenone",0.0536262311673523
"M","Ore","Rotenone",0.0628971736089126
"M","Ore","Rotenone",0.0393797719002726
"M","Ore","Rotenone",0.0416107716922855
"M","Ore","Rotenone",0.067913179079941
"M","Ore","Rotenone",0.0452864571565074
"M","Ore","Rotenone",0.0400304979719496
"M","Ore","Rotenone",0.0682419547702255
"M","Ore","Rotenone",0.0551521393397869
"M","Ore","Rotenone",0.0405620417383748
"M","Ore","Rotenone",0.0553200425662206
"M","Ore","Rotenone",0.0587945593212703
"M","Ore","Rotenone",0.0794828434334017
"M","Ore","Rotenone",0.0637338146682131
"M","Ore","Rotenone",0.045986241066875
"M","Ore","Rotenone",0.0631844945770726
"M","Ore","Rotenone",0.0537715246023449
"M","Ore","Rotenone",0.0595601755849209
"M","Ore","Rotenone",0.0603127584578746
"M","Ore","Rotenone",0.039588639073766
"M","Ore","Rotenone",0.060759027811719
"M","Ore","Rotenone",0.0478370325567751
"M","Ore","Rotenone",0.0597659700310847
"M","Ore","Rotenone",0.0508701876397429
"M","Ore","Rotenone",0.0658507145407457
"M","Ore","Rotenone",0.0629280066932467
"M","Ore","Rotenone",0.0590731773791938
"M","Ore","Rotenone",0.0569128366654273
"M","Ore","Rotenone",0.0473971644821482
"M","Ore","Rotenone",0.0598151332740359
"M","Ore","Rotenone",0.0544445817897445
"M","Ore","Rotenone",0.0560782955005733
"M","Ore","Rotenone",0.0647482333973757
"M","Ore","Rotenone",0.0416898867116332
"M","Ore","Rotenone",0.0405323401887204
"M","Ore","Rotenone",0.0599250210491368
"M","Ore","Rotenone",0.0588860798381
"M","Ore","Rotenone",0.0395978812588217
"M","Ore","Rotenone",0.0325098943122014
"M","Ore","Rotenone",0.0676926228777739
"M","Ore","Rotenone",0.0334661612894243
"M","Ore","Rotenone",0.0506141340582618
"M","Ore","Rotenone",0.0590820716295329
"M","Ore","Rotenone",0.0525100756165696
"M","Ore","Rotenone",0.0409539504091619
"M","Ore","Rotenone",0.0747436132527906
"M","Ore","Rotenone",0.050248083167951
"M","Ore","Rotenone",0.051807344966446
"M","Ore","Rotenone",0.0413275155149573
"M","Ore","Rotenone",0.0429203852948293
"M","Ore","Rotenone",0.0545529832280324
"M","Ore","Rotenone",0.0406523188517067
"M","Ore","Rotenone",0.06671773825181
"M","Ore","Rotenone",0.0494030536245589
"M","Ore","Rotenone",0.0542267494764676
"M","Ore","Rotenone",0.0488333946972561
"M","Ore","Rotenone",0.059529318126914
"M","Ore","Rotenone",0.0523856716850646
"M","Ore","Rotenone",0.0498657083045521
"M","Ore","Rotenone",0.0478353529567922
"M","Ore","Rotenone",0.0614423770954291
"M","Ore","Rotenone",0.0660324322974384
"M","Ore","Rotenone",0.0754075449802288
"M","Ore","Rotenone",0.0789425237609558
"M","Ore","Rotenone",0.0701690127205692
"M","Ore","Rotenone",0.0376092435714211
"M","Ore","Rotenone",0.0505414959384698
"M","Ore","Rotenone",0.0490787608398442
"M","Ore","Rotenone",0.0394732848856544
"M","Ore","Rotenone",0.0546115098247698
"M","Ore","Rotenone",0.0449279983179445
"M","Ore","Rotenone",0.0456357471715841
"M","Ore","Rotenone",0.0665243636895845
"M","Ore","Rotenone",0.0570586629598394
"M","Ore","Rotenone",0.0587066237238877
"M","Ore","Rotenone",0.0726707461556102
"M","Ore","Rotenone",0.0565623552117337
"M","Ore","Rotenone",0.0671423915672605
"M","Ore","Rotenone",0.0556605088177579
"M","Ore","Rotenone",0.0718250788155283
"M","Ore","Rotenone",0.0759107054925756
"M","Ore","Rotenone",0.0357994137429698
"M","Ore","Rotenone",0.0241903148614859
"M","Ore","Rotenone",0.0762887065513269
"M","Ore","Rotenone",0.0465751392068617
"M","Ore","Rotenone",0.0601199926986905
"M","Ore","Rotenone",0.0528605120074581
"M","Ore","Rotenone",0.061099932816188
"M","Ore","Rotenone",0.0684032714403836
"M","Ore","Rotenone",0.05460171564391
"M","Ore","Rotenone",0.0592204789995481
"M","Ore","Rotenone",0.0363383212353315
"M","Ore","Rotenone",0.0536285880458941
"M","Ore","Rotenone",0.0673125838739655
"M","Ore","Rotenone",0.0585002599385552
"M","Ore","Rotenone",0.0562494963263156
"M","Ore","Rotenone",0.0535823974129151
"M","Ore","Rotenone",0.0565029657363447
"M","Ore","Rotenone",0.0434293919128717
"M","Ore","Rotenone",0.0487638672413575
"M","Ore","Rotenone",0.0454926280589717
"M","Ore","Rotenone",0.0374772823347889
"M","Ore","Rotenone",0.0460273220522431
"M","Ore","Rotenone",0.0553013058135507
"M","Ore","Rotenone",0.0635337547300192
"M","Ore","Rotenone",0.0574157685912162
"M","Ore","Rotenone",0.0560120396248849
"M","Ore","Rotenone",0.0613448906984087
"M","Ore","Rotenone",0.0517175364763804
"M","Ore","Rotenone",0.0393872328085982
"M","Ore","Rotenone",0.0612856412706429
"M","Ore","Rotenone",0.0481063522608144
"M","Ore","Rotenone",0.0405322598302627
"M","Ore","Rotenone",0.0558682309806997
"M","Ore","Rotenone",0.0715461517458536
"M","Ore","Rotenone",0.057849220491833
"M","Ore","Rotenone",0.0389209301758828
"M","Ore","Rotenone",0.0464814602520666
"M","Ore","Rotenone",0.0477755050878727
"M","Ore","Rotenone",0.0546282117956559
"M","Ore","Rotenone",0.0586177082661124
"M","Ore","Rotenone",0.0523067840489086
"M","Ore","Rotenone",0.0445838762280412
"M","Ore","Rotenone",0.0667799025424075
"M","Ore","Rotenone",0.0713800952370904
"M","Ore","Rotenone",0.0631643010698331
"M","Ore","Rotenone",0.0558135122984375
"M","Ore","Rotenone",0.0522734724116388
"M","Ore","Rotenone",0.0777303798602954
"M","Ore","Rotenone",0.0661604014888879
"M","Ore","Rotenone",0.0356456115966736
"M","Ore","Rotenone",0.0705366664784147
"M","Ore","Rotenone",0.0648734292643274
"M","Ore","Rotenone",0.0648901714743308
"M","Ore","Rotenone",0.0642522714809845
"M","Ore","Rotenone",0.0404324333387878
"M","Ore","Rotenone",0.0787190561075705
"M","Ore","Rotenone",0.0487097752685732
"M","Ore","Rotenone",0.0628473010937987
"M","Ore","Rotenone",0.0568003009265839
"M","Ore","Rotenone",0.0373253912142379
"M","Ore","Rotenone",0.063325208623898
"M","Ore","Rotenone",0.0592861993096337
"M","Ore","Rotenone",0.0721764563125589
"M","Ore","Rotenone",0.0567463987534071
"M","Ore","Rotenone",0.0458394015511492
"M","Ore","Rotenone",0.0412694765168278
"M","Ore","Rotenone",0.0513470191787364
"M","Ore","Rotenone",0.0572179149193741
"M","Ore","Rotenone",0.0443335262787995
"M","Ore","Rotenone",0.0506484252980916
"M","Ore","Rotenone",0.0525878070564112
"M","Ore","Rotenone",0.0412814915562865
"M","Ore","Rotenone",0.0386475231960287
"M","Ore","Rotenone",0.0546383409008157
"M","Ore","Rotenone",0.0475814726553271
"M","Ore","Rotenone",0.0699576585436649
"M","Ore","Rotenone",0.0691831893287366
"M","Ore","Rotenone",0.0474714477892213
"M","Ore","Rotenone",0.0505840689829261
"M","Ore","Rotenone",0.0529186473980344
"M","Ore","Rotenone",0.0508955153820081
"M","Ore","Rotenone",0.0634233189345632
"M","Ore","Rotenone",0.0596283707275422
"M","Ore","Rotenone",0.0540530978108829
"M","Ore","Rotenone",0.0666100313174519
"M","Ore","Rotenone",0.0514159817302485
"M","Ore","Rotenone",0.0509342106080851
"M","Ore","Rotenone",0.0307098248213716
"M","Ore","Rotenone",0.0705810198879432
"M","Ore","Rotenone",0.0408337579020538
"M","Ore","Rotenone",0.0585179855526441
"M","Ore","Rotenone",0.0690039488734501
"M","Ore","Rotenone",0.0482450247499219
"M","Ore","Rotenone",0.0618127151227254
"M","Ore","Rotenone",0.0575985875354483
"M","Ore","Rotenone",0.0573573616674664
"M","Ore","Rotenone",0.0620687435650828
"M","Ore","Rotenone",0.0589989181256061
"M","Ore","Rotenone",0.0561202604952548
"M","Ore","Rotenone",0.0693649719804456
"M","Ore","Rotenone",0.0509973685151203
"M","Ore","Rotenone",0.0680667697519936
"M","Ore","Rotenone",0.0597674106824195
"M","Ore","Rotenone",0.0620134877176216
"M","Ore","Rotenone",0.0533205363332659
"M","Ore","Rotenone",0.0468582531642591
"M","Ore","Rotenone",0.0616447267688934
"M","Ore","Rotenone",0.0661283187839558
"M","Ore","Rotenone",0.0475640405462563
"M","Ore","Rotenone",0.0637993936409734
"M","Ore","Rotenone",0.0368896931894302
"M","Ore","Rotenone",0.0525623812057139
"M","Ore","Rotenone",0.0498341024084857
"M","Ore","Rotenone",0.0710025202220153
"M","Ore","Rotenone",0.0570641281786929
"M","Ore","Rotenone",0.0543403862475048
"M","Ore","Rotenone",0.0309086066723259
"M","Ore","Rotenone",0.0565860694116105
"M","Ore","Rotenone",0.0413387773613625
"M","Ore","Rotenone",0.0655868760303791
"M","Ore","Rotenone",0.0607096287827013
"M","Ore","Rotenone",0.0522981992809833
"M","Ore","Rotenone",0.0543258694327788
"M","Ore","Rotenone",0.0476531342238817
"M","Ore","Rotenone",0.0453932630683442
"M","Ore","Rotenone",0.0480778028953157
"M","Ore","Rotenone",0.0424651992654448
"M","Ore","Rotenone",0.0562671151660408
"M","Ore","Rotenone",0.0784463376126068
"M","Ore","Rotenone",0.0630057856230915
"M","Ore","Rotenone",0.0560070991508697
"M","Ore","Rotenone",0.049616807157306
"M","Ore","Rotenone",0.0430280040888915
"M","Ore","Rotenone",0.0472311210710749
"M","Ore","Rotenone",0.0682445881268791
"M","Ore","Rotenone",0.0520077911389385
"M","Ore","Rotenone",0.0478745310450291
"M","Ore","Rotenone",0.0544006128212877
"M","Ore","Rotenone",0.0488673871694455
"M","Ore","Rotenone",0.0597306887531595
"M","Ore","Rotenone",0.0644062089789478
"M","Ore","Rotenone",0.0474501459080491
"M","Ore","Rotenone",0.0341515001058253
"M","Ore","Rotenone",0.0709363124026105
"M","Ore","Rotenone",0.0523073658351865
"M","Ore","Rotenone",0.0621890662506234
"M","Ore","Rotenone",0.0464516935593704
"M","Ore","Rotenone",0.0498440242473222
"M","Ore","Rotenone",0.0581603701121156
"M","Ore","Rotenone",0.0374682609817233
"M","Ore","Rotenone",0.0609103558092295
"M","Ore","Rotenone",0.0536307683069753
"M","Ore","Rotenone",0.0587148339683492
"M","Ore","Rotenone",0.0376730294187895
"M","Ore","Rotenone",0.0363528629366189
"M","Ore","Rotenone",0.045932979068056
"M","Ore","Rotenone",0.0431344302567246
"M","Ore","Rotenone",0.0368689189869566
"M","Ore","Rotenone",0.0650687157481199
"M","Ore","Rotenone",0.0687325853310374
"M","Ore","Rotenone",0.04981658636145
"M","Ore","Rotenone",0.0625374453232757
"M","Ore","Rotenone",0.05296181312631
"M","Ore","Rotenone",0.0651460152068736
"M","Ore","Rotenone",0.065695667359595
"M","Ore","Rotenone",0.0535411733167881
"M","Ore","Rotenone",0.0505021326702076
"M","Ore","Rotenone",0.0445665303040764
"M","Ore","Rotenone",0.0535270955415604
"M","Ore","Rotenone",0.0571788989271349
"M","Ore","Rotenone",0.0597292798777908
"M","Ore","Rotenone",0.0476865223333544
"M","Ore","Rotenone",0.0560592078046748
"M","Ore","Rotenone",0.0488422981044434
"M","Ore","Rotenone",0.0587065605649377
"M","Ore","Rotenone",0.0461724534316713
"M","Ore","Rotenone",0.0589508107316089
"M","Ore","Rotenone",0.0550605964537709
"M","Ore","Rotenone",0.0565920663735545
"M","Ore","Rotenone",0.053498971996597
"M","Ore","Rotenone",0.0656553292885585
"M","Ore","Rotenone",0.0320537125356415
"M","Ore","Rotenone",0.048011373630945
"M","Ore","Rotenone",0.0642447130510312
"M","Ore","Rotenone",0.0654654579707115
"M","Ore","Rotenone",0.0577523520371495
"M","Ore","Rotenone",0.0457787198265562
"M","Ore","Rotenone",0.0551481607284528
"M","Ore","Rotenone",0.0659469307833396
"M","Ore","Rotenone",0.0446432780011404
"M","Ore","Rotenone",0.0518162198873589
"M","Ore","Rotenone",0.052779246329376
"M","Ore","Rotenone",0.0638569872161551
"M","Ore","Rotenone",0.0478672378822203
"M","Ore","Rotenone",0.0622298522874083
"M","Ore","Rotenone",0.0539996944193058
"M","Ore","Rotenone",0.0556347118741263
"M","Ore","Rotenone",0.0491134007278015
"M","Ore","Rotenone",0.0593676532983026
"M","Ore","Rotenone",0.0758375568721093
"M","Ore","Rotenone",0.0503452878271662
"M","Ore","Rotenone",0.062652184191641
"M","Ore","Rotenone",0.0670890119218742
"M","Ore","Rotenone",0.0437182262052299
"M","Ore","Rotenone",0.0595221319384866
"M","Ore","Rotenone",0.0660337424441783
"M","Ore","Rotenone",0.0408104662946978
"M","Ore","Rotenone",0.037213938010505
"M","Ore","Rotenone",0.0679151707796223
"M","Ore","Rotenone",0.0474140533228258
"M","Ore","Rotenone",0.0668309824458096
"M","Ore","Rotenone",0.0598131260519493
"M","Ore","Rotenone",0.0650680271203014
"M","Ore","Rotenone",0.0587282805685952
"M","Ore","Rotenone",0.0562235028561622
"M","Ore","Rotenone",0.0738689837946385
"M","Ore","Rotenone",0.0612532591378341
"M","Ore","Rotenone",0.0487269714763365
"M","Ore","Rotenone",0.0398704831602641
"M","Ore","Rotenone",0.0688691847570376
"M","Ore","Rotenone",0.0566013969910778
"M","Ore","Rotenone",0.0522424580390726
"M","Ore","Rotenone",0.0411198333755625
"M","Ore","Rotenone",0.0467939657207614
"M","Ore","Rotenone",0.0407477778189661
"M","Ore","Rotenone",0.0387929481056575
"M","Ore","Rotenone",0.0607650095140628
"M","Ore","Rotenone",0.0565268788136941
"M","Ore","Rotenone",0.0645053198797347
"M","Ore","Rotenone",0.0425955753774824
"M","Ore","Rotenone",0.0487719180814741
"M","Ore","Rotenone",0.0524557979174208
"M","Ore","Rotenone",0.0373265781167569
"M","Ore","Rotenone",0.0540965150282436
"M","Ore","Rotenone",0.0591376348872372
"M","Ore","Rotenone",0.0596512019434432
"M","Ore","Rotenone",0.0473593994326391
"M","Ore","Rotenone",0.0473867319879066
"M","Ore","Rotenone",0.0440663162474404
"M","Ore","Rotenone",0.0707129308464105
"M","Ore","Rotenone",0.0439233172122796
"M","Ore","Rotenone",0.0434783643772243
"M","Ore","Rotenone",0.050186231282874
"M","Ore","Rotenone",0.0417000204744434
"M","Ore","Rotenone",0.0464641430161122
"M","Ore","Rotenone",0.0567202135066554
"M","Ore","Rotenone",0.0662989074118064
"M","Ore","Rotenone",0.0676177868840167
"M","Ore","Rotenone",0.0636874024480366
"M","Ore","Rotenone",0.0548975104861147
"M","Ore","Rotenone",0.0395583536855343
"M","Ore","Rotenone",0.036290164289199
"M","Ore","Rotenone",0.06530836147472
"M","Ore","Rotenone",0.0599213829523569
"M","Ore","Rotenone",0.0511858865110228
"M","Ore","Rotenone",0.0457906739710412
"M","Ore","Rotenone",0.0687013582888724
"M","Ore","Rotenone",0.0626080239222877
"M","Ore","Rotenone",0.0388366266036896
"M","Ore","Rotenone",0.0549251133251701
"M","Ore","Rotenone",0.059853690101308
"M","Ore","Rotenone",0.0468223302856867
"M","Ore","Rotenone",0.0561431566089697
"M","Ore","Rotenone",0.0531929979605745
"M","Ore","Rotenone",0.066284343921228
"M","Ore","Rotenone",0.050293426880071
"M","Ore","Rotenone",0.0652461489501998
"M","Ore","Rotenone",0.0506157046646271
"M","Ore","Rotenone",0.0473794047385072
"M","Ore","Rotenone",0.0477567705134343
"M","Ore","Rotenone",0.0552386871028421
"M","Ore","Rotenone",0.0436250531465341
"M","Ore","Rotenone",0.0490770204544312
"M","Ore","Rotenone",0.0557496294923267
"M","Ore","Rotenone",0.0566972434605261
"M","Ore","Rotenone",0.0436270805404903
"M","Ore","Rotenone",0.0385476923759038
"M","Ore","Rotenone",0.0571372445306857
"M","Ore","Rotenone",0.0576979211509706
"M","Ore","Rotenone",0.0504368042619601
"M","Ore","Rotenone",0.0438837610886621
"M","Ore","Rotenone",0.0681726218579253
"M","Ore","Rotenone",0.0363001853325074
"M","Ore","Rotenone",0.0617582835483915
"M","Ore","Rotenone",0.0653237460374178
"M","Ore","Rotenone",0.0429721373567669
"M","Ore","Rotenone",0.0679476857146575
"M","Ore","Rotenone",0.0601293685441478
"M","Ore","Rotenone",0.0567353350487537
"M","Ore","Rotenone",0.0608020178302833
"M","Ore","Rotenone",0.0426338833453959
"M","Ore","Rotenone",0.0600612430023236
"M","Ore","Rotenone",0.0564466322116866
"M","Ore","Rotenone",0.0425936111737585
"M","Ore","Rotenone",0.0505093515189933
"M","Ore","Rotenone",0.0433760095962504
"M","Ore","Rotenone",0.0599444779733919
"M","Ore","Rotenone",0.0523315175181491
"M","Ore","Rotenone",0.0437524158218295
"M","Ore","Rotenone",0.0430472864204962
"M","Ore","Rotenone",0.0640968378541829
"M","Ore","Rotenone",0.0505360743554872
"M","Ore","Rotenone",0.0390861722496692
"M","Ore","Rotenone",0.0571330592121783
"M","Ore","Rotenone",0.0564248878893865
"M","Ore","Rotenone",0.0363836494589239
"M","Ore","Rotenone",0.056345925673841
"M","Ore","Rotenone",0.0320727784294247
"M","Ore","Rotenone",0.0458800319084469
"M","Ore","Rotenone",0.0609816131284804
"M","Ore","Rotenone",0.0558520848574096
"M","Ore","Rotenone",0.0368744326831109
"M","Ore","Rotenone",0.0506812838221378
"M","Ore","Rotenone",0.0376289243548926
"M","Ore","Rotenone",0.0579666678210143
"M","Ore","Rotenone",0.0553888796436489
"M","Ore","Rotenone",0.0373817951830999
"M","Ore","Rotenone",0.0635299490428232
"M","Ore","Rotenone",0.064059074095319
"M","Ore","Rotenone",0.0580897167335455
"M","Ore","Rotenone",0.0764670482208159
"M","Ore","Rotenone",0.0697440588649815
"M","Ore","Rotenone",0.0626256104815439
"M","Ore","Rotenone",0.0479844443577101
"M","Ore","Rotenone",0.0488784363824845
"M","Ore","Rotenone",0.0495479995252829
"M","Ore","Rotenone",0.0598457040122991
"M","Ore","Rotenone",0.0545809499738701
"M","Ore","Rotenone",0.0431426193689696
"M","Ore","Rotenone",0.0383981187594887
"M","Ore","Rotenone",0.0603840322084419
"M","Ore","Rotenone",0.064980316891968
"M","Ore","Rotenone",0.059348631595434
"M","Ore","Rotenone",0.071816175383752
"M","Ore","Rotenone",0.0377317196342545
"M","Ore","Rotenone",0.0562289294421487
"M","Ore","Rotenone",0.0564178194280137
"M","Ore","Rotenone",0.057227106033237
"M","Ore","Rotenone",0.0594434307795258
"M","Ore","Rotenone",0.0316681624363385
"M","Ore","Rotenone",0.0700277004415195
"M","Ore","Rotenone",0.0494170522201355
"M","Ore","Rotenone",0.0529516020105583
"M","Ore","Rotenone",0.0468360392081515
"M","Ore","Rotenone",0.0594863921829651
"M","Ore","Rotenone",0.0752801060718776
"M","Ore","Rotenone",0.0587447705097654
"M","Ore","Rotenone",0.0447575583310622
"M","Ore","Rotenone",0.0610163785953483
"M","Ore","Rotenone",0.0508931104364865
"M","Ore","Rotenone",0.0441710211492962
"M","Ore","Rotenone",0.0568050616567556
"M","Ore","Rotenone",0.0413171216621637
"M","Ore","Rotenone",0.0410441370511932
"M","Ore","Rotenone",0.0362055581263373
"M","Ore","Rotenone",0.0484359217791746
"M","Ore","Rotenone",0.0547023776385621
"M","Ore","Rotenone",0.058993305202647
"M","Ore","Rotenone",0.0420574518273647
"M","Ore","Rotenone",0.0646898629271881
"M","Ore","Rotenone",0.0418288238684334
"M","Ore","Rotenone",0.0546672271717209
"M","Ore","Rotenone",0.0668879066400656
"M","Ore","Rotenone",0.0632967212628839
"M","Ore","Rotenone",0.046645347911931
"M","Ore","Rotenone",0.0533346980522921
"M","Ore","Rotenone",0.0747811283913107
"M","Ore","Rotenone",0.0613688871451907
"M","Ore","Rotenone",0.0671011818322716
"M","Ore","Rotenone",0.0543696971050617
"M","Ore","Rotenone",0.0530669667144336
"M","Ore","Rotenone",0.0746182497152519
"M","Ore","Rotenone",0.0549413924226908
"M","Ore","Rotenone",0.074165563932625
"M","Ore","Rotenone",0.059254830432366
"M","Ore","Rotenone",0.0617085117254059
"M","Ore","Rotenone",0.0644187400915242
"M","Ore","Rotenone",0.055694200115166
"M","Ore","Rotenone",0.0617129063760258
"M","Ore","Rotenone",0.0740266789812896
"M","Ore","Rotenone",0.0658805856332861
"M","Ore","Rotenone",0.0646944210805562
"M","Ore","Rotenone",0.0621392227832399
"M","Ore","Rotenone",0.060747036600967
"M","Ore","Rotenone",0.0527094643614048
"M","Ore","Rotenone",0.0601493659822972
"M","Ore","Rotenone",0.0687324733759581
"M","Ore","Rotenone",0.0416895906213372
"M","Ore","Rotenone",0.0647597201369665
"M","Ore","Rotenone",0.0393827077259478
"M","Ore","Rotenone",0.0526470251304945
"M","Ore","Rotenone",0.0634499945221882
"M","Ore","Rotenone",0.0546465054735231
"M","Ore","Rotenone",0.0625222967716021
"M","Ore","Rotenone",0.0711666016166799
"M","Ore","Rotenone",0.0480489453074145
"M","Ore","Rotenone",0.0584893057226969
"M","Ore","Rotenone",0.0645933470852854
"M","Ore","Rotenone",0.0612251529711732
"M","Ore","Rotenone",0.0499764397731685
"M","Ore","Rotenone",0.0375238010719932
"M","Ore","Rotenone",0.0582592728245053
"M","Ore","Rotenone",0.0564833872361714
"M","Ore","Rotenone",0.0489092570395008
"M","Ore","Rotenone",0.0467545691491507
"M","Ore","Rotenone",0.0803127026230445
"M","Ore","Rotenone",0.0602413009821457
"M","Ore","Rotenone",0.0745700680344105
"M","Ore","Rotenone",0.0688819468310539
"M","Ore","Rotenone",0.0586706522235986
"M","Ore","Rotenone",0.0552121630526101
"M","Ore","Rotenone",0.0338621548177077
"M","Ore","Rotenone",0.0572361811787091
"M","Ore","Rotenone",0.0406047949945217
"M","Ore","Rotenone",0.0505679907437104
"M","Ore","Rotenone",0.0576163398643858
"M","Ore","Rotenone",0.0570063160593958
"M","Ore","Rotenone",0.062462556161765
"M","Ore","Rotenone",0.0455912743157283
"M","Ore","Rotenone",0.0728080557604572
"M","Ore","Rotenone",0.0426048282016861
"M","Ore","Rotenone",0.0368795811671775
"M","Ore","Rotenone",0.0639176715053134
"M","Ore","Rotenone",0.0506808491480985
"M","Ore","Rotenone",0.0653264906450311
"M","Ore","Rotenone",0.0479115084938256
"M","Ore","Rotenone",0.0500269160777356
"M","Ore","Rotenone",0.042434715010566
"M","Ore","Rotenone",0.0632726425969904
"M","Ore","Rotenone",0.0429083330617287
"M","Ore","Rotenone",0.0555481425765776
"M","Ore","Rotenone",0.0575567868261722
"M","Ore","Rotenone",0.0511531851043101
"M","Ore","Rotenone",0.0731581675788368
"M","Ore","Rotenone",0.0533011549220726
"M","Ore","Rotenone",0.0384504490857405
"M","Ore","Rotenone",0.0542546403438283
"M","Ore","Rotenone",0.0631474494405486
"M","Ore","Rotenone",0.033430470936846
"M","Ore","Rotenone",0.060765550359529
"M","Ore","Rotenone",0.0472076234356017
"M","Ore","Rotenone",0.0472512609868819
"M","Ore","Rotenone",0.04202572698184
"M","Ore","Rotenone",0.0521551085872253
"M","Ore","Rotenone",0.061948179436482
"M","Ore","Rotenone",0.0518256897531796
"M","Ore","Rotenone",0.0502086441024249
"M","Ore","Rotenone",0.0568497507396181
"M","Ore","Rotenone",0.0695604820732635
"M","Ore","Rotenone",0.0592145883778997
"M","Ore","Rotenone",0.036068856708039
"M","Ore","Rotenone",0.0633609997862551
"M","Ore","Rotenone",0.0620229799141501
"M","Ore","Rotenone",0.0524996724288904
"M","Ore","Rotenone",0.0529291179000856
"M","Ore","Rotenone",0.0456112511660509
"M","Ore","Rotenone",0.0618425213622264
"M","Ore","Rotenone",0.0499443245610005
"M","Ore","Rotenone",0.059650372772765
"M","Ore","Rotenone",0.057526292861683
"M","Ore","Rotenone",0.0508787498412765
"M","Ore","Rotenone",0.0454364335647077
"M","Ore","Rotenone",0.0329319005725958
"M","Ore","Rotenone",0.0497389433075858
"M","Ore","Rotenone",0.0445760454658627
"M","Ore","Rotenone",0.0594038344290351
"M","Ore","Rotenone",0.0517219549799884
"M","Ore","Rotenone",0.0392525752408097
"M","Ore","Rotenone",0.0617241928092667
"M","Ore","Rotenone",0.0723392600244013
"M","Ore","Rotenone",0.0608894397055895
"M","Ore","Rotenone",0.06899785723573
"M","Ore","Rotenone",0.042977927879053
"M","Ore","Rotenone",0.0753475221755257
"M","Ore","Rotenone",0.0362472817696204
"M","Ore","Rotenone",0.0622575261011334
"M","Ore","Rotenone",0.0615734116403791
"M","Ore","Rotenone",0.0401766031270914
"M","Ore","Rotenone",0.0576805034449279
"M","Ore","Rotenone",0.067697840009241
"M","Ore","Rotenone",0.0285053874504289
"M","Ore","Rotenone",0.0555415094032257
"M","Ore","Rotenone",0.044709664429479
