"Sex","Nuc","Treatment","boot"
"F","375","Control",0.0904349820472061
"F","375","Control",0.0884083313915065
"F","375","Control",0.0948617033824601
"F","375","Control",0.116237079145343
"F","375","Control",0.0658657161083701
"F","375","Control",0.0883914698404756
"F","375","Control",0.0824940043723884
"F","375","Control",0.0847265349219069
"F","375","Control",0.0789843985974447
"F","375","Control",0.0587885541503513
"F","375","Control",0.0813947748930658
"F","375","Control",0.095019059982564
"F","375","Control",0.10063043702306
"F","375","Control",0.0892237049822969
"F","375","Control",0.0952451108169153
"F","375","Control",0.0837525067041643
"F","375","Control",0.0858756891859728
"F","375","Control",0.0747162060414546
"F","375","Control",0.0801789931319542
"F","375","Control",0.0807371548057403
"F","375","Control",0.068042619245799
"F","375","Control",0.108038399657191
"F","375","Control",0.0967515122177274
"F","375","Control",0.0861706224343573
"F","375","Control",0.105868061688042
"F","375","Control",0.112382139759699
"F","375","Control",0.0954156289559508
"F","375","Control",0.0899126762076269
"F","375","Control",0.0626131369706045
"F","375","Control",0.0912973298857317
"F","375","Control",0.0955546200362373
"F","375","Control",0.0969397985304252
"F","375","Control",0.0847461089541244
"F","375","Control",0.0766484529228985
"F","375","Control",0.0876230177497405
"F","375","Control",0.0955145281648837
"F","375","Control",0.118233900573317
"F","375","Control",0.102255244310042
"F","375","Control",0.0818534584174641
"F","375","Control",0.0823978121040476
"F","375","Control",0.0964928713015446
"F","375","Control",0.0761254149283529
"F","375","Control",0.0719132544619746
"F","375","Control",0.0829125601616823
"F","375","Control",0.0750722842939578
"F","375","Control",0.0863765453927563
"F","375","Control",0.104097553121166
"F","375","Control",0.0925775334175577
"F","375","Control",0.0849197565135283
"F","375","Control",0.0887698079131436
"F","375","Control",0.0682497285537363
"F","375","Control",0.107598485921451
"F","375","Control",0.0748241752357332
"F","375","Control",0.09867886464847
"F","375","Control",0.0958061238122724
"F","375","Control",0.0827310712123767
"F","375","Control",0.0966791488577499
"F","375","Control",0.0841743560498312
"F","375","Control",0.0917452958922815
"F","375","Control",0.0778976200962862
"F","375","Control",0.0966182934140074
"F","375","Control",0.101914002079557
"F","375","Control",0.0963602367666647
"F","375","Control",0.109489909665111
"F","375","Control",0.0928196171400465
"F","375","Control",0.0931934849933664
"F","375","Control",0.115002442908964
"F","375","Control",0.076761609868714
"F","375","Control",0.0954023752884478
"F","375","Control",0.0838258942548034
"F","375","Control",0.103397628448021
"F","375","Control",0.0932696950107352
"F","375","Control",0.0872517993547113
"F","375","Control",0.0984081381792158
"F","375","Control",0.0843108399496654
"F","375","Control",0.0780251408421758
"F","375","Control",0.111918223586989
"F","375","Control",0.0834842062754305
"F","375","Control",0.0926338434318312
"F","375","Control",0.103163645710288
"F","375","Control",0.0800125391451109
"F","375","Control",0.101036408739972
"F","375","Control",0.09092633357884
"F","375","Control",0.0810224125253203
"F","375","Control",0.0871241190415796
"F","375","Control",0.107298551187241
"F","375","Control",0.087743982921592
"F","375","Control",0.0901524799307397
"F","375","Control",0.0946355249704007
"F","375","Control",0.0991038046848564
"F","375","Control",0.102579684749669
"F","375","Control",0.0673661040026662
"F","375","Control",0.105275802798322
"F","375","Control",0.102817962642113
"F","375","Control",0.0768849709731454
"F","375","Control",0.110615374120152
"F","375","Control",0.074824753561716
"F","375","Control",0.0844612325145506
"F","375","Control",0.0817733233310655
"F","375","Control",0.0820278604896406
"F","375","Control",0.103193145488171
"F","375","Control",0.0717368553457523
"F","375","Control",0.100166202125133
"F","375","Control",0.0873086000513621
"F","375","Control",0.093766267337374
"F","375","Control",0.0915168031041433
"F","375","Control",0.0945520525870722
"F","375","Control",0.0885320669539577
"F","375","Control",0.0941609048771631
"F","375","Control",0.112377026992921
"F","375","Control",0.0821008482113485
"F","375","Control",0.0826724751142405
"F","375","Control",0.0900371553785493
"F","375","Control",0.0796901258444402
"F","375","Control",0.0684659432676965
"F","375","Control",0.098203627340528
"F","375","Control",0.0754886835474144
"F","375","Control",0.0942674046016835
"F","375","Control",0.0855981611928469
"F","375","Control",0.0960694176774801
"F","375","Control",0.0855029343609908
"F","375","Control",0.0977825610324487
"F","375","Control",0.0937732438019296
"F","375","Control",0.0965119884884208
"F","375","Control",0.0844387979716508
"F","375","Control",0.0846209318810107
"F","375","Control",0.0869941172092311
"F","375","Control",0.091717286418063
"F","375","Control",0.0883918298820036
"F","375","Control",0.0973628611421331
"F","375","Control",0.0736072674806988
"F","375","Control",0.0889461911653743
"F","375","Control",0.0963984096533045
"F","375","Control",0.0873721358958435
"F","375","Control",0.0784815213114264
"F","375","Control",0.0929397050506458
"F","375","Control",0.107282091259731
"F","375","Control",0.101916699371693
"F","375","Control",0.0966053937563803
"F","375","Control",0.0749674884539649
"F","375","Control",0.0725132461009803
"F","375","Control",0.0928491953093312
"F","375","Control",0.0793321077557739
"F","375","Control",0.0880570666600196
"F","375","Control",0.0693718887344435
"F","375","Control",0.0827815460693305
"F","375","Control",0.0997080060301965
"F","375","Control",0.101877687309873
"F","375","Control",0.069690672817578
"F","375","Control",0.0929071137665634
"F","375","Control",0.0808308554979469
"F","375","Control",0.0914686426015141
"F","375","Control",0.0774534968671668
"F","375","Control",0.0922964977803424
"F","375","Control",0.10378558769366
"F","375","Control",0.0786665803874174
"F","375","Control",0.0820830632851389
"F","375","Control",0.105577523477596
"F","375","Control",0.116700715711526
"F","375","Control",0.0986443092817678
"F","375","Control",0.0986895213980493
"F","375","Control",0.0797476174818482
"F","375","Control",0.107370871032002
"F","375","Control",0.0800217727373268
"F","375","Control",0.0939071821378831
"F","375","Control",0.0978647997147867
"F","375","Control",0.100158182875863
"F","375","Control",0.0779224260410934
"F","375","Control",0.0881671155473042
"F","375","Control",0.0933651309616724
"F","375","Control",0.0829516318472117
"F","375","Control",0.0802120667499554
"F","375","Control",0.0940163401736261
"F","375","Control",0.0846362268051144
"F","375","Control",0.109015123625895
"F","375","Control",0.0997071539094475
"F","375","Control",0.122267199985075
"F","375","Control",0.0837179037985626
"F","375","Control",0.0850809610567328
"F","375","Control",0.0773515282288125
"F","375","Control",0.106831308365878
"F","375","Control",0.0864672006249744
"F","375","Control",0.0964931453102025
"F","375","Control",0.0766578126993663
"F","375","Control",0.0794113350831294
"F","375","Control",0.102199725158545
"F","375","Control",0.0816982869452886
"F","375","Control",0.0938366738372078
"F","375","Control",0.0769893643008006
"F","375","Control",0.0744026450635366
"F","375","Control",0.0788006967061068
"F","375","Control",0.0888920325773206
"F","375","Control",0.0763812100171873
"F","375","Control",0.105434980907481
"F","375","Control",0.0992880185248705
"F","375","Control",0.0958572119866404
"F","375","Control",0.0743491595247213
"F","375","Control",0.0673678869017347
"F","375","Control",0.106317631606892
"F","375","Control",0.0914852728936129
"F","375","Control",0.076506372627811
"F","375","Control",0.10305397310787
"F","375","Control",0.0800582384340067
"F","375","Control",0.115189593244521
"F","375","Control",0.0996848944041904
"F","375","Control",0.0950816901632864
"F","375","Control",0.094484770037606
"F","375","Control",0.0801324036963117
"F","375","Control",0.114723104015785
"F","375","Control",0.0805166996237322
"F","375","Control",0.0926204135425076
"F","375","Control",0.0973842776831881
"F","375","Control",0.0713825893517206
"F","375","Control",0.0685672536565164
"F","375","Control",0.122339146219235
"F","375","Control",0.0877027296596027
"F","375","Control",0.094864534232689
"F","375","Control",0.0982580860623968
"F","375","Control",0.0999081697809463
"F","375","Control",0.0908634599406449
"F","375","Control",0.0954617855453907
"F","375","Control",0.0948195404892384
"F","375","Control",0.0969229743358938
"F","375","Control",0.0850125202192174
"F","375","Control",0.101295397012519
"F","375","Control",0.0808942629728394
"F","375","Control",0.0905285084794806
"F","375","Control",0.0863944166930264
"F","375","Control",0.0588431205959166
"F","375","Control",0.102423672838729
"F","375","Control",0.0860562928228565
"F","375","Control",0.0826557094121801
"F","375","Control",0.089310444983076
"F","375","Control",0.0759174200569448
"F","375","Control",0.0740322429725412
"F","375","Control",0.0597561207217407
"F","375","Control",0.0836551694767491
"F","375","Control",0.0882732775294425
"F","375","Control",0.106041258508877
"F","375","Control",0.102847009385768
"F","375","Control",0.0886810518639377
"F","375","Control",0.0926428895245299
"F","375","Control",0.0784886419788288
"F","375","Control",0.0801554928019765
"F","375","Control",0.0785882908040527
"F","375","Control",0.0940260386018562
"F","375","Control",0.0980228406488445
"F","375","Control",0.074133089829998
"F","375","Control",0.0898324620725689
"F","375","Control",0.0905071714990865
"F","375","Control",0.0883581888120063
"F","375","Control",0.0998039118610847
"F","375","Control",0.0888297282584533
"F","375","Control",0.0831898264101309
"F","375","Control",0.0825750725295606
"F","375","Control",0.0818963916547188
"F","375","Control",0.0822841402694371
"F","375","Control",0.0585953150383111
"F","375","Control",0.0852465702141488
"F","375","Control",0.110833325275451
"F","375","Control",0.104247553538036
"F","375","Control",0.094948770034326
"F","375","Control",0.0916150246900478
"F","375","Control",0.0998214618306113
"F","375","Control",0.0699680726830947
"F","375","Control",0.0743427370707525
"F","375","Control",0.0934497478695482
"F","375","Control",0.0696766923147485
"F","375","Control",0.0759698298381848
"F","375","Control",0.0910268291463154
"F","375","Control",0.104462255943908
"F","375","Control",0.0874951778993787
"F","375","Control",0.0866138892105778
"F","375","Control",0.120556814472816
"F","375","Control",0.100357157508786
"F","375","Control",0.114853399966349
"F","375","Control",0.0608948580855221
"F","375","Control",0.0736809212280162
"F","375","Control",0.101848938736851
"F","375","Control",0.0857385040031354
"F","375","Control",0.0876510414771645
"F","375","Control",0.0884062131700156
"F","375","Control",0.0894536912995965
"F","375","Control",0.0978196383543196
"F","375","Control",0.0756225645479078
"F","375","Control",0.0973589219886253
"F","375","Control",0.0779626049445246
"F","375","Control",0.0541607848453765
"F","375","Control",0.0799835511046704
"F","375","Control",0.0941876612520993
"F","375","Control",0.0928151487871629
"F","375","Control",0.074897172488189
"F","375","Control",0.0734110147293903
"F","375","Control",0.0833275268620579
"F","375","Control",0.0907266809636773
"F","375","Control",0.0917130415255656
"F","375","Control",0.071140640888621
"F","375","Control",0.0759806599499495
"F","375","Control",0.102182281092773
"F","375","Control",0.0946132339299567
"F","375","Control",0.0901125891930451
"F","375","Control",0.0868517647448092
"F","375","Control",0.0838386256882473
"F","375","Control",0.0820089943761053
"F","375","Control",0.105794582916732
"F","375","Control",0.0853597303421156
"F","375","Control",0.0822208688117036
"F","375","Control",0.0703575194986814
"F","375","Control",0.101113722736186
"F","375","Control",0.0778481799004941
"F","375","Control",0.0987638075016482
"F","375","Control",0.0722503395159434
"F","375","Control",0.0787962697043007
"F","375","Control",0.0822662730844308
"F","375","Control",0.0974822166429538
"F","375","Control",0.0870339467704709
"F","375","Control",0.0855865727512934
"F","375","Control",0.0993259777301951
"F","375","Control",0.101658472134752
"F","375","Control",0.0963528783808498
"F","375","Control",0.0988079810454976
"F","375","Control",0.113324457866912
"F","375","Control",0.0747865689506084
"F","375","Control",0.0991017498928325
"F","375","Control",0.109226406077323
"F","375","Control",0.09934163568593
"F","375","Control",0.0996472084164115
"F","375","Control",0.0975989229351084
"F","375","Control",0.107884918815516
"F","375","Control",0.0686830009695758
"F","375","Control",0.0940686673304424
"F","375","Control",0.113956718438855
"F","375","Control",0.0901019168997496
"F","375","Control",0.0803746289796787
"F","375","Control",0.0883787090687314
"F","375","Control",0.0909914199402484
"F","375","Control",0.0923890428330971
"F","375","Control",0.106558493058898
"F","375","Control",0.102288940355391
"F","375","Control",0.0922911573086216
"F","375","Control",0.0744981108991597
"F","375","Control",0.100680791570537
"F","375","Control",0.0869653462761556
"F","375","Control",0.0732695894515623
"F","375","Control",0.111858787830134
"F","375","Control",0.0932421566664874
"F","375","Control",0.0791640890624255
"F","375","Control",0.101983047171462
"F","375","Control",0.0773584062704733
"F","375","Control",0.0927568468821347
"F","375","Control",0.100284764159897
"F","375","Control",0.120620100884018
"F","375","Control",0.0931367072659592
"F","375","Control",0.0875486557215489
"F","375","Control",0.0781978668461496
"F","375","Control",0.0778966281344325
"F","375","Control",0.090234955225261
"F","375","Control",0.10931757997158
"F","375","Control",0.10081181027581
"F","375","Control",0.0954169056878173
"F","375","Control",0.0756006375444373
"F","375","Control",0.110208417124449
"F","375","Control",0.0923891554073557
"F","375","Control",0.0773772724623623
"F","375","Control",0.0837916398292535
"F","375","Control",0.0935173348436948
"F","375","Control",0.0898157640458118
"F","375","Control",0.0917554919657329
"F","375","Control",0.0953179207247757
"F","375","Control",0.0901565059181079
"F","375","Control",0.0785019682107973
"F","375","Control",0.0822163966401386
"F","375","Control",0.0822083897941051
"F","375","Control",0.0972706184028962
"F","375","Control",0.0968235232808966
"F","375","Control",0.100133571285819
"F","375","Control",0.072964253106366
"F","375","Control",0.0900947154519522
"F","375","Control",0.0760672446532752
"F","375","Control",0.0944828318954226
"F","375","Control",0.10374920073908
"F","375","Control",0.096398802834003
"F","375","Control",0.0877796946346249
"F","375","Control",0.086331442510667
"F","375","Control",0.101368029835213
"F","375","Control",0.0827796821901903
"F","375","Control",0.0870753950214963
"F","375","Control",0.101113631183135
"F","375","Control",0.0830738978141685
"F","375","Control",0.0929970596859018
"F","375","Control",0.0850752946229037
"F","375","Control",0.110380931546944
"F","375","Control",0.080362875556335
"F","375","Control",0.0939106743554819
"F","375","Control",0.0661764074866836
"F","375","Control",0.0884397075310718
"F","375","Control",0.0934437229356161
"F","375","Control",0.108350025072219
"F","375","Control",0.0866209437588438
"F","375","Control",0.105913825655491
"F","375","Control",0.112763383166284
"F","375","Control",0.0946813964442737
"F","375","Control",0.094414649801196
"F","375","Control",0.100870786811691
"F","375","Control",0.0814931543600736
"F","375","Control",0.117709003362466
"F","375","Control",0.0817970585257939
"F","375","Control",0.0684250121385319
"F","375","Control",0.0850027292335304
"F","375","Control",0.0775046306435976
"F","375","Control",0.0956979233088566
"F","375","Control",0.0914767592807075
"F","375","Control",0.0846564165496961
"F","375","Control",0.081056031570308
"F","375","Control",0.106950983977239
"F","375","Control",0.105066237944487
"F","375","Control",0.101792917740334
"F","375","Control",0.0855099085591022
"F","375","Control",0.0948824600557597
"F","375","Control",0.0746329874968695
"F","375","Control",0.0869398316884188
"F","375","Control",0.0776418558411634
"F","375","Control",0.0728323613018035
"F","375","Control",0.0695019119949986
"F","375","Control",0.0781316893688526
"F","375","Control",0.102776270777708
"F","375","Control",0.0811523334381433
"F","375","Control",0.101755668452996
"F","375","Control",0.0894922860268114
"F","375","Control",0.0816738766852967
"F","375","Control",0.0966462653910718
"F","375","Control",0.104676546769149
"F","375","Control",0.122271132395
"F","375","Control",0.114314208402882
"F","375","Control",0.102883680899472
"F","375","Control",0.0883047285059071
"F","375","Control",0.0721957806601949
"F","375","Control",0.0904830147774466
"F","375","Control",0.0879485656621076
"F","375","Control",0.0932303936657393
"F","375","Control",0.0875537125577195
"F","375","Control",0.0973970713977405
"F","375","Control",0.0869094158162529
"F","375","Control",0.0890063866430394
"F","375","Control",0.0706704112529475
"F","375","Control",0.0809158193860362
"F","375","Control",0.0929455624617506
"F","375","Control",0.0896620266140871
"F","375","Control",0.0928775602800957
"F","375","Control",0.0935355572686507
"F","375","Control",0.0866666418788649
"F","375","Control",0.0831496272980806
"F","375","Control",0.0741783750675525
"F","375","Control",0.0688799035784582
"F","375","Control",0.0851328157920514
"F","375","Control",0.0956513218545874
"F","375","Control",0.1209585690422
"F","375","Control",0.083237661805196
"F","375","Control",0.0813643419419774
"F","375","Control",0.0716707944169648
"F","375","Control",0.0800441169368564
"F","375","Control",0.0786985718266451
"F","375","Control",0.0720162525564458
"F","375","Control",0.0552194875598657
"F","375","Control",0.0851067556152612
"F","375","Control",0.0889261860726961
"F","375","Control",0.0864481796323379
"F","375","Control",0.0949285531459228
"F","375","Control",0.0808456932224972
"F","375","Control",0.0907722422163925
"F","375","Control",0.117937324604433
"F","375","Control",0.0791483493852297
"F","375","Control",0.0771025121740745
"F","375","Control",0.085124812246035
"F","375","Control",0.0828648462403064
"F","375","Control",0.0655509180661975
"F","375","Control",0.0986907830312477
"F","375","Control",0.08697465622458
"F","375","Control",0.104601456604454
"F","375","Control",0.0793161460916823
"F","375","Control",0.100778055737294
"F","375","Control",0.0991072851331466
"F","375","Control",0.100408978067914
"F","375","Control",0.0684422536821633
"F","375","Control",0.0861740487366463
"F","375","Control",0.0888036422289794
"F","375","Control",0.0947499739833545
"F","375","Control",0.0825338697448315
"F","375","Control",0.0737026617387848
"F","375","Control",0.0786257000786599
"F","375","Control",0.0964882100868173
"F","375","Control",0.0968898144139353
"F","375","Control",0.106550322210153
"F","375","Control",0.0818086467518179
"F","375","Control",0.0804947740191195
"F","375","Control",0.0974760096446889
"F","375","Control",0.101093827969977
"F","375","Control",0.0866884492889296
"F","375","Control",0.0976968939493745
"F","375","Control",0.104577697327997
"F","375","Control",0.0798119749996319
"F","375","Control",0.0956516414543497
"F","375","Control",0.098428338011945
"F","375","Control",0.0826934571111115
"F","375","Control",0.0773737893795616
"F","375","Control",0.0924523895508615
"F","375","Control",0.0889903237020769
"F","375","Control",0.0986114494573212
"F","375","Control",0.0781173851995067
"F","375","Control",0.0913868272477678
"F","375","Control",0.0964492604741036
"F","375","Control",0.0892399145380935
"F","375","Control",0.0746043340253923
"F","375","Control",0.0592638593798079
"F","375","Control",0.0989221423815663
"F","375","Control",0.0596285914531249
"F","375","Control",0.0851477844521015
"F","375","Control",0.098603356975522
"F","375","Control",0.0944730179026629
"F","375","Control",0.0906882619994519
"F","375","Control",0.0879996671544603
"F","375","Control",0.0797131297810758
"F","375","Control",0.103971922104131
"F","375","Control",0.0891088058826583
"F","375","Control",0.0821497353411298
"F","375","Control",0.0875627565176814
"F","375","Control",0.0721439929175514
"F","375","Control",0.0840183441801496
"F","375","Control",0.108846660617561
"F","375","Control",0.103952931902954
"F","375","Control",0.105013152443169
"F","375","Control",0.0990022972851219
"F","375","Control",0.0872786691156157
"F","375","Control",0.0766349095488
"F","375","Control",0.0854275625021572
"F","375","Control",0.0961637688049727
"F","375","Control",0.101458184958561
"F","375","Control",0.0721779115628639
"F","375","Control",0.104192223561966
"F","375","Control",0.094118656303648
"F","375","Control",0.107696739165895
"F","375","Control",0.0946534363086986
"F","375","Control",0.0998369639835476
"F","375","Control",0.103298345377812
"F","375","Control",0.0867019286769502
"F","375","Control",0.11161709964713
"F","375","Control",0.0909303453948753
"F","375","Control",0.0990582410753925
"F","375","Control",0.0610050149315095
"F","375","Control",0.102845875751164
"F","375","Control",0.0836096421375043
"F","375","Control",0.0904099870268684
"F","375","Control",0.0788268405080917
"F","375","Control",0.0797214238665321
"F","375","Control",0.0905579791906887
"F","375","Control",0.0845570808883553
"F","375","Control",0.0977574013706102
"F","375","Control",0.0961109242883074
"F","375","Control",0.0914655632485468
"F","375","Control",0.0792542816170033
"F","375","Control",0.0716841443113498
"F","375","Control",0.079526310317944
"F","375","Control",0.0914941311322436
"F","375","Control",0.0865219786199038
"F","375","Control",0.0811492619528346
"F","375","Control",0.0974750379423381
"F","375","Control",0.104710112682074
"F","375","Control",0.10092374877388
"F","375","Control",0.0869156926969607
"F","375","Control",0.0745648977869627
"F","375","Control",0.0809588586969116
"F","375","Control",0.081126328179653
"F","375","Control",0.0971147111638355
"F","375","Control",0.0907407600675574
"F","375","Control",0.0697262357389585
"F","375","Control",0.0666802055253931
"F","375","Control",0.0880451632992733
"F","375","Control",0.115973044225341
"F","375","Control",0.092284539603257
"F","375","Control",0.0838388619689187
"F","375","Control",0.0925561909704213
"F","375","Control",0.105977198614877
"F","375","Control",0.0841012975984479
"F","375","Control",0.105159849409428
"F","375","Control",0.0945765300845406
"F","375","Control",0.085953462911262
"F","375","Control",0.0975251017113738
"F","375","Control",0.0962675590958076
"F","375","Control",0.0819701861980863
"F","375","Control",0.109264038531369
"F","375","Control",0.101093158920256
"F","375","Control",0.0948772558567618
"F","375","Control",0.0720710316406909
"F","375","Control",0.0846397347846366
"F","375","Control",0.0762571833150306
"F","375","Control",0.0895785834631139
"F","375","Control",0.0921835457416658
"F","375","Control",0.0846353327186487
"F","375","Control",0.0748453126323254
"F","375","Control",0.0813428431175524
"F","375","Control",0.0809441478344278
"F","375","Control",0.0822443351094927
"F","375","Control",0.0958972705283827
"F","375","Control",0.0850697256649287
"F","375","Control",0.0966239357648475
"F","375","Control",0.0850589723827561
"F","375","Control",0.0834211812569019
"F","375","Control",0.106626355955238
"F","375","Control",0.0822146672272275
"F","375","Control",0.0986342046245351
"F","375","Control",0.0779135269610357
"F","375","Control",0.0934714198264416
"F","375","Control",0.0891376575062229
"F","375","Control",0.0963814124457517
"F","375","Control",0.0980997365498011
"F","375","Control",0.104618992993718
"F","375","Control",0.0875739540178896
"F","375","Control",0.0921081379879412
"F","375","Control",0.0781021489771646
"F","375","Control",0.0871651474192154
"F","375","Control",0.104748519603008
"F","375","Control",0.104703620698223
"F","375","Control",0.0989969914841861
"F","375","Control",0.134889321897651
"F","375","Control",0.0980919645373282
"F","375","Control",0.0777376926193862
"F","375","Control",0.0628980979846211
"F","375","Control",0.0762007063263035
"F","375","Control",0.0964665306882835
"F","375","Control",0.101757974142085
"F","375","Control",0.0835903368978899
"F","375","Control",0.0823207056549238
"F","375","Control",0.0996490793894995
"F","375","Control",0.0889118881775817
"F","375","Control",0.0867641670666719
"F","375","Control",0.0795651800300996
"F","375","Control",0.0844160698347096
"F","375","Control",0.0923712799244236
"F","375","Control",0.0687745433804529
"F","375","Control",0.0912656284418498
"F","375","Control",0.0845869911879649
"F","375","Control",0.0871765085691855
"F","375","Control",0.0749639848679515
"F","375","Control",0.0989430693089479
"F","375","Control",0.0952471270109488
"F","375","Control",0.0869770370043212
"F","375","Control",0.0871175002788368
"F","375","Control",0.0812207703114159
"F","375","Control",0.0946162427290779
"F","375","Control",0.0982598837256023
"F","375","Control",0.102252129869753
"F","375","Control",0.068976450522475
"F","375","Control",0.0758227570181935
"F","375","Control",0.0623893209504772
"F","375","Control",0.0832878988489346
"F","375","Control",0.0888205128943246
"F","375","Control",0.113203778823729
"F","375","Control",0.0846457279286568
"F","375","Control",0.0801535351549189
"F","375","Control",0.0946224244683736
"F","375","Control",0.114602678040609
"F","375","Control",0.0920952771584238
"F","375","Control",0.0786405527118572
"F","375","Control",0.08626335125944
"F","375","Control",0.111757296742222
"F","375","Control",0.0982039300086691
"F","375","Control",0.0856031388827445
"F","375","Control",0.0668948565705085
"F","375","Control",0.106138550106249
"F","375","Control",0.091735675912336
"F","375","Control",0.091244776177792
"F","375","Control",0.117831185179314
"F","375","Control",0.0947823974850947
"F","375","Control",0.0980692563998503
"F","375","Control",0.0828377259798712
"F","375","Control",0.107157143817703
"F","375","Control",0.100611518858868
"F","375","Control",0.0991599980893172
"F","375","Control",0.100169981161345
"F","375","Control",0.105623881645222
"F","375","Control",0.0895477722649721
"F","375","Control",0.0810743636216885
"F","375","Control",0.0730265410743063
"F","375","Control",0.0668008988732745
"F","375","Control",0.0985303051360166
"F","375","Control",0.0576020324894907
"F","375","Control",0.0987534678544497
"F","375","Control",0.083970810947513
"F","375","Control",0.0842176400723958
"F","375","Control",0.0764797769685481
"F","375","Control",0.0933206605700984
"F","375","Control",0.0945525128024108
"F","375","Control",0.105542776839511
"F","375","Control",0.0976306390448854
"F","375","Control",0.107696758232052
"F","375","Control",0.0893978761654068
"F","375","Control",0.096153038057143
"F","375","Control",0.0579787739296318
"F","375","Control",0.0866888336885449
"F","375","Control",0.10443402318581
"F","375","Control",0.100054372082423
"F","375","Control",0.093665641621728
"F","375","Control",0.0863760202888914
"F","375","Control",0.0782339584952757
"F","375","Control",0.0654383040793813
"F","375","Control",0.0956028226335726
"F","375","Control",0.0940944219735815
"F","375","Control",0.0902818894711771
"F","375","Control",0.0971501025110815
"F","375","Control",0.0949685173387077
"F","375","Control",0.0904384732953733
"F","375","Control",0.0726604959975592
"F","375","Control",0.0852475229255072
"F","375","Control",0.0930070764953329
"F","375","Control",0.0926980408987551
"F","375","Control",0.103691844647144
"F","375","Control",0.0832855653789603
"F","375","Control",0.0885071557865009
"F","375","Control",0.0890821564507455
"F","375","Control",0.0911609246592429
"F","375","Control",0.102977624201161
"F","375","Control",0.110549640824157
"F","375","Control",0.0630485357525162
"F","375","Control",0.113559160412325
"F","375","Control",0.0818901636261153
"F","375","Control",0.0847063546548341
"F","375","Control",0.0802567989226649
"F","375","Control",0.0764139902643279
"F","375","Control",0.0926210811001918
"F","375","Control",0.0938122375952194
"F","375","Control",0.0778137551119743
"F","375","Control",0.0764266674193859
"F","375","Control",0.0757956663701003
"F","375","Control",0.0940320120343373
"F","375","Control",0.0744941894713222
"F","375","Control",0.0983461007035871
"F","375","Control",0.094073605470289
"F","375","Control",0.10205402096602
"F","375","Control",0.0790062209203603
"F","375","Control",0.0996682810926888
"F","375","Control",0.10530444787353
"F","375","Control",0.0722180217440689
"F","375","Control",0.106080310277034
"F","375","Control",0.115904192989616
"F","375","Control",0.0714749572177238
"F","375","Control",0.0954618990039812
"F","375","Control",0.101044556538744
"F","375","Control",0.100762398205285
"F","375","Control",0.0938064843079396
"F","375","Control",0.0846653654977994
"F","375","Control",0.0924990860689321
"F","375","Control",0.105009071163115
"F","375","Control",0.0836423904413423
"F","375","Control",0.0920127673864094
"F","375","Control",0.0749770092866739
"F","375","Control",0.0946296320779628
"F","375","Control",0.0858844278199963
"F","375","Control",0.0738079594929987
"F","375","Control",0.096677657212695
"F","375","Control",0.0900603153590465
"F","375","Control",0.0767479070238021
"F","375","Control",0.109994855792434
"F","375","Control",0.0990173857221065
"F","375","Control",0.09103638529551
"F","375","Control",0.0740469744342906
"F","375","Control",0.0954933165671004
"F","375","Control",0.0906464158031762
"F","375","Control",0.0634130823853939
"F","375","Control",0.067686873897383
"F","375","Control",0.094218354335704
"F","375","Control",0.0918116329003108
"F","375","Control",0.0896767579028329
"F","375","Control",0.0703842819347908
"F","375","Control",0.0849277413866742
"F","375","Control",0.088378812979393
"F","375","Control",0.077360090822526
"F","375","Control",0.090200002663217
"F","375","Control",0.0638059865321419
"F","375","Control",0.0895370124188821
"F","375","Control",0.0783286572845804
"F","375","Control",0.0846035944390866
"F","375","Control",0.0917506075964397
"F","375","Control",0.0947610100090864
"F","375","Control",0.0911864291357614
"F","375","Control",0.0905968633906823
"F","375","Control",0.0750121234181781
"F","375","Control",0.0954981497643481
"F","375","Control",0.110602745311609
"F","375","Control",0.104622727613698
"F","375","Control",0.0953060679995372
"F","375","Control",0.0986031603971118
"F","375","Control",0.082195115291984
"F","375","Control",0.0870663546053219
"F","375","Control",0.0963964421496756
"F","375","Control",0.0732964487202602
"F","375","Control",0.086770505574435
"F","375","Control",0.118410799256415
"F","375","Control",0.0838470037390345
"F","375","Control",0.0809939107632579
"F","375","Control",0.077085578499886
"F","375","Control",0.0865248428020921
"F","375","Control",0.102344617330468
"F","375","Control",0.071164969606359
"F","375","Control",0.0731251888312332
"F","375","Control",0.0970468134422997
"F","375","Control",0.101852412111238
"F","375","Control",0.0923816613573493
"F","375","Control",0.0785892367040835
"F","375","Control",0.0898190893252133
"F","375","Control",0.0840281610612745
"F","375","Control",0.0887970728480082
"F","375","Control",0.073506455551289
"F","375","Control",0.0989942780498034
"F","375","Control",0.113836178967136
"F","375","Control",0.103641178937091
"F","375","Control",0.0965658819352029
"F","375","Control",0.0615293623713441
"F","375","Control",0.0926984089171514
"F","375","Control",0.0755467914245198
"F","375","Control",0.102231954206235
"F","375","Control",0.0899801901297279
"F","375","Control",0.0896077056376105
"F","375","Control",0.117524965597032
"F","375","Control",0.0929699656552489
"F","375","Control",0.0925493856296452
"F","375","Control",0.100715418039455
"F","375","Control",0.0940211928449339
"F","375","Control",0.111630393146415
"F","375","Control",0.0877601660097588
"F","375","Control",0.109084738401183
"F","375","Control",0.0921552699637553
"F","375","Control",0.089893802271808
"F","375","Control",0.0904458612814468
"F","375","Control",0.0808603766343108
"F","375","Control",0.105068183540538
"F","375","Control",0.107341064523458
"F","375","Control",0.0870493660797915
"F","375","Control",0.104086941374603
"F","375","Control",0.0932839879896522
"F","375","Control",0.0968368683016674
"F","375","Control",0.0900295343885955
"F","375","Control",0.0837511549478107
"F","375","Control",0.0961138476946676
"F","375","Control",0.0999565592088566
"F","375","Control",0.0730355614285307
"F","375","Control",0.0774988371106506
"F","375","Control",0.0781138493224912
"F","375","Control",0.0884849350890128
"F","375","Control",0.091194304909691
"F","375","Control",0.0863738364738196
"F","375","Control",0.0824498111431479
"F","375","Control",0.0869540150155163
"F","375","Control",0.0767992416172034
"F","375","Control",0.0987346274375025
"F","375","Control",0.0664896637681908
"F","375","Control",0.0986382770685665
"F","375","Control",0.082412193350548
"F","375","Control",0.102198589362492
"F","375","Control",0.104813679633699
"F","375","Control",0.089510048276105
"F","375","Control",0.072548854243187
"F","375","Control",0.083409965897409
"F","375","Control",0.07637341228171
"F","375","Control",0.0875941160671888
"F","375","Control",0.0943961250536458
"F","375","Control",0.0715703893983504
"F","375","Control",0.0752821442606475
"F","375","Control",0.0861800565639503
"F","375","Control",0.10191112757574
"F","375","Control",0.0940737339011048
"F","375","Control",0.110901164626997
"F","375","Control",0.0915646996473548
"F","375","Control",0.0766026139925379
"F","375","Control",0.0718290830470388
"F","375","Control",0.112417671016041
"F","375","Control",0.0931123979323135
"F","375","Control",0.0927943823793326
"F","375","Control",0.0759697325818776
"F","375","Control",0.08164551076878
"F","375","Control",0.096296853702308
"F","375","Control",0.090765028876695
"F","375","Control",0.0874476948631887
"F","375","Control",0.0996208528835442
"F","375","Control",0.106680063692239
"F","375","Control",0.0817213706740192
"F","375","Control",0.0661200744310199
"F","375","Control",0.088571988610046
"F","375","Control",0.0985682433073989
"F","375","Control",0.103465434482323
"F","375","Control",0.0936828983964293
"F","375","Control",0.0986725242824902
"F","375","Control",0.104164336765031
"F","375","Control",0.106945129995471
"F","375","Control",0.064745372760921
"F","375","Control",0.100126780360176
"F","375","Control",0.0907237252974793
"F","375","Control",0.100987222669405
"F","375","Control",0.0845489045086926
"F","375","Control",0.0635340102292
"F","375","Control",0.0991684717407776
"F","375","Control",0.0914700531359733
"F","375","Control",0.0740943924042246
"F","375","Control",0.111270950255946
"F","375","Control",0.0890637356757552
"F","375","Control",0.0996303128581769
"F","375","Control",0.0895555805634179
"F","375","Control",0.0884665227720885
"F","375","Control",0.104636393714653
"F","375","Control",0.112083589314199
"F","375","Control",0.114282780617166
"F","375","Control",0.0885121331566933
"F","375","Control",0.102120910255673
"F","375","Control",0.105737571296128
"F","375","Control",0.0782124654403803
"F","375","Control",0.0951239867268863
"F","375","Control",0.0869670071524702
"F","375","Control",0.0758243899203453
"F","375","Control",0.0771812444675486
"F","375","Control",0.08101085362089
"F","375","Control",0.0724974668550455
"F","375","Control",0.0934180623650906
"F","375","Control",0.0698734679553813
"F","375","Control",0.0912855439712963
"F","375","Control",0.0913664183517262
"F","375","Control",0.086885056870661
"F","375","Control",0.0932330457280102
"F","375","Control",0.082588820185225
"F","375","Control",0.105692402220071
"F","375","Control",0.0862948084022337
"F","375","Control",0.0651035099439879
"F","375","Control",0.115700974979636
"F","375","Control",0.0859396823706453
"F","375","Control",0.105670799902219
"F","375","Control",0.108852648905438
"F","375","Control",0.0969095779168217
"F","375","Control",0.0829936315074339
"F","375","Control",0.0921408056728156
"F","375","Control",0.080008107627566
"F","375","Control",0.0839215991113688
"F","375","Control",0.0994270028110309
"F","375","Control",0.102971837163539
"F","375","Control",0.0835554140095829
"F","375","Control",0.0985641016066464
"F","375","Control",0.0838167299350456
"F","375","Control",0.104178044438572
"F","375","Control",0.0938167046792394
"F","375","Control",0.0852155895956295
"F","375","Control",0.0929125156813574
"F","375","Control",0.0880664220719713
"F","375","Control",0.0931518009994574
"F","375","Control",0.0909088844821344
"F","375","Control",0.0706686385585245
"F","375","Control",0.0824444097793613
"F","375","Control",0.0833573344902874
"F","375","Control",0.0993179992232693
"F","375","Control",0.0970543766976607
"F","375","Control",0.092545301855731
"F","375","Control",0.080147316210207
"F","375","Control",0.0629400989356467
"F","375","Control",0.0834603633218942
"F","375","Control",0.0778390547487564
"F","375","Control",0.0974754097988927
"F","375","Control",0.0898733048664253
"F","375","Control",0.0912254503654229
"F","375","Control",0.0898977798003998
"F","375","Control",0.06969816071645
"F","375","Control",0.0804742594953772
"F","375","Control",0.0917502810993947
"F","375","Control",0.0758169724668044
"F","375","Control",0.104198664615104
"F","375","Control",0.0991814833032595
"F","375","Control",0.0990527727656204
"F","375","Control",0.112585737358423
"F","375","Control",0.0775479307738226
"F","375","Control",0.10315160800007
"F","375","Control",0.0745553784116753
"F","375","Control",0.0921605487731774
"F","375","Control",0.0695176948325975
"F","375","Control",0.0816911320885507
"F","375","Control",0.0895056420079223
"F","375","Control",0.0762538475899
"F","375","Control",0.0771751513726484
"F","375","Control",0.115660111980674
"F","375","Control",0.0800176830611127
"F","375","Control",0.100034024191929
"F","375","Control",0.0777931660663309
"F","375","Control",0.0907477732167176
"F","375","Control",0.0623362025015569
"F","375","Control",0.0870868165374351
"F","375","Control",0.116496193708757
"F","375","Control",0.0941804501462902
"F","375","Control",0.0880320391544906
"F","375","Control",0.0954478945865198
"F","375","Control",0.0629067063704408
"F","375","Control",0.0885965253449722
"F","375","Control",0.100432421994704
"F","375","Control",0.0832064994496294
"F","375","Control",0.076842207518213
"F","375","Control",0.104626659404327
"F","375","Control",0.0895542156545375
"F","375","Rotenone",0.100636181521683
"F","375","Rotenone",0.0994728067450774
"F","375","Rotenone",0.0958280680180449
"F","375","Rotenone",0.10566415523691
"F","375","Rotenone",0.0939693486872165
"F","375","Rotenone",0.132027680053265
"F","375","Rotenone",0.118366307077572
"F","375","Rotenone",0.0965701985805261
"F","375","Rotenone",0.0971439024367766
"F","375","Rotenone",0.0960032878122367
"F","375","Rotenone",0.0972483117198254
"F","375","Rotenone",0.118346470269991
"F","375","Rotenone",0.0982958942898024
"F","375","Rotenone",0.127346839591655
"F","375","Rotenone",0.136316151786412
"F","375","Rotenone",0.116465701934375
"F","375","Rotenone",0.117252912740247
"F","375","Rotenone",0.107960153254084
"F","375","Rotenone",0.120216746814875
"F","375","Rotenone",0.108046831655609
"F","375","Rotenone",0.137395788352889
"F","375","Rotenone",0.130979002845437
"F","375","Rotenone",0.0946099913381877
"F","375","Rotenone",0.115566567831351
"F","375","Rotenone",0.116907360778654
"F","375","Rotenone",0.119653915283506
"F","375","Rotenone",0.141715649509432
"F","375","Rotenone",0.0935508487378736
"F","375","Rotenone",0.0899583306265045
"F","375","Rotenone",0.0724241033881429
"F","375","Rotenone",0.132328562613037
"F","375","Rotenone",0.112048874400236
"F","375","Rotenone",0.110721438007029
"F","375","Rotenone",0.132340209960806
"F","375","Rotenone",0.112286427733136
"F","375","Rotenone",0.123789829254291
"F","375","Rotenone",0.12646262028349
"F","375","Rotenone",0.103016984727161
"F","375","Rotenone",0.124033438225853
"F","375","Rotenone",0.079679187677848
"F","375","Rotenone",0.113436823453873
"F","375","Rotenone",0.0806815329527378
"F","375","Rotenone",0.0970444746592467
"F","375","Rotenone",0.132283856041866
"F","375","Rotenone",0.129992103642027
"F","375","Rotenone",0.0886335914775566
"F","375","Rotenone",0.122270964255288
"F","375","Rotenone",0.104257751483851
"F","375","Rotenone",0.110334049842874
"F","375","Rotenone",0.111166518737948
"F","375","Rotenone",0.0838087797327046
"F","375","Rotenone",0.10640698495543
"F","375","Rotenone",0.0912870765710103
"F","375","Rotenone",0.10801421969365
"F","375","Rotenone",0.118926875753364
"F","375","Rotenone",0.128772593581743
"F","375","Rotenone",0.0777498575433955
"F","375","Rotenone",0.102003680441689
"F","375","Rotenone",0.132489721592221
"F","375","Rotenone",0.106428857762622
"F","375","Rotenone",0.110948795081675
"F","375","Rotenone",0.113444375421634
"F","375","Rotenone",0.11214104722873
"F","375","Rotenone",0.110078013207162
"F","375","Rotenone",0.113004813779382
"F","375","Rotenone",0.0998256287672718
"F","375","Rotenone",0.137172862571528
"F","375","Rotenone",0.0974236639449454
"F","375","Rotenone",0.0985253369909884
"F","375","Rotenone",0.114468396079308
"F","375","Rotenone",0.126261867932641
"F","375","Rotenone",0.12314356462482
"F","375","Rotenone",0.130610378860169
"F","375","Rotenone",0.110646324305058
"F","375","Rotenone",0.111516824578012
"F","375","Rotenone",0.108657569010155
"F","375","Rotenone",0.111551910567165
"F","375","Rotenone",0.0834549100558078
"F","375","Rotenone",0.0963133370542058
"F","375","Rotenone",0.118574987094683
"F","375","Rotenone",0.114573811657269
"F","375","Rotenone",0.124346359450468
"F","375","Rotenone",0.115522544025895
"F","375","Rotenone",0.0990459119411418
"F","375","Rotenone",0.12010786422843
"F","375","Rotenone",0.152133684968201
"F","375","Rotenone",0.104053972310417
"F","375","Rotenone",0.111202602416149
"F","375","Rotenone",0.115399577090495
"F","375","Rotenone",0.11016756723923
"F","375","Rotenone",0.136398211033813
"F","375","Rotenone",0.124420378904573
"F","375","Rotenone",0.097256066529041
"F","375","Rotenone",0.0895011434114748
"F","375","Rotenone",0.126103141340996
"F","375","Rotenone",0.0897928978766491
"F","375","Rotenone",0.135928880355415
"F","375","Rotenone",0.102769878524384
"F","375","Rotenone",0.115758312829288
"F","375","Rotenone",0.135191025182114
"F","375","Rotenone",0.117289885989598
"F","375","Rotenone",0.118464426217789
"F","375","Rotenone",0.0944196738010375
"F","375","Rotenone",0.104845171794789
"F","375","Rotenone",0.102602122747566
"F","375","Rotenone",0.124701197496676
"F","375","Rotenone",0.0916862247341892
"F","375","Rotenone",0.0848283070614273
"F","375","Rotenone",0.120849188659182
"F","375","Rotenone",0.104024569066406
"F","375","Rotenone",0.111706954692742
"F","375","Rotenone",0.129423256808196
"F","375","Rotenone",0.131889068617285
"F","375","Rotenone",0.118723293586848
"F","375","Rotenone",0.121248716994347
"F","375","Rotenone",0.106474744466665
"F","375","Rotenone",0.114176987404304
"F","375","Rotenone",0.123346645943221
"F","375","Rotenone",0.106577703414255
"F","375","Rotenone",0.144510352105739
"F","375","Rotenone",0.12149068400834
"F","375","Rotenone",0.095391491298804
"F","375","Rotenone",0.099327093165114
"F","375","Rotenone",0.120725689340322
"F","375","Rotenone",0.107877760421396
"F","375","Rotenone",0.121803054486266
"F","375","Rotenone",0.108747813780827
"F","375","Rotenone",0.107644856781952
"F","375","Rotenone",0.101303039451496
"F","375","Rotenone",0.108168493211607
"F","375","Rotenone",0.117424718512321
"F","375","Rotenone",0.0858177376648053
"F","375","Rotenone",0.118485667606072
"F","375","Rotenone",0.108930177345352
"F","375","Rotenone",0.1060094173177
"F","375","Rotenone",0.1087421873742
"F","375","Rotenone",0.103413239424885
"F","375","Rotenone",0.0990165179857646
"F","375","Rotenone",0.122129043766004
"F","375","Rotenone",0.094739743928149
"F","375","Rotenone",0.111292128744357
"F","375","Rotenone",0.117568744362224
"F","375","Rotenone",0.115979812634955
"F","375","Rotenone",0.0981810830622367
"F","375","Rotenone",0.0954227007631494
"F","375","Rotenone",0.12536633575569
"F","375","Rotenone",0.132842400890137
"F","375","Rotenone",0.104787656938342
"F","375","Rotenone",0.141987752767252
"F","375","Rotenone",0.113997267732646
"F","375","Rotenone",0.101082262866361
"F","375","Rotenone",0.0988900519695719
"F","375","Rotenone",0.126874194316457
"F","375","Rotenone",0.113972121972704
"F","375","Rotenone",0.117733632756437
"F","375","Rotenone",0.0975232519418722
"F","375","Rotenone",0.106924846224719
"F","375","Rotenone",0.0955307217227673
"F","375","Rotenone",0.128217718142156
"F","375","Rotenone",0.0994799128455639
"F","375","Rotenone",0.117260767439729
"F","375","Rotenone",0.0937738296401692
"F","375","Rotenone",0.108502436975552
"F","375","Rotenone",0.116411763240344
"F","375","Rotenone",0.105775758400316
"F","375","Rotenone",0.0888454743704785
"F","375","Rotenone",0.086194250587014
"F","375","Rotenone",0.0975824121491936
"F","375","Rotenone",0.097086633931361
"F","375","Rotenone",0.0873333108345685
"F","375","Rotenone",0.123640275911016
"F","375","Rotenone",0.129361957670117
"F","375","Rotenone",0.131659104348318
"F","375","Rotenone",0.126301468453625
"F","375","Rotenone",0.0913573479893686
"F","375","Rotenone",0.1326940407457
"F","375","Rotenone",0.129894183473007
"F","375","Rotenone",0.118743387893033
"F","375","Rotenone",0.101510224708705
"F","375","Rotenone",0.119062935182173
"F","375","Rotenone",0.121895881212887
"F","375","Rotenone",0.122781057757781
"F","375","Rotenone",0.114980234634353
"F","375","Rotenone",0.100967988460093
"F","375","Rotenone",0.126227092699192
"F","375","Rotenone",0.108226096908339
"F","375","Rotenone",0.0850151965018151
"F","375","Rotenone",0.126212842270038
"F","375","Rotenone",0.113648808646239
"F","375","Rotenone",0.0964750561155336
"F","375","Rotenone",0.114926632101143
"F","375","Rotenone",0.129030810978286
"F","375","Rotenone",0.113434957875313
"F","375","Rotenone",0.109245707597591
"F","375","Rotenone",0.11954132289529
"F","375","Rotenone",0.13275077794828
"F","375","Rotenone",0.12075133195511
"F","375","Rotenone",0.111019347976149
"F","375","Rotenone",0.120047691717015
"F","375","Rotenone",0.109316870792025
"F","375","Rotenone",0.0963992886845896
"F","375","Rotenone",0.115543637547939
"F","375","Rotenone",0.118281927531349
"F","375","Rotenone",0.135889899745031
"F","375","Rotenone",0.12600421126504
"F","375","Rotenone",0.090631285719753
"F","375","Rotenone",0.10909730544432
"F","375","Rotenone",0.104516115989425
"F","375","Rotenone",0.092404227439159
"F","375","Rotenone",0.094870185265174
"F","375","Rotenone",0.0967650799521413
"F","375","Rotenone",0.115402242487071
"F","375","Rotenone",0.114443280394133
"F","375","Rotenone",0.0942602778635702
"F","375","Rotenone",0.0890112500727029
"F","375","Rotenone",0.115177703243375
"F","375","Rotenone",0.122123582780442
"F","375","Rotenone",0.101598535037437
"F","375","Rotenone",0.108519914762577
"F","375","Rotenone",0.120243822836641
"F","375","Rotenone",0.100059972791777
"F","375","Rotenone",0.099897865897592
"F","375","Rotenone",0.138365670426859
"F","375","Rotenone",0.11703482373507
"F","375","Rotenone",0.115986170142693
"F","375","Rotenone",0.0847541545169383
"F","375","Rotenone",0.105189693152337
"F","375","Rotenone",0.114743708427053
"F","375","Rotenone",0.122578518095232
"F","375","Rotenone",0.115889240193626
"F","375","Rotenone",0.0911544331727839
"F","375","Rotenone",0.0976274863381838
"F","375","Rotenone",0.0987560026787466
"F","375","Rotenone",0.112882885307979
"F","375","Rotenone",0.0982377053854421
"F","375","Rotenone",0.103341169144281
"F","375","Rotenone",0.0876703947671127
"F","375","Rotenone",0.120272986360331
"F","375","Rotenone",0.135550587379039
"F","375","Rotenone",0.12425915582993
"F","375","Rotenone",0.0850027795951785
"F","375","Rotenone",0.108523291937227
"F","375","Rotenone",0.113529017660955
"F","375","Rotenone",0.124351350208583
"F","375","Rotenone",0.12136780470582
"F","375","Rotenone",0.0956966429572303
"F","375","Rotenone",0.100879393819021
"F","375","Rotenone",0.114701238030631
"F","375","Rotenone",0.0981983362473768
"F","375","Rotenone",0.103604340770154
"F","375","Rotenone",0.109372839000194
"F","375","Rotenone",0.126241887267059
"F","375","Rotenone",0.0978249108735948
"F","375","Rotenone",0.0966026515765676
"F","375","Rotenone",0.0974379915478725
"F","375","Rotenone",0.119372220854634
"F","375","Rotenone",0.0996902280671463
"F","375","Rotenone",0.124765477154082
"F","375","Rotenone",0.118541039572187
"F","375","Rotenone",0.131280212029524
"F","375","Rotenone",0.108653899284597
"F","375","Rotenone",0.0964020938681537
"F","375","Rotenone",0.0973574209201075
"F","375","Rotenone",0.110749010567388
"F","375","Rotenone",0.121780201569532
"F","375","Rotenone",0.125500293435055
"F","375","Rotenone",0.0912457421368813
"F","375","Rotenone",0.106283490828666
"F","375","Rotenone",0.132963253551347
"F","375","Rotenone",0.133324407729051
"F","375","Rotenone",0.0870498794043149
"F","375","Rotenone",0.0890115571423461
"F","375","Rotenone",0.125855746989109
"F","375","Rotenone",0.103054510476293
"F","375","Rotenone",0.0941249282190798
"F","375","Rotenone",0.130796263284915
"F","375","Rotenone",0.106881824699137
"F","375","Rotenone",0.119469346441876
"F","375","Rotenone",0.108190592922556
"F","375","Rotenone",0.137208699847976
"F","375","Rotenone",0.136599586871681
"F","375","Rotenone",0.124015856984895
"F","375","Rotenone",0.115327017654329
"F","375","Rotenone",0.109331690369607
"F","375","Rotenone",0.0890373770755952
"F","375","Rotenone",0.110079085149419
"F","375","Rotenone",0.0867377858003254
"F","375","Rotenone",0.108940956476072
"F","375","Rotenone",0.087416594012677
"F","375","Rotenone",0.108239508624636
"F","375","Rotenone",0.0928842900910502
"F","375","Rotenone",0.102054417040676
"F","375","Rotenone",0.112167300143388
"F","375","Rotenone",0.104850646821773
"F","375","Rotenone",0.110727586186921
"F","375","Rotenone",0.123619223257291
"F","375","Rotenone",0.112087133093002
"F","375","Rotenone",0.107717293254882
"F","375","Rotenone",0.119350220503737
"F","375","Rotenone",0.097501045921018
"F","375","Rotenone",0.102601701163451
"F","375","Rotenone",0.0830876161095887
"F","375","Rotenone",0.119930372925111
"F","375","Rotenone",0.107260287391489
"F","375","Rotenone",0.149170913973603
"F","375","Rotenone",0.122884919811071
"F","375","Rotenone",0.105913367465343
"F","375","Rotenone",0.0847726514598569
"F","375","Rotenone",0.0971828298153034
"F","375","Rotenone",0.124754651529551
"F","375","Rotenone",0.105558704785476
"F","375","Rotenone",0.111088341852861
"F","375","Rotenone",0.105521354454815
"F","375","Rotenone",0.113132165741671
"F","375","Rotenone",0.116784003142664
"F","375","Rotenone",0.131400501797005
"F","375","Rotenone",0.110862469151372
"F","375","Rotenone",0.104050241293009
"F","375","Rotenone",0.120738689154158
"F","375","Rotenone",0.100927861353014
"F","375","Rotenone",0.124887243529964
"F","375","Rotenone",0.129207546363373
"F","375","Rotenone",0.107955477770987
"F","375","Rotenone",0.1062105316714
"F","375","Rotenone",0.109070274655032
"F","375","Rotenone",0.106637748880681
"F","375","Rotenone",0.116908466351607
"F","375","Rotenone",0.117252132344694
"F","375","Rotenone",0.104017794168826
"F","375","Rotenone",0.120709414465149
"F","375","Rotenone",0.111905470353579
"F","375","Rotenone",0.126647156984725
"F","375","Rotenone",0.115542281404501
"F","375","Rotenone",0.103803578642464
"F","375","Rotenone",0.105516657496806
"F","375","Rotenone",0.110083530678304
"F","375","Rotenone",0.102573076117617
"F","375","Rotenone",0.106879108663421
"F","375","Rotenone",0.111442263133112
"F","375","Rotenone",0.112614419982539
"F","375","Rotenone",0.106407503369438
"F","375","Rotenone",0.11724467783066
"F","375","Rotenone",0.120550418231307
"F","375","Rotenone",0.0999891879624761
"F","375","Rotenone",0.13902764702281
"F","375","Rotenone",0.112214586464673
"F","375","Rotenone",0.0949242363685359
"F","375","Rotenone",0.117944588240393
"F","375","Rotenone",0.100645005970886
"F","375","Rotenone",0.0865931283693815
"F","375","Rotenone",0.117024257370722
"F","375","Rotenone",0.123685006205083
"F","375","Rotenone",0.10848886595552
"F","375","Rotenone",0.0805545802207868
"F","375","Rotenone",0.0933221222275639
"F","375","Rotenone",0.103411179617631
"F","375","Rotenone",0.100866729880269
"F","375","Rotenone",0.111713060788555
"F","375","Rotenone",0.10174266305804
"F","375","Rotenone",0.0914193061193335
"F","375","Rotenone",0.104004118172011
"F","375","Rotenone",0.128291586913048
"F","375","Rotenone",0.129799008423182
"F","375","Rotenone",0.110713499109122
"F","375","Rotenone",0.106144731408566
"F","375","Rotenone",0.108774674574562
"F","375","Rotenone",0.122613566647596
"F","375","Rotenone",0.099718571064998
"F","375","Rotenone",0.118023301026768
"F","375","Rotenone",0.112609684571077
"F","375","Rotenone",0.115699398556944
"F","375","Rotenone",0.113744845559838
"F","375","Rotenone",0.13139504782026
"F","375","Rotenone",0.124824934383401
"F","375","Rotenone",0.133563107927359
"F","375","Rotenone",0.118522718256951
"F","375","Rotenone",0.129876388913805
"F","375","Rotenone",0.0986916698071677
"F","375","Rotenone",0.107203513740489
"F","375","Rotenone",0.114736771518395
"F","375","Rotenone",0.108338440773032
"F","375","Rotenone",0.105963872457448
"F","375","Rotenone",0.11034149120242
"F","375","Rotenone",0.131691126836603
"F","375","Rotenone",0.096789454579669
"F","375","Rotenone",0.0984223898163997
"F","375","Rotenone",0.135380513104076
"F","375","Rotenone",0.138724678271132
"F","375","Rotenone",0.11490447205234
"F","375","Rotenone",0.114793191676595
"F","375","Rotenone",0.0913112434554171
"F","375","Rotenone",0.100658002057249
"F","375","Rotenone",0.132781108091875
"F","375","Rotenone",0.12133903523751
"F","375","Rotenone",0.105288762420399
"F","375","Rotenone",0.117262352404591
"F","375","Rotenone",0.150176729479445
"F","375","Rotenone",0.108964161128295
"F","375","Rotenone",0.123417438571652
"F","375","Rotenone",0.130808723792772
"F","375","Rotenone",0.106666623535616
"F","375","Rotenone",0.102804746855727
"F","375","Rotenone",0.113343388643298
"F","375","Rotenone",0.110981028432543
"F","375","Rotenone",0.10753593522657
"F","375","Rotenone",0.11618120107534
"F","375","Rotenone",0.116713406882384
"F","375","Rotenone",0.113680169043173
"F","375","Rotenone",0.0930324289949545
"F","375","Rotenone",0.12972855327272
"F","375","Rotenone",0.105910801339415
"F","375","Rotenone",0.119426501755437
"F","375","Rotenone",0.0995405984540638
"F","375","Rotenone",0.0965553791450797
"F","375","Rotenone",0.114570532304308
"F","375","Rotenone",0.10239109653936
"F","375","Rotenone",0.141581729627229
"F","375","Rotenone",0.111090970373622
"F","375","Rotenone",0.0931549701037789
"F","375","Rotenone",0.097632832218353
"F","375","Rotenone",0.126698318649131
"F","375","Rotenone",0.120622283660227
"F","375","Rotenone",0.117290733005478
"F","375","Rotenone",0.126407613871233
"F","375","Rotenone",0.113386692325652
"F","375","Rotenone",0.135195371750993
"F","375","Rotenone",0.116515513100652
"F","375","Rotenone",0.0928863224134215
"F","375","Rotenone",0.114348012129406
"F","375","Rotenone",0.113162458577161
"F","375","Rotenone",0.128749246673387
"F","375","Rotenone",0.128315065305679
"F","375","Rotenone",0.0754589949879853
"F","375","Rotenone",0.115360697919592
"F","375","Rotenone",0.113887347014109
"F","375","Rotenone",0.127555443622821
"F","375","Rotenone",0.120235604451667
"F","375","Rotenone",0.0935059661438499
"F","375","Rotenone",0.0971771886846139
"F","375","Rotenone",0.0977107303053925
"F","375","Rotenone",0.100581085227574
"F","375","Rotenone",0.107221988931239
"F","375","Rotenone",0.0903913164351869
"F","375","Rotenone",0.0901148198766192
"F","375","Rotenone",0.10388737632594
"F","375","Rotenone",0.112583100629324
"F","375","Rotenone",0.105270689889983
"F","375","Rotenone",0.105911351477392
"F","375","Rotenone",0.116745687866258
"F","375","Rotenone",0.104584297003395
"F","375","Rotenone",0.126554318999617
"F","375","Rotenone",0.111314929802415
"F","375","Rotenone",0.0975572212814237
"F","375","Rotenone",0.120302576121523
"F","375","Rotenone",0.109421130445401
"F","375","Rotenone",0.116234624104608
"F","375","Rotenone",0.131200213050265
"F","375","Rotenone",0.0958061045570899
"F","375","Rotenone",0.104550640656156
"F","375","Rotenone",0.12439177916529
"F","375","Rotenone",0.100670494272648
"F","375","Rotenone",0.108091169732291
"F","375","Rotenone",0.133907024341704
"F","375","Rotenone",0.11136153755675
"F","375","Rotenone",0.141547213652987
"F","375","Rotenone",0.088643008128057
"F","375","Rotenone",0.10764600011038
"F","375","Rotenone",0.129165502484731
"F","375","Rotenone",0.102131434830306
"F","375","Rotenone",0.0959552749418491
"F","375","Rotenone",0.0760412756017255
"F","375","Rotenone",0.0982827067294682
"F","375","Rotenone",0.0988037518498067
"F","375","Rotenone",0.116792433277588
"F","375","Rotenone",0.109526719604458
"F","375","Rotenone",0.13140949464256
"F","375","Rotenone",0.101204517924066
"F","375","Rotenone",0.0908228346205519
"F","375","Rotenone",0.101259292393522
"F","375","Rotenone",0.125117991506928
"F","375","Rotenone",0.118899550428005
"F","375","Rotenone",0.119327947112219
"F","375","Rotenone",0.0876917711296744
"F","375","Rotenone",0.111225200326791
"F","375","Rotenone",0.104753334067709
"F","375","Rotenone",0.123270953466689
"F","375","Rotenone",0.11632623858512
"F","375","Rotenone",0.107603052642968
"F","375","Rotenone",0.108468285537658
"F","375","Rotenone",0.110990918434706
"F","375","Rotenone",0.0930625135410461
"F","375","Rotenone",0.128053327350406
"F","375","Rotenone",0.0785529764636222
"F","375","Rotenone",0.114960473451437
"F","375","Rotenone",0.110246332597275
"F","375","Rotenone",0.0993240717573178
"F","375","Rotenone",0.124335454646523
"F","375","Rotenone",0.111718843812427
"F","375","Rotenone",0.131915712728504
"F","375","Rotenone",0.109808956452221
"F","375","Rotenone",0.128951921770556
"F","375","Rotenone",0.119018099776547
"F","375","Rotenone",0.117791298917659
"F","375","Rotenone",0.11326941163861
"F","375","Rotenone",0.106361389205473
"F","375","Rotenone",0.0985425132043366
"F","375","Rotenone",0.130531925470586
"F","375","Rotenone",0.117919184415586
"F","375","Rotenone",0.0998608088302939
"F","375","Rotenone",0.104307952898065
"F","375","Rotenone",0.120220653836676
"F","375","Rotenone",0.104384463588565
"F","375","Rotenone",0.114710816656585
"F","375","Rotenone",0.13942954603907
"F","375","Rotenone",0.10615407561795
"F","375","Rotenone",0.128088311407381
"F","375","Rotenone",0.136408695073518
"F","375","Rotenone",0.110193812284608
"F","375","Rotenone",0.124091157104169
"F","375","Rotenone",0.110236320850746
"F","375","Rotenone",0.0989095314901958
"F","375","Rotenone",0.110757176545176
"F","375","Rotenone",0.086049448169191
"F","375","Rotenone",0.116182741528664
"F","375","Rotenone",0.118882828621956
"F","375","Rotenone",0.108941465373232
"F","375","Rotenone",0.133754819109435
"F","375","Rotenone",0.102024593310001
"F","375","Rotenone",0.126505763530636
"F","375","Rotenone",0.120793279650044
"F","375","Rotenone",0.127768302895902
"F","375","Rotenone",0.116713414949256
"F","375","Rotenone",0.121713338164712
"F","375","Rotenone",0.110075477009191
"F","375","Rotenone",0.107177348347134
"F","375","Rotenone",0.0769119685526886
"F","375","Rotenone",0.125763367472036
"F","375","Rotenone",0.133872964653434
"F","375","Rotenone",0.103309084729878
"F","375","Rotenone",0.121245417633089
"F","375","Rotenone",0.103979738739021
"F","375","Rotenone",0.121630360547753
"F","375","Rotenone",0.132618695478081
"F","375","Rotenone",0.0998728917698141
"F","375","Rotenone",0.121373842465917
"F","375","Rotenone",0.106089803209951
"F","375","Rotenone",0.119162930246219
"F","375","Rotenone",0.125546760331414
"F","375","Rotenone",0.0928219914463768
"F","375","Rotenone",0.133091625074524
"F","375","Rotenone",0.146472282218135
"F","375","Rotenone",0.0736266967779875
"F","375","Rotenone",0.112839687610018
"F","375","Rotenone",0.127919101294298
"F","375","Rotenone",0.116234504689301
"F","375","Rotenone",0.108243266272714
"F","375","Rotenone",0.136142402561244
"F","375","Rotenone",0.131429806020927
"F","375","Rotenone",0.121806536286191
"F","375","Rotenone",0.121642998730799
"F","375","Rotenone",0.125581738325246
"F","375","Rotenone",0.114625592274282
"F","375","Rotenone",0.130510077577038
"F","375","Rotenone",0.120994963033945
"F","375","Rotenone",0.100496270892386
"F","375","Rotenone",0.10254568479199
"F","375","Rotenone",0.131518083931103
"F","375","Rotenone",0.109056542052359
"F","375","Rotenone",0.114648372773779
"F","375","Rotenone",0.100971388533564
"F","375","Rotenone",0.102397110924279
"F","375","Rotenone",0.103580028276447
"F","375","Rotenone",0.11384004576485
"F","375","Rotenone",0.077082156653727
"F","375","Rotenone",0.12860075575745
"F","375","Rotenone",0.110958895648863
"F","375","Rotenone",0.0948778159575117
"F","375","Rotenone",0.110405837477966
"F","375","Rotenone",0.103210368126481
"F","375","Rotenone",0.0931304942210503
"F","375","Rotenone",0.106599662901577
"F","375","Rotenone",0.0962039129081562
"F","375","Rotenone",0.0907085053411509
"F","375","Rotenone",0.139478557911656
"F","375","Rotenone",0.119563841423326
"F","375","Rotenone",0.130156995002081
"F","375","Rotenone",0.119599748735152
"F","375","Rotenone",0.136279040073869
"F","375","Rotenone",0.106609165825959
"F","375","Rotenone",0.0923917601773175
"F","375","Rotenone",0.104389781843514
"F","375","Rotenone",0.119964476906382
"F","375","Rotenone",0.104650794117835
"F","375","Rotenone",0.131594875580103
"F","375","Rotenone",0.100787167491295
"F","375","Rotenone",0.118238156370839
"F","375","Rotenone",0.113177868808584
"F","375","Rotenone",0.104599882860689
"F","375","Rotenone",0.132372130633218
"F","375","Rotenone",0.0884429597785369
"F","375","Rotenone",0.104437088902776
"F","375","Rotenone",0.101250257306261
"F","375","Rotenone",0.0991995149959867
"F","375","Rotenone",0.142180169066203
"F","375","Rotenone",0.102697814606908
"F","375","Rotenone",0.124274054239516
"F","375","Rotenone",0.0941305936982361
"F","375","Rotenone",0.100581384578139
"F","375","Rotenone",0.114909733092135
"F","375","Rotenone",0.125602043958377
"F","375","Rotenone",0.100893855421489
"F","375","Rotenone",0.13744574345712
"F","375","Rotenone",0.146445276290008
"F","375","Rotenone",0.121222879757467
"F","375","Rotenone",0.134629300675512
"F","375","Rotenone",0.130343389392545
"F","375","Rotenone",0.100092631619947
"F","375","Rotenone",0.109632949069062
"F","375","Rotenone",0.105305191391277
"F","375","Rotenone",0.117773065170477
"F","375","Rotenone",0.124842479327158
"F","375","Rotenone",0.119460810046762
"F","375","Rotenone",0.106854759665857
"F","375","Rotenone",0.112772044732399
"F","375","Rotenone",0.120878750288281
"F","375","Rotenone",0.124738751636412
"F","375","Rotenone",0.118427584768192
"F","375","Rotenone",0.108507571694971
"F","375","Rotenone",0.0910562924891973
"F","375","Rotenone",0.114110931693611
"F","375","Rotenone",0.104073348752604
"F","375","Rotenone",0.105419680347942
"F","375","Rotenone",0.0971549231403282
"F","375","Rotenone",0.126213203459998
"F","375","Rotenone",0.108238160557425
"F","375","Rotenone",0.103848492666444
"F","375","Rotenone",0.114002534130669
"F","375","Rotenone",0.0992231375849161
"F","375","Rotenone",0.110568872405682
"F","375","Rotenone",0.111527425971056
"F","375","Rotenone",0.0900546045987046
"F","375","Rotenone",0.112532007650507
"F","375","Rotenone",0.0985664870300929
"F","375","Rotenone",0.0770792716384152
"F","375","Rotenone",0.097224099407264
"F","375","Rotenone",0.113211165006882
"F","375","Rotenone",0.122573413177785
"F","375","Rotenone",0.120587319074614
"F","375","Rotenone",0.153203032289143
"F","375","Rotenone",0.113528864183751
"F","375","Rotenone",0.107302259050983
"F","375","Rotenone",0.109859180099469
"F","375","Rotenone",0.10956745520158
"F","375","Rotenone",0.133052441299691
"F","375","Rotenone",0.12200322318577
"F","375","Rotenone",0.0893672151801424
"F","375","Rotenone",0.13439120560156
"F","375","Rotenone",0.129274639738918
"F","375","Rotenone",0.107619297891607
"F","375","Rotenone",0.136414923123103
"F","375","Rotenone",0.114227637642537
"F","375","Rotenone",0.116298962469819
"F","375","Rotenone",0.118219152990594
"F","375","Rotenone",0.0948099225870628
"F","375","Rotenone",0.11378521327252
"F","375","Rotenone",0.116275881529417
"F","375","Rotenone",0.11361131010642
"F","375","Rotenone",0.110761857686677
"F","375","Rotenone",0.117420582990584
"F","375","Rotenone",0.0904914090257074
"F","375","Rotenone",0.136541166129817
"F","375","Rotenone",0.11673433239122
"F","375","Rotenone",0.115578078660554
"F","375","Rotenone",0.111488006476195
"F","375","Rotenone",0.137442106299972
"F","375","Rotenone",0.0967231623718788
"F","375","Rotenone",0.110479756269549
"F","375","Rotenone",0.125817133741338
"F","375","Rotenone",0.105189269359257
"F","375","Rotenone",0.109547791615955
"F","375","Rotenone",0.118719420989465
"F","375","Rotenone",0.115938485734088
"F","375","Rotenone",0.111825718322579
"F","375","Rotenone",0.130400896125489
"F","375","Rotenone",0.127522957997959
"F","375","Rotenone",0.112098360667083
"F","375","Rotenone",0.147933410614538
"F","375","Rotenone",0.11502554965879
"F","375","Rotenone",0.110773423086712
"F","375","Rotenone",0.115123519850334
"F","375","Rotenone",0.0977943020721543
"F","375","Rotenone",0.107298122080561
"F","375","Rotenone",0.110486903268488
"F","375","Rotenone",0.0925498219321347
"F","375","Rotenone",0.117663086347655
"F","375","Rotenone",0.119268144732009
"F","375","Rotenone",0.0948566338728556
"F","375","Rotenone",0.112708699786498
"F","375","Rotenone",0.0981914613683624
"F","375","Rotenone",0.104829638396746
"F","375","Rotenone",0.125740704417153
"F","375","Rotenone",0.106369684798568
"F","375","Rotenone",0.102229798422394
"F","375","Rotenone",0.120457544860614
"F","375","Rotenone",0.0886527050399462
"F","375","Rotenone",0.118428666584475
"F","375","Rotenone",0.111993756668719
"F","375","Rotenone",0.120991696473142
"F","375","Rotenone",0.0840093784240328
"F","375","Rotenone",0.141135752763167
"F","375","Rotenone",0.106882938156493
"F","375","Rotenone",0.136122615958631
"F","375","Rotenone",0.112437862689163
"F","375","Rotenone",0.133037344956624
"F","375","Rotenone",0.113935643982358
"F","375","Rotenone",0.105998348764534
"F","375","Rotenone",0.113382676594394
"F","375","Rotenone",0.0995346006137333
"F","375","Rotenone",0.118700905895528
"F","375","Rotenone",0.120242885065295
"F","375","Rotenone",0.111541695254207
"F","375","Rotenone",0.108378298509362
"F","375","Rotenone",0.127049630666298
"F","375","Rotenone",0.116117109011415
"F","375","Rotenone",0.108491436881945
"F","375","Rotenone",0.113446258316996
"F","375","Rotenone",0.144229740507275
"F","375","Rotenone",0.125479774905953
"F","375","Rotenone",0.0997278691422345
"F","375","Rotenone",0.121873627115292
"F","375","Rotenone",0.114227088827795
"F","375","Rotenone",0.104945394020724
"F","375","Rotenone",0.123102633876324
"F","375","Rotenone",0.0968179261631504
"F","375","Rotenone",0.112793909615676
"F","375","Rotenone",0.0942048352586322
"F","375","Rotenone",0.123934775799728
"F","375","Rotenone",0.132408618155233
"F","375","Rotenone",0.112586250217521
"F","375","Rotenone",0.109790100955469
"F","375","Rotenone",0.0931420065072495
"F","375","Rotenone",0.133992062160682
"F","375","Rotenone",0.128398337452659
"F","375","Rotenone",0.122933173497664
"F","375","Rotenone",0.102648543072055
"F","375","Rotenone",0.10273847701023
"F","375","Rotenone",0.127682607279426
"F","375","Rotenone",0.102522471984755
"F","375","Rotenone",0.111698727028565
"F","375","Rotenone",0.115485159564698
"F","375","Rotenone",0.128026390189184
"F","375","Rotenone",0.110468824347217
"F","375","Rotenone",0.126741128815233
"F","375","Rotenone",0.10627277530462
"F","375","Rotenone",0.110876200840548
"F","375","Rotenone",0.0860746776762366
"F","375","Rotenone",0.0800075074186551
"F","375","Rotenone",0.108718482418652
"F","375","Rotenone",0.12294716006562
"F","375","Rotenone",0.101681478749093
"F","375","Rotenone",0.133870707720951
"F","375","Rotenone",0.0911931204190883
"F","375","Rotenone",0.126098241237869
"F","375","Rotenone",0.0956003537413865
"F","375","Rotenone",0.117387793929951
"F","375","Rotenone",0.103862711752827
"F","375","Rotenone",0.102338113198206
"F","375","Rotenone",0.121402207022884
"F","375","Rotenone",0.10069967648691
"F","375","Rotenone",0.107056795938886
"F","375","Rotenone",0.116860198068053
"F","375","Rotenone",0.143012665141709
"F","375","Rotenone",0.122011341082625
"F","375","Rotenone",0.111893123199719
"F","375","Rotenone",0.114981408490144
"F","375","Rotenone",0.106409357694899
"F","375","Rotenone",0.11836354873816
"F","375","Rotenone",0.085745283197544
"F","375","Rotenone",0.122231458890809
"F","375","Rotenone",0.125540452749253
"F","375","Rotenone",0.105222268129655
"F","375","Rotenone",0.110184758246049
"F","375","Rotenone",0.113787878105817
"F","375","Rotenone",0.121833802928511
"F","375","Rotenone",0.106470508914056
"F","375","Rotenone",0.106076908041324
"F","375","Rotenone",0.134519713571129
"F","375","Rotenone",0.109122396019671
"F","375","Rotenone",0.0941828859582881
"F","375","Rotenone",0.15225257509668
"F","375","Rotenone",0.0896309838817695
"F","375","Rotenone",0.122453009753551
"F","375","Rotenone",0.0741650963125757
"F","375","Rotenone",0.126198422842191
"F","375","Rotenone",0.103116386279683
"F","375","Rotenone",0.110716123431864
"F","375","Rotenone",0.107253833480788
"F","375","Rotenone",0.116415052371385
"F","375","Rotenone",0.105058265360205
"F","375","Rotenone",0.111649397780604
"F","375","Rotenone",0.11626793371537
"F","375","Rotenone",0.113861718438952
"F","375","Rotenone",0.104452495699154
"F","375","Rotenone",0.124752986833085
"F","375","Rotenone",0.123384513165735
"F","375","Rotenone",0.104984872295351
"F","375","Rotenone",0.109809119553702
"F","375","Rotenone",0.0845753002996583
"F","375","Rotenone",0.124276990097436
"F","375","Rotenone",0.114088177387142
"F","375","Rotenone",0.128789669796423
"F","375","Rotenone",0.102875870090022
"F","375","Rotenone",0.122919329881157
"F","375","Rotenone",0.116790343063404
"F","375","Rotenone",0.0871355918386146
"F","375","Rotenone",0.112736028191097
"F","375","Rotenone",0.108557196748659
"F","375","Rotenone",0.108714118699061
"F","375","Rotenone",0.0722286939533472
"F","375","Rotenone",0.0996558504857863
"F","375","Rotenone",0.105202234368953
"F","375","Rotenone",0.115830892025424
"F","375","Rotenone",0.103475034726911
"F","375","Rotenone",0.100122815828394
"F","375","Rotenone",0.118152944530499
"F","375","Rotenone",0.118782911620234
"F","375","Rotenone",0.108359903151763
"F","375","Rotenone",0.105306552977227
"F","375","Rotenone",0.0854993246727539
"F","375","Rotenone",0.113795945145989
"F","375","Rotenone",0.118744672878453
"F","375","Rotenone",0.0894119702196336
"F","375","Rotenone",0.130623423485718
"F","375","Rotenone",0.117309245406846
"F","375","Rotenone",0.130712985097225
"F","375","Rotenone",0.092156085706242
"F","375","Rotenone",0.103510620989579
"F","375","Rotenone",0.12523903257053
"F","375","Rotenone",0.128516833238678
"F","375","Rotenone",0.0914675041940308
"F","375","Rotenone",0.130984135934107
"F","375","Rotenone",0.103401051392352
"F","375","Rotenone",0.117736220741365
"F","375","Rotenone",0.132994193574006
"F","375","Rotenone",0.11376075140819
"F","375","Rotenone",0.117968203060919
"F","375","Rotenone",0.129409607826995
"F","375","Rotenone",0.0930384425145233
"F","375","Rotenone",0.0721404731264811
"F","375","Rotenone",0.109997632437546
"F","375","Rotenone",0.130215983158215
"F","375","Rotenone",0.131073404990509
"F","375","Rotenone",0.115706216222595
"F","375","Rotenone",0.151516896881498
"F","375","Rotenone",0.12353771383618
"F","375","Rotenone",0.113081228303229
"F","375","Rotenone",0.126970580247776
"F","375","Rotenone",0.0943522788670916
"F","375","Rotenone",0.125976650970283
"F","375","Rotenone",0.133328955637665
"F","375","Rotenone",0.114466275556241
"F","375","Rotenone",0.074925229991477
"F","375","Rotenone",0.123823267656159
"F","375","Rotenone",0.0949088904449645
"F","375","Rotenone",0.117407348734594
"F","375","Rotenone",0.127875516551052
"F","375","Rotenone",0.115360314600664
"F","375","Rotenone",0.0980442123889561
"F","375","Rotenone",0.104784352230117
"F","375","Rotenone",0.105464743001598
"F","375","Rotenone",0.0813423348103696
"F","375","Rotenone",0.129459430364689
"F","375","Rotenone",0.118765669818874
"F","375","Rotenone",0.0995047274413773
"F","375","Rotenone",0.136281095645919
"F","375","Rotenone",0.106668695196159
"F","375","Rotenone",0.109533094630734
"F","375","Rotenone",0.118854256484784
"F","375","Rotenone",0.130874718793628
"F","375","Rotenone",0.117695344561232
"F","375","Rotenone",0.10927013735005
"F","375","Rotenone",0.100795049200313
"F","375","Rotenone",0.110164170440343
"F","375","Rotenone",0.138575143627663
"F","375","Rotenone",0.105379190260219
"F","375","Rotenone",0.118682026965138
"F","375","Rotenone",0.116169646530813
"F","375","Rotenone",0.089452686191809
"F","375","Rotenone",0.124775981466154
"F","375","Rotenone",0.10297123630803
"F","375","Rotenone",0.107023734576716
"F","375","Rotenone",0.109832949207469
"F","375","Rotenone",0.115298397731318
"F","375","Rotenone",0.128109133768305
"F","375","Rotenone",0.120322229716157
"F","375","Rotenone",0.121835190656471
"F","375","Rotenone",0.113489041158818
"F","375","Rotenone",0.0971768854618018
"F","375","Rotenone",0.117222496726158
"F","375","Rotenone",0.118486352874671
"F","375","Rotenone",0.0983064445459943
"F","375","Rotenone",0.131358343650816
"F","375","Rotenone",0.111320730117843
"F","375","Rotenone",0.0767821003511114
"F","375","Rotenone",0.121270941067112
"F","375","Rotenone",0.123402279961727
"F","375","Rotenone",0.122547033596339
"F","375","Rotenone",0.119280352471613
"F","375","Rotenone",0.118969834937662
"F","375","Rotenone",0.11673542653072
"F","375","Rotenone",0.106050418704464
"F","375","Rotenone",0.115176318043348
"F","375","Rotenone",0.123399041438445
"F","375","Rotenone",0.117960018984327
"F","375","Rotenone",0.112073841075601
"F","375","Rotenone",0.0911779595119394
"F","375","Rotenone",0.117864604547629
"F","375","Rotenone",0.0871070756282407
"F","375","Rotenone",0.10631367811894
"F","375","Rotenone",0.104349294660578
"F","375","Rotenone",0.143392820385878
"F","375","Rotenone",0.0952143492993336
"F","375","Rotenone",0.136969332577844
"F","375","Rotenone",0.1107318979528
"F","375","Rotenone",0.0925008934017535
"F","375","Rotenone",0.101975279249381
"F","375","Rotenone",0.0982408214247314
"F","375","Rotenone",0.121571675508235
"F","375","Rotenone",0.135667008281803
"F","375","Rotenone",0.109196856539617
"F","375","Rotenone",0.110183625370298
"F","375","Rotenone",0.105078458192647
"F","375","Rotenone",0.126285282236994
"F","375","Rotenone",0.134722632886766
"F","375","Rotenone",0.110308730710288
"F","375","Rotenone",0.114408777945227
"F","375","Rotenone",0.129547949734476
"F","375","Rotenone",0.0950563135149742
"F","375","Rotenone",0.122974433854379
"F","375","Rotenone",0.122400572792941
"F","375","Rotenone",0.110199764779048
"F","375","Rotenone",0.135742917092291
"F","375","Rotenone",0.107702495848325
"F","375","Rotenone",0.0860797672114627
"F","375","Rotenone",0.107099432801787
"F","375","Rotenone",0.108260244329453
"F","375","Rotenone",0.114091900501198
"F","375","Rotenone",0.115680869752859
"F","375","Rotenone",0.112811219574362
"F","375","Rotenone",0.106244794252615
"F","375","Rotenone",0.115803573123426
"F","375","Rotenone",0.107630811639458
"F","375","Rotenone",0.0908490065777868
"F","375","Rotenone",0.125533513468483
"F","375","Rotenone",0.124551148361729
"F","375","Rotenone",0.12050263581347
"F","375","Rotenone",0.102767887865137
"F","375","Rotenone",0.103798673732729
"F","375","Rotenone",0.122842832390837
"F","375","Rotenone",0.0924544815384409
"F","375","Rotenone",0.121623661807803
"F","375","Rotenone",0.0964848095385114
"F","375","Rotenone",0.12485699225249
"F","375","Rotenone",0.0947992441963153
"F","375","Rotenone",0.154945144175233
"F","375","Rotenone",0.128260262225091
"F","375","Rotenone",0.0998577987213235
"F","375","Rotenone",0.13050103292389
"F","375","Rotenone",0.123607994274492
"F","375","Rotenone",0.093543007688551
"F","375","Rotenone",0.0924766177549563
"F","375","Rotenone",0.100231779021126
"F","375","Rotenone",0.109142399800499
"F","375","Rotenone",0.117181348940207
"F","375","Rotenone",0.107461222868195
"F","375","Rotenone",0.101850704273881
"F","375","Rotenone",0.0999586549844431
"F","375","Rotenone",0.132069009805342
"F","375","Rotenone",0.125398656004333
"F","375","Rotenone",0.114803992794772
"F","375","Rotenone",0.130286295824648
"F","375","Rotenone",0.0874139583623858
"F","375","Rotenone",0.0977630446294871
"F","375","Rotenone",0.115934390611664
"F","375","Rotenone",0.0841694102250414
"F","375","Rotenone",0.118335605254869
"F","375","Rotenone",0.115117611395406
"F","375","Rotenone",0.119451141876755
"F","375","Rotenone",0.0924652581532133
"F","375","Rotenone",0.109298591177226
"F","375","Rotenone",0.113369443453902
"F","375","Rotenone",0.130018213835469
"F","375","Rotenone",0.10500649609232
"F","375","Rotenone",0.076729003167573
"F","375","Rotenone",0.108381033533448
"F","375","Rotenone",0.127347503424051
"F","375","Rotenone",0.118123077602436
"F","375","Rotenone",0.11094100114174
"F","375","Rotenone",0.120566260443404
"F","375","Rotenone",0.0967991936590269
"F","Ore","Control",0.208350447908354
"F","Ore","Control",0.190226944868141
"F","Ore","Control",0.212930449229018
"F","Ore","Control",0.174876324705463
"F","Ore","Control",0.175909917293188
"F","Ore","Control",0.164358218132854
"F","Ore","Control",0.20136599226792
"F","Ore","Control",0.198175926895928
"F","Ore","Control",0.180546426518757
"F","Ore","Control",0.182215014592463
"F","Ore","Control",0.183843146011783
"F","Ore","Control",0.159519978968409
"F","Ore","Control",0.231239787085742
"F","Ore","Control",0.182545659643871
"F","Ore","Control",0.168946140773082
"F","Ore","Control",0.182703928046631
"F","Ore","Control",0.172476208671818
"F","Ore","Control",0.149388694253282
"F","Ore","Control",0.201431228629183
"F","Ore","Control",0.165605759092119
"F","Ore","Control",0.18756423686902
"F","Ore","Control",0.183055978937816
"F","Ore","Control",0.208519836564316
"F","Ore","Control",0.168936080512962
"F","Ore","Control",0.195471925872365
"F","Ore","Control",0.202711263210291
"F","Ore","Control",0.157679273249615
"F","Ore","Control",0.154999223843055
"F","Ore","Control",0.180696934092704
"F","Ore","Control",0.151021633366324
"F","Ore","Control",0.165388920666076
"F","Ore","Control",0.193414798975265
"F","Ore","Control",0.177206038421641
"F","Ore","Control",0.185444141483147
"F","Ore","Control",0.203096322642374
"F","Ore","Control",0.177498139811548
"F","Ore","Control",0.196959881491457
"F","Ore","Control",0.181075674922983
"F","Ore","Control",0.158084943759814
"F","Ore","Control",0.194501146231789
"F","Ore","Control",0.189563283700947
"F","Ore","Control",0.161094842875851
"F","Ore","Control",0.209250795151086
"F","Ore","Control",0.147988146808552
"F","Ore","Control",0.205635821489865
"F","Ore","Control",0.165794869515854
"F","Ore","Control",0.19551574060867
"F","Ore","Control",0.193134873908353
"F","Ore","Control",0.160983083403594
"F","Ore","Control",0.190523818787362
"F","Ore","Control",0.159728332813539
"F","Ore","Control",0.200006838332972
"F","Ore","Control",0.163667733049936
"F","Ore","Control",0.232146543673603
"F","Ore","Control",0.216042304256408
"F","Ore","Control",0.199337515181051
"F","Ore","Control",0.168260142787889
"F","Ore","Control",0.175061449314883
"F","Ore","Control",0.194151494261521
"F","Ore","Control",0.151553824448349
"F","Ore","Control",0.194177638308507
"F","Ore","Control",0.190704463756941
"F","Ore","Control",0.205223093251745
"F","Ore","Control",0.148485063825875
"F","Ore","Control",0.202518268987974
"F","Ore","Control",0.175766756971603
"F","Ore","Control",0.134631594881058
"F","Ore","Control",0.185710865757061
"F","Ore","Control",0.188116269516043
"F","Ore","Control",0.200940195751358
"F","Ore","Control",0.225044928121351
"F","Ore","Control",0.164440106188271
"F","Ore","Control",0.173825548138692
"F","Ore","Control",0.211797658272039
"F","Ore","Control",0.166489191679157
"F","Ore","Control",0.156580188389438
"F","Ore","Control",0.172813050876835
"F","Ore","Control",0.18269705137419
"F","Ore","Control",0.191311089684917
"F","Ore","Control",0.210763299530335
"F","Ore","Control",0.178395075918897
"F","Ore","Control",0.226575351742514
"F","Ore","Control",0.185415971838431
"F","Ore","Control",0.170787014820477
"F","Ore","Control",0.203287001755168
"F","Ore","Control",0.200117148630038
"F","Ore","Control",0.182442627840408
"F","Ore","Control",0.150141047251911
"F","Ore","Control",0.212771045179886
"F","Ore","Control",0.200513619016104
"F","Ore","Control",0.190022742554582
"F","Ore","Control",0.214244776817576
"F","Ore","Control",0.143702431390388
"F","Ore","Control",0.17749155857403
"F","Ore","Control",0.223098619524733
"F","Ore","Control",0.183023202116241
"F","Ore","Control",0.204145975941234
"F","Ore","Control",0.235926114752013
"F","Ore","Control",0.152160305592042
"F","Ore","Control",0.177653769145204
"F","Ore","Control",0.135909371812548
"F","Ore","Control",0.205066039741203
"F","Ore","Control",0.163085911300268
"F","Ore","Control",0.197518434974637
"F","Ore","Control",0.153631753589315
"F","Ore","Control",0.206791066937989
"F","Ore","Control",0.222608946073473
"F","Ore","Control",0.20605086891109
"F","Ore","Control",0.209807486207006
"F","Ore","Control",0.161985218167352
"F","Ore","Control",0.170193432270535
"F","Ore","Control",0.158997358124201
"F","Ore","Control",0.205641014455944
"F","Ore","Control",0.191990594737898
"F","Ore","Control",0.195325437846463
"F","Ore","Control",0.183999478378205
"F","Ore","Control",0.171032339396927
"F","Ore","Control",0.191318315597056
"F","Ore","Control",0.214896331342961
"F","Ore","Control",0.175863959774426
"F","Ore","Control",0.212246347687076
"F","Ore","Control",0.187834623990491
"F","Ore","Control",0.186002149877426
"F","Ore","Control",0.179587379633739
"F","Ore","Control",0.188803594094738
"F","Ore","Control",0.144032075211367
"F","Ore","Control",0.211515739153414
"F","Ore","Control",0.167123663856852
"F","Ore","Control",0.175446614275624
"F","Ore","Control",0.180158038351499
"F","Ore","Control",0.146101723659299
"F","Ore","Control",0.160944470464278
"F","Ore","Control",0.200422685832903
"F","Ore","Control",0.18750606909545
"F","Ore","Control",0.177647394189019
"F","Ore","Control",0.191747650378866
"F","Ore","Control",0.156236568766034
"F","Ore","Control",0.148126620160552
"F","Ore","Control",0.18130776665196
"F","Ore","Control",0.185694663679781
"F","Ore","Control",0.170901396929782
"F","Ore","Control",0.169972364777338
"F","Ore","Control",0.199755008117021
"F","Ore","Control",0.168222085193473
"F","Ore","Control",0.171179727374109
"F","Ore","Control",0.224740048236414
"F","Ore","Control",0.139211199022376
"F","Ore","Control",0.147131446939003
"F","Ore","Control",0.172326611305061
"F","Ore","Control",0.176064375346239
"F","Ore","Control",0.184847259024627
"F","Ore","Control",0.1697535326623
"F","Ore","Control",0.197801953235171
"F","Ore","Control",0.164194096172556
"F","Ore","Control",0.187738772036621
"F","Ore","Control",0.168418917972857
"F","Ore","Control",0.198194552135538
"F","Ore","Control",0.148317588313838
"F","Ore","Control",0.203250561488387
"F","Ore","Control",0.170123005703214
"F","Ore","Control",0.174076658592634
"F","Ore","Control",0.195238992733556
"F","Ore","Control",0.194115626096413
"F","Ore","Control",0.165824102593097
"F","Ore","Control",0.200959853179462
"F","Ore","Control",0.159372657395445
"F","Ore","Control",0.130246528319483
"F","Ore","Control",0.184117687258389
"F","Ore","Control",0.201895927916121
"F","Ore","Control",0.158392187425112
"F","Ore","Control",0.192532701722143
"F","Ore","Control",0.193055455490586
"F","Ore","Control",0.17649570572259
"F","Ore","Control",0.176169097745123
"F","Ore","Control",0.159247221687875
"F","Ore","Control",0.207978398830663
"F","Ore","Control",0.171393355828003
"F","Ore","Control",0.180763756961774
"F","Ore","Control",0.150230156006735
"F","Ore","Control",0.189180484150437
"F","Ore","Control",0.171719287429757
"F","Ore","Control",0.188199625887872
"F","Ore","Control",0.188197420897315
"F","Ore","Control",0.168860469111003
"F","Ore","Control",0.188257240669225
"F","Ore","Control",0.194557559035175
"F","Ore","Control",0.197345365523774
"F","Ore","Control",0.231332456438554
"F","Ore","Control",0.171541066471232
"F","Ore","Control",0.190766098481795
"F","Ore","Control",0.186253577215699
"F","Ore","Control",0.206173309563407
"F","Ore","Control",0.20358848590367
"F","Ore","Control",0.18173094150988
"F","Ore","Control",0.173252389177624
"F","Ore","Control",0.160349796797222
"F","Ore","Control",0.172647084208551
"F","Ore","Control",0.169360827492201
"F","Ore","Control",0.168179379551782
"F","Ore","Control",0.164314434421857
"F","Ore","Control",0.177691823699985
"F","Ore","Control",0.23796252300739
"F","Ore","Control",0.158004702015763
"F","Ore","Control",0.176941885166149
"F","Ore","Control",0.191104570892404
"F","Ore","Control",0.178212652074029
"F","Ore","Control",0.155948971052262
"F","Ore","Control",0.222028923802337
"F","Ore","Control",0.190283216003917
"F","Ore","Control",0.186069582766179
"F","Ore","Control",0.205539073874642
"F","Ore","Control",0.180722758809072
"F","Ore","Control",0.162293275523755
"F","Ore","Control",0.213061653312059
"F","Ore","Control",0.206899534987063
"F","Ore","Control",0.184541446228685
"F","Ore","Control",0.181905871819488
"F","Ore","Control",0.21315078665746
"F","Ore","Control",0.163324231181737
"F","Ore","Control",0.220587875726057
"F","Ore","Control",0.188825997107316
"F","Ore","Control",0.165747514815988
"F","Ore","Control",0.168519123704008
"F","Ore","Control",0.199637480747156
"F","Ore","Control",0.226265717664882
"F","Ore","Control",0.195877171091229
"F","Ore","Control",0.211045514489138
"F","Ore","Control",0.148724735041988
"F","Ore","Control",0.166300798486933
"F","Ore","Control",0.177593250611777
"F","Ore","Control",0.212254880755721
"F","Ore","Control",0.160346136622352
"F","Ore","Control",0.188841684754633
"F","Ore","Control",0.179727755342665
"F","Ore","Control",0.187642463372489
"F","Ore","Control",0.18759224386181
"F","Ore","Control",0.201015006464686
"F","Ore","Control",0.134089447789436
"F","Ore","Control",0.143349206394944
"F","Ore","Control",0.175772647656157
"F","Ore","Control",0.172451435518852
"F","Ore","Control",0.217582454458281
"F","Ore","Control",0.20943516382763
"F","Ore","Control",0.217457866636062
"F","Ore","Control",0.234335376015952
"F","Ore","Control",0.175222818109919
"F","Ore","Control",0.158806466576282
"F","Ore","Control",0.149117925455206
"F","Ore","Control",0.158394828516191
"F","Ore","Control",0.13178042345475
"F","Ore","Control",0.147353661745403
"F","Ore","Control",0.185547266004585
"F","Ore","Control",0.166838196412843
"F","Ore","Control",0.211677345758381
"F","Ore","Control",0.194123120999668
"F","Ore","Control",0.192501213097251
"F","Ore","Control",0.195440210355253
"F","Ore","Control",0.196297616026026
"F","Ore","Control",0.178201743631189
"F","Ore","Control",0.144765436319482
"F","Ore","Control",0.162285590432983
"F","Ore","Control",0.189292340455658
"F","Ore","Control",0.190972006878687
"F","Ore","Control",0.169974217376046
"F","Ore","Control",0.225649473858945
"F","Ore","Control",0.153403158827351
"F","Ore","Control",0.191120831894134
"F","Ore","Control",0.154876359195441
"F","Ore","Control",0.204536706006242
"F","Ore","Control",0.15043552678883
"F","Ore","Control",0.16757338629447
"F","Ore","Control",0.144258699453733
"F","Ore","Control",0.208285285953416
"F","Ore","Control",0.198746521633401
"F","Ore","Control",0.180329203168503
"F","Ore","Control",0.200018842109119
"F","Ore","Control",0.17571993980424
"F","Ore","Control",0.205932543663361
"F","Ore","Control",0.190459351902796
"F","Ore","Control",0.173794212852703
"F","Ore","Control",0.164553600130688
"F","Ore","Control",0.18689719068983
"F","Ore","Control",0.14809272332281
"F","Ore","Control",0.182796743738193
"F","Ore","Control",0.207019239262987
"F","Ore","Control",0.182129553191053
"F","Ore","Control",0.168293816449134
"F","Ore","Control",0.199423097554845
"F","Ore","Control",0.214425473448257
"F","Ore","Control",0.173078673671035
"F","Ore","Control",0.122565542106409
"F","Ore","Control",0.21591936944748
"F","Ore","Control",0.164689525667365
"F","Ore","Control",0.188763130985568
"F","Ore","Control",0.194821538068759
"F","Ore","Control",0.163231267945911
"F","Ore","Control",0.188281882649419
"F","Ore","Control",0.171514402881849
"F","Ore","Control",0.178407884833703
"F","Ore","Control",0.130824100391399
"F","Ore","Control",0.208360164207572
"F","Ore","Control",0.205268741965262
"F","Ore","Control",0.19164379252018
"F","Ore","Control",0.1921587357255
"F","Ore","Control",0.171520474162653
"F","Ore","Control",0.155913810255679
"F","Ore","Control",0.173380234476876
"F","Ore","Control",0.150838615389965
"F","Ore","Control",0.121942398059555
"F","Ore","Control",0.214080787853077
"F","Ore","Control",0.185373492036033
"F","Ore","Control",0.166087563381367
"F","Ore","Control",0.170432883359451
"F","Ore","Control",0.156857215032128
"F","Ore","Control",0.183194965084051
"F","Ore","Control",0.171637733084571
"F","Ore","Control",0.180184513849761
"F","Ore","Control",0.161628236296809
"F","Ore","Control",0.171151111012998
"F","Ore","Control",0.182472318406665
"F","Ore","Control",0.197010343144596
"F","Ore","Control",0.198049716274189
"F","Ore","Control",0.185732005613097
"F","Ore","Control",0.169253188416908
"F","Ore","Control",0.206226084237263
"F","Ore","Control",0.209842058402303
"F","Ore","Control",0.168570099002277
"F","Ore","Control",0.201465789057133
"F","Ore","Control",0.14313934480222
"F","Ore","Control",0.176754807404261
"F","Ore","Control",0.182558412059088
"F","Ore","Control",0.166255782435877
"F","Ore","Control",0.209440159308895
"F","Ore","Control",0.184662716778409
"F","Ore","Control",0.191165785532821
"F","Ore","Control",0.182789138321207
"F","Ore","Control",0.187928931621946
"F","Ore","Control",0.165451627063502
"F","Ore","Control",0.171352053155605
"F","Ore","Control",0.173166774427373
"F","Ore","Control",0.157723742603233
"F","Ore","Control",0.198003752343695
"F","Ore","Control",0.202687333864048
"F","Ore","Control",0.1778954628773
"F","Ore","Control",0.17496837787502
"F","Ore","Control",0.152931883189791
"F","Ore","Control",0.163261764442335
"F","Ore","Control",0.174101480738959
"F","Ore","Control",0.185932971915209
"F","Ore","Control",0.186704136459647
"F","Ore","Control",0.22201253850192
"F","Ore","Control",0.171467852390924
"F","Ore","Control",0.208703477128666
"F","Ore","Control",0.173732373493099
"F","Ore","Control",0.19143358719628
"F","Ore","Control",0.19692175624769
"F","Ore","Control",0.144543226710073
"F","Ore","Control",0.175862352206605
"F","Ore","Control",0.221239538423791
"F","Ore","Control",0.21108298475827
"F","Ore","Control",0.229677075013987
"F","Ore","Control",0.154680796962039
"F","Ore","Control",0.20737529735989
"F","Ore","Control",0.222773315027879
"F","Ore","Control",0.159778042771689
"F","Ore","Control",0.179553935818673
"F","Ore","Control",0.164524352834515
"F","Ore","Control",0.1831114019657
"F","Ore","Control",0.185375633247412
"F","Ore","Control",0.196321060172326
"F","Ore","Control",0.192463202979392
"F","Ore","Control",0.168855512130569
"F","Ore","Control",0.20054604714545
"F","Ore","Control",0.182414720111353
"F","Ore","Control",0.211080958614061
"F","Ore","Control",0.177908517962755
"F","Ore","Control",0.179528039146174
"F","Ore","Control",0.171992706909
"F","Ore","Control",0.157538096443909
"F","Ore","Control",0.182660930085385
"F","Ore","Control",0.152586034253101
"F","Ore","Control",0.19102624104195
"F","Ore","Control",0.188375548469453
"F","Ore","Control",0.184413483864113
"F","Ore","Control",0.183502378545192
"F","Ore","Control",0.161676835433915
"F","Ore","Control",0.161295777386569
"F","Ore","Control",0.22867980696623
"F","Ore","Control",0.17744625037155
"F","Ore","Control",0.217677559771723
"F","Ore","Control",0.18701608289429
"F","Ore","Control",0.204981653126376
"F","Ore","Control",0.17336807060935
"F","Ore","Control",0.18751189031993
"F","Ore","Control",0.214154603688067
"F","Ore","Control",0.195267238036218
"F","Ore","Control",0.18439084174744
"F","Ore","Control",0.209202678959385
"F","Ore","Control",0.225516002777744
"F","Ore","Control",0.168697822005388
"F","Ore","Control",0.162335383225784
"F","Ore","Control",0.198490920078793
"F","Ore","Control",0.183878107428679
"F","Ore","Control",0.225384078690963
"F","Ore","Control",0.171271815453186
"F","Ore","Control",0.171873984797545
"F","Ore","Control",0.163391359390084
"F","Ore","Control",0.178958486632219
"F","Ore","Control",0.177214654621359
"F","Ore","Control",0.200587268504835
"F","Ore","Control",0.164908165055392
"F","Ore","Control",0.204358129770853
"F","Ore","Control",0.181507539181521
"F","Ore","Control",0.177760483465076
"F","Ore","Control",0.143135936273547
"F","Ore","Control",0.169429108438359
"F","Ore","Control",0.173406352946004
"F","Ore","Control",0.216011995923039
"F","Ore","Control",0.164682896059547
"F","Ore","Control",0.159451837413337
"F","Ore","Control",0.196670419979008
"F","Ore","Control",0.132206357203523
"F","Ore","Control",0.207781123114607
"F","Ore","Control",0.217103115187995
"F","Ore","Control",0.175912265840981
"F","Ore","Control",0.192520818489949
"F","Ore","Control",0.172950547022202
"F","Ore","Control",0.180741920823832
"F","Ore","Control",0.198816619104267
"F","Ore","Control",0.196287194728843
"F","Ore","Control",0.142541723578986
"F","Ore","Control",0.200152042190441
"F","Ore","Control",0.16169751920111
"F","Ore","Control",0.181661369361712
"F","Ore","Control",0.215069391546393
"F","Ore","Control",0.189508099936716
"F","Ore","Control",0.15661321870268
"F","Ore","Control",0.225166517808509
"F","Ore","Control",0.190022899469538
"F","Ore","Control",0.180800710769839
"F","Ore","Control",0.191411976835982
"F","Ore","Control",0.170571828256994
"F","Ore","Control",0.192467597927805
"F","Ore","Control",0.158315734840084
"F","Ore","Control",0.160376199133273
"F","Ore","Control",0.190629897048618
"F","Ore","Control",0.174412366561231
"F","Ore","Control",0.171821333115137
"F","Ore","Control",0.172227274989386
"F","Ore","Control",0.183299678387309
"F","Ore","Control",0.174247098071787
"F","Ore","Control",0.207108006743401
"F","Ore","Control",0.167761349370042
"F","Ore","Control",0.156017066019427
"F","Ore","Control",0.175740775744272
"F","Ore","Control",0.171350825403612
"F","Ore","Control",0.11084945880874
"F","Ore","Control",0.218477766880656
"F","Ore","Control",0.184716249436668
"F","Ore","Control",0.17957567430161
"F","Ore","Control",0.173409143498599
"F","Ore","Control",0.18122453518488
"F","Ore","Control",0.208245251257431
"F","Ore","Control",0.177876074014903
"F","Ore","Control",0.172858713729787
"F","Ore","Control",0.174579283818936
"F","Ore","Control",0.170693133798997
"F","Ore","Control",0.198559261293095
"F","Ore","Control",0.192084457846416
"F","Ore","Control",0.186420940403779
"F","Ore","Control",0.173325832397236
"F","Ore","Control",0.185578814634107
"F","Ore","Control",0.213638958448742
"F","Ore","Control",0.202085935191752
"F","Ore","Control",0.181082919023121
"F","Ore","Control",0.194045987264796
"F","Ore","Control",0.184004768863678
"F","Ore","Control",0.168339517091821
"F","Ore","Control",0.156038280646368
"F","Ore","Control",0.182597716322945
"F","Ore","Control",0.15158123236226
"F","Ore","Control",0.181481674270341
"F","Ore","Control",0.200018551991666
"F","Ore","Control",0.176668195867292
"F","Ore","Control",0.180502760407921
"F","Ore","Control",0.183309580348124
"F","Ore","Control",0.198753630457875
"F","Ore","Control",0.207763148974551
"F","Ore","Control",0.191750335530972
"F","Ore","Control",0.155568747742219
"F","Ore","Control",0.132249405312192
"F","Ore","Control",0.167069129792152
"F","Ore","Control",0.173230314047158
"F","Ore","Control",0.192885263121629
"F","Ore","Control",0.201792808827408
"F","Ore","Control",0.196393732810684
"F","Ore","Control",0.158380863372954
"F","Ore","Control",0.218701288971569
"F","Ore","Control",0.17840929161037
"F","Ore","Control",0.178577843258735
"F","Ore","Control",0.185033158868503
"F","Ore","Control",0.187484025114013
"F","Ore","Control",0.207905224970476
"F","Ore","Control",0.144452934605044
"F","Ore","Control",0.158410175140299
"F","Ore","Control",0.206711165905359
"F","Ore","Control",0.181047371871031
"F","Ore","Control",0.161472828823128
"F","Ore","Control",0.20310597793192
"F","Ore","Control",0.196700708171581
"F","Ore","Control",0.200371237341079
"F","Ore","Control",0.178242350727258
"F","Ore","Control",0.148306388434219
"F","Ore","Control",0.171279766504758
"F","Ore","Control",0.199983199432157
"F","Ore","Control",0.151472527309313
"F","Ore","Control",0.205370497978655
"F","Ore","Control",0.163963340066245
"F","Ore","Control",0.194076049216164
"F","Ore","Control",0.168598442711831
"F","Ore","Control",0.205440193037151
"F","Ore","Control",0.203213287027662
"F","Ore","Control",0.177226387571431
"F","Ore","Control",0.170839501405598
"F","Ore","Control",0.181011020879859
"F","Ore","Control",0.187391693198834
"F","Ore","Control",0.184114996644382
"F","Ore","Control",0.185832144170655
"F","Ore","Control",0.166486186225022
"F","Ore","Control",0.162009087530445
"F","Ore","Control",0.184930762308443
"F","Ore","Control",0.225848383645643
"F","Ore","Control",0.182561005108694
"F","Ore","Control",0.169878300860996
"F","Ore","Control",0.178235275762066
"F","Ore","Control",0.165390069884883
"F","Ore","Control",0.18393400895324
"F","Ore","Control",0.188982098250687
"F","Ore","Control",0.145145325323026
"F","Ore","Control",0.197611249793535
"F","Ore","Control",0.190325470721052
"F","Ore","Control",0.153623176409459
"F","Ore","Control",0.162803477420017
"F","Ore","Control",0.169189432132372
"F","Ore","Control",0.143608993546632
"F","Ore","Control",0.190352670109509
"F","Ore","Control",0.172601441798791
"F","Ore","Control",0.183282608072034
"F","Ore","Control",0.167344411595763
"F","Ore","Control",0.158910224396585
"F","Ore","Control",0.188657207654489
"F","Ore","Control",0.175951977002507
"F","Ore","Control",0.170161885646759
"F","Ore","Control",0.193354923488119
"F","Ore","Control",0.181479129928521
"F","Ore","Control",0.164825068315308
"F","Ore","Control",0.185887879532217
"F","Ore","Control",0.159392525492688
"F","Ore","Control",0.158054654161945
"F","Ore","Control",0.166430563654871
"F","Ore","Control",0.173572541782414
"F","Ore","Control",0.187443696560911
"F","Ore","Control",0.186180584959405
"F","Ore","Control",0.183201163491103
"F","Ore","Control",0.212555962831719
"F","Ore","Control",0.197919216827245
"F","Ore","Control",0.178966543425338
"F","Ore","Control",0.217248573516001
"F","Ore","Control",0.141354287213612
"F","Ore","Control",0.196617958782378
"F","Ore","Control",0.181942314651421
"F","Ore","Control",0.171501100032152
"F","Ore","Control",0.177633221508837
"F","Ore","Control",0.20682671869699
"F","Ore","Control",0.204679261204726
"F","Ore","Control",0.178355812316352
"F","Ore","Control",0.197461959453058
"F","Ore","Control",0.166407885231151
"F","Ore","Control",0.201205174161655
"F","Ore","Control",0.189932669091049
"F","Ore","Control",0.189275417779808
"F","Ore","Control",0.18912747786776
"F","Ore","Control",0.15033796597596
"F","Ore","Control",0.189214804965228
"F","Ore","Control",0.213270071238231
"F","Ore","Control",0.193870280269556
"F","Ore","Control",0.222215131189307
"F","Ore","Control",0.188023641537515
"F","Ore","Control",0.170480010531183
"F","Ore","Control",0.186890416873438
"F","Ore","Control",0.156462821215226
"F","Ore","Control",0.206997870375255
"F","Ore","Control",0.147543043153127
"F","Ore","Control",0.16487813945311
"F","Ore","Control",0.180522421227699
"F","Ore","Control",0.182396075992571
"F","Ore","Control",0.196882732672728
"F","Ore","Control",0.165842815627791
"F","Ore","Control",0.153169000193881
"F","Ore","Control",0.171172433381533
"F","Ore","Control",0.213231785775383
"F","Ore","Control",0.193214411810584
"F","Ore","Control",0.159169405614528
"F","Ore","Control",0.171615664619552
"F","Ore","Control",0.187467583575785
"F","Ore","Control",0.186934296254559
"F","Ore","Control",0.19111012950012
"F","Ore","Control",0.164444680554172
"F","Ore","Control",0.159405073125988
"F","Ore","Control",0.182290276642197
"F","Ore","Control",0.205695892466006
"F","Ore","Control",0.19207983489085
"F","Ore","Control",0.184084212314247
"F","Ore","Control",0.235070637438684
"F","Ore","Control",0.157507765539486
"F","Ore","Control",0.173835636331122
"F","Ore","Control",0.189599956337359
"F","Ore","Control",0.168224257236672
"F","Ore","Control",0.209537339589178
"F","Ore","Control",0.18653612431721
"F","Ore","Control",0.175001612489778
"F","Ore","Control",0.183201354956514
"F","Ore","Control",0.179165847729484
"F","Ore","Control",0.174005836181518
"F","Ore","Control",0.196439389623299
"F","Ore","Control",0.174513569392736
"F","Ore","Control",0.216795025987555
"F","Ore","Control",0.208666253838045
"F","Ore","Control",0.217649975722084
"F","Ore","Control",0.169218122637098
"F","Ore","Control",0.209469577691613
"F","Ore","Control",0.201559634962062
"F","Ore","Control",0.213227874374368
"F","Ore","Control",0.161877210551789
"F","Ore","Control",0.198056966528159
"F","Ore","Control",0.208637118785115
"F","Ore","Control",0.139265373189327
"F","Ore","Control",0.182331181365295
"F","Ore","Control",0.175639955167003
"F","Ore","Control",0.183742581584282
"F","Ore","Control",0.16173941867282
"F","Ore","Control",0.194159636175818
"F","Ore","Control",0.20287459874088
"F","Ore","Control",0.158643657695126
"F","Ore","Control",0.204955339918281
"F","Ore","Control",0.218238260976387
"F","Ore","Control",0.23314169471442
"F","Ore","Control",0.196815149917331
"F","Ore","Control",0.133733266042544
"F","Ore","Control",0.166667242657668
"F","Ore","Control",0.171860658292222
"F","Ore","Control",0.157707860230738
"F","Ore","Control",0.170246221345177
"F","Ore","Control",0.18544054036207
"F","Ore","Control",0.19079837495382
"F","Ore","Control",0.168628844038981
"F","Ore","Control",0.178095378424902
"F","Ore","Control",0.15524352207787
"F","Ore","Control",0.179134583593179
"F","Ore","Control",0.159966485375699
"F","Ore","Control",0.135820234700683
"F","Ore","Control",0.19349692180134
"F","Ore","Control",0.201258501533907
"F","Ore","Control",0.166202114729419
"F","Ore","Control",0.199315807845793
"F","Ore","Control",0.159224528361306
"F","Ore","Control",0.209320042536737
"F","Ore","Control",0.17321336820736
"F","Ore","Control",0.133251730585973
"F","Ore","Control",0.219752111919864
"F","Ore","Control",0.189710719375699
"F","Ore","Control",0.197993814160419
"F","Ore","Control",0.163863963215312
"F","Ore","Control",0.201245815730164
"F","Ore","Control",0.144401117387388
"F","Ore","Control",0.170740599605637
"F","Ore","Control",0.190586960919369
"F","Ore","Control",0.189748276794302
"F","Ore","Control",0.193031284124222
"F","Ore","Control",0.176957229770831
"F","Ore","Control",0.150140255238893
"F","Ore","Control",0.196234323315129
"F","Ore","Control",0.187489751663751
"F","Ore","Control",0.181224381530717
"F","Ore","Control",0.181439038190933
"F","Ore","Control",0.216140986310255
"F","Ore","Control",0.174708481560647
"F","Ore","Control",0.170914687590149
"F","Ore","Control",0.219395286788584
"F","Ore","Control",0.194866410946682
"F","Ore","Control",0.193510755162558
"F","Ore","Control",0.179257402393958
"F","Ore","Control",0.214644801951642
"F","Ore","Control",0.193401962085005
"F","Ore","Control",0.202427367599823
"F","Ore","Control",0.194128335126591
"F","Ore","Control",0.176144063395045
"F","Ore","Control",0.155378900216766
"F","Ore","Control",0.216266677782527
"F","Ore","Control",0.135372493022162
"F","Ore","Control",0.19298502866468
"F","Ore","Control",0.213523400234617
"F","Ore","Control",0.201170134456343
"F","Ore","Control",0.199948011806408
"F","Ore","Control",0.166244980433786
"F","Ore","Control",0.172857527226123
"F","Ore","Control",0.200718247867939
"F","Ore","Control",0.188626812106322
"F","Ore","Control",0.170314329035675
"F","Ore","Control",0.202430095677418
"F","Ore","Control",0.172465887659142
"F","Ore","Control",0.189341785437903
"F","Ore","Control",0.192029815442976
"F","Ore","Control",0.192730541643472
"F","Ore","Control",0.169879204017275
"F","Ore","Control",0.187807839233941
"F","Ore","Control",0.167819596243205
"F","Ore","Control",0.176318552859216
"F","Ore","Control",0.181354158102362
"F","Ore","Control",0.176096006157794
"F","Ore","Control",0.196437941127791
"F","Ore","Control",0.142214064202338
"F","Ore","Control",0.174018560881685
"F","Ore","Control",0.225858325458781
"F","Ore","Control",0.224989646688083
"F","Ore","Control",0.224760679808081
"F","Ore","Control",0.155365668458928
"F","Ore","Control",0.186942722271309
"F","Ore","Control",0.163093417250391
"F","Ore","Control",0.143254147442194
"F","Ore","Control",0.179880816224473
"F","Ore","Control",0.172990723072072
"F","Ore","Control",0.161771195571659
"F","Ore","Control",0.202880264133722
"F","Ore","Control",0.189453121081789
"F","Ore","Control",0.173034534344687
"F","Ore","Control",0.180380738597828
"F","Ore","Control",0.155696322756546
"F","Ore","Control",0.161616575897512
"F","Ore","Control",0.192814277378085
"F","Ore","Control",0.182884566401025
"F","Ore","Control",0.178949448291728
"F","Ore","Control",0.158076020019752
"F","Ore","Control",0.139254345153422
"F","Ore","Control",0.220034249256529
"F","Ore","Control",0.225605401703957
"F","Ore","Control",0.163409117945717
"F","Ore","Control",0.217058740375492
"F","Ore","Control",0.179146689943968
"F","Ore","Control",0.177694696112294
"F","Ore","Control",0.165116525754493
"F","Ore","Control",0.169758683735939
"F","Ore","Control",0.190437086926733
"F","Ore","Control",0.198698430898908
"F","Ore","Control",0.228270188248525
"F","Ore","Control",0.201002699801954
"F","Ore","Control",0.172455470480638
"F","Ore","Control",0.213245417095763
"F","Ore","Control",0.170281928354692
"F","Ore","Control",0.178027013708699
"F","Ore","Control",0.154292098296114
"F","Ore","Control",0.131570409391957
"F","Ore","Control",0.205782133047146
"F","Ore","Control",0.183443388681642
"F","Ore","Control",0.191542140916462
"F","Ore","Control",0.207468320422589
"F","Ore","Control",0.213141846677104
"F","Ore","Control",0.143044140096825
"F","Ore","Control",0.189762594664946
"F","Ore","Control",0.195432248929032
"F","Ore","Control",0.165391629473421
"F","Ore","Control",0.159472931779885
"F","Ore","Control",0.170487640893401
"F","Ore","Control",0.138398917112149
"F","Ore","Control",0.198702694354726
"F","Ore","Control",0.175163244855537
"F","Ore","Control",0.19822788165692
"F","Ore","Control",0.172385462778228
"F","Ore","Control",0.19465334620603
"F","Ore","Control",0.197873301523523
"F","Ore","Control",0.216323796518189
"F","Ore","Control",0.22072438069061
"F","Ore","Control",0.170947402240441
"F","Ore","Control",0.210229502833937
"F","Ore","Control",0.189164918918815
"F","Ore","Control",0.149108162027733
"F","Ore","Control",0.1906844318631
"F","Ore","Control",0.186953227598498
"F","Ore","Control",0.247303978880817
"F","Ore","Control",0.173737114045698
"F","Ore","Control",0.19183194076479
"F","Ore","Control",0.17142904477743
"F","Ore","Control",0.168306576170826
"F","Ore","Control",0.210606923061028
"F","Ore","Control",0.197973078911551
"F","Ore","Control",0.165090691334859
"F","Ore","Control",0.197204145475484
"F","Ore","Control",0.189746738567636
"F","Ore","Control",0.181028782503462
"F","Ore","Control",0.178056310054545
"F","Ore","Control",0.196679138335322
"F","Ore","Control",0.200196660140754
"F","Ore","Control",0.172953351002972
"F","Ore","Control",0.181746914272011
"F","Ore","Control",0.167025866820664
"F","Ore","Control",0.185885494691896
"F","Ore","Control",0.199097212231172
"F","Ore","Control",0.19581841309539
"F","Ore","Control",0.178771345306847
"F","Ore","Control",0.183220428729518
"F","Ore","Control",0.183289211113479
"F","Ore","Control",0.186327452688925
"F","Ore","Control",0.217300961199616
"F","Ore","Control",0.159949409642785
"F","Ore","Control",0.190531658956259
"F","Ore","Control",0.17944894708581
"F","Ore","Control",0.222684197008013
"F","Ore","Control",0.167125774420803
"F","Ore","Control",0.177966526594798
"F","Ore","Control",0.216858336953995
"F","Ore","Control",0.208500397221345
"F","Ore","Control",0.166327060203718
"F","Ore","Control",0.208407757753592
"F","Ore","Control",0.174793895623791
"F","Ore","Control",0.163827719103709
"F","Ore","Control",0.18655388052514
"F","Ore","Control",0.16328389379061
"F","Ore","Control",0.149069750823039
"F","Ore","Control",0.155921224401522
"F","Ore","Control",0.182682729738923
"F","Ore","Control",0.198368569514479
"F","Ore","Control",0.157571130169343
"F","Ore","Control",0.174709506114114
"F","Ore","Control",0.200272230761378
"F","Ore","Control",0.157426452358336
"F","Ore","Control",0.195240089322073
"F","Ore","Control",0.180759390458898
"F","Ore","Control",0.173526518703548
"F","Ore","Control",0.16133513358737
"F","Ore","Control",0.172928822736094
"F","Ore","Control",0.195175217088881
"F","Ore","Control",0.176550049728998
"F","Ore","Control",0.176590467736959
"F","Ore","Control",0.154615405452518
"F","Ore","Control",0.191420976174999
"F","Ore","Control",0.221809636945977
"F","Ore","Control",0.182665777823607
"F","Ore","Control",0.194735801814211
"F","Ore","Control",0.18317967523827
"F","Ore","Control",0.192178806341587
"F","Ore","Control",0.228583717931947
"F","Ore","Control",0.16018099777305
"F","Ore","Control",0.173180024676651
"F","Ore","Control",0.205211795043474
"F","Ore","Control",0.199659079266459
"F","Ore","Control",0.194551439572214
"F","Ore","Control",0.202340372867259
"F","Ore","Control",0.171182699369435
"F","Ore","Control",0.174728954328843
"F","Ore","Control",0.205876696803358
"F","Ore","Control",0.194263268787364
"F","Ore","Control",0.215113632222772
"F","Ore","Control",0.175066484027625
"F","Ore","Control",0.216219088534943
"F","Ore","Control",0.1807339323375
"F","Ore","Control",0.190437031727827
"F","Ore","Control",0.182435268924435
"F","Ore","Control",0.183186224728276
"F","Ore","Control",0.137681975263476
"F","Ore","Control",0.161900669703559
"F","Ore","Control",0.211008345257939
"F","Ore","Control",0.162562179043022
"F","Ore","Control",0.165705152117261
"F","Ore","Control",0.21540149995091
"F","Ore","Control",0.134926991677481
"F","Ore","Control",0.200615060892286
"F","Ore","Control",0.163531188309209
"F","Ore","Control",0.198138765658593
"F","Ore","Control",0.210875910664534
"F","Ore","Control",0.198427002392727
"F","Ore","Control",0.195544732990035
"F","Ore","Control",0.158237444142612
"F","Ore","Control",0.199765137905615
"F","Ore","Control",0.167726529321733
"F","Ore","Control",0.17217378718072
"F","Ore","Control",0.150220718432383
"F","Ore","Control",0.175449783639888
"F","Ore","Control",0.164337150458957
"F","Ore","Control",0.229050906138909
"F","Ore","Control",0.182981842144297
"F","Ore","Control",0.145475732338433
"F","Ore","Control",0.17711701480838
"F","Ore","Control",0.172870875799439
"F","Ore","Control",0.192847409920262
"F","Ore","Control",0.167395488219662
"F","Ore","Control",0.20883449200815
"F","Ore","Control",0.200741485816308
"F","Ore","Control",0.202766879442046
"F","Ore","Control",0.163326508278248
"F","Ore","Control",0.178864274670928
"F","Ore","Control",0.216456336526366
"F","Ore","Control",0.195547854726395
"F","Ore","Control",0.196734199976775
"F","Ore","Control",0.184696719549264
"F","Ore","Control",0.219713732409596
"F","Ore","Control",0.167824657098824
"F","Ore","Control",0.205991616461457
"F","Ore","Control",0.184375392972679
"F","Ore","Control",0.189754055812192
"F","Ore","Control",0.197532365355321
"F","Ore","Control",0.163913420734494
"F","Ore","Control",0.20623552380259
"F","Ore","Control",0.156804561279722
"F","Ore","Control",0.161253753349508
"F","Ore","Control",0.197926643815208
"F","Ore","Control",0.17787349122561
"F","Ore","Control",0.215383763712457
"F","Ore","Control",0.185472961383583
"F","Ore","Control",0.130840044269622
"F","Ore","Control",0.182782519176443
"F","Ore","Control",0.160566909490534
"F","Ore","Control",0.14647038492134
"F","Ore","Control",0.158089822771542
"F","Ore","Control",0.183540547852687
"F","Ore","Control",0.195355307809109
"F","Ore","Control",0.166036685018121
"F","Ore","Control",0.174972086801406
"F","Ore","Control",0.189037619539882
"F","Ore","Control",0.175839905681455
"F","Ore","Control",0.181614884496288
"F","Ore","Control",0.169655395073662
"F","Ore","Control",0.185520044750085
"F","Ore","Control",0.20571494980732
"F","Ore","Control",0.226289052464744
"F","Ore","Control",0.172722133268361
"F","Ore","Control",0.171316862856221
"F","Ore","Control",0.17799034760469
"F","Ore","Control",0.177943066161144
"F","Ore","Control",0.221248913102696
"F","Ore","Control",0.177351978319533
"F","Ore","Control",0.189231317982166
"F","Ore","Control",0.153674411812028
"F","Ore","Control",0.21337298191757
"F","Ore","Control",0.16430638428263
"F","Ore","Control",0.162113171265921
"F","Ore","Control",0.198836461727419
"F","Ore","Control",0.203557029926648
"F","Ore","Control",0.211581678831054
"F","Ore","Control",0.187448193577941
"F","Ore","Control",0.192151756279703
"F","Ore","Control",0.187423156656131
"F","Ore","Control",0.209053147245027
"F","Ore","Control",0.175729929316827
"F","Ore","Control",0.17012282808099
"F","Ore","Control",0.15263190184597
"F","Ore","Control",0.211562799499522
"F","Ore","Control",0.155902494245918
"F","Ore","Control",0.152170979490509
"F","Ore","Control",0.177204774500576
"F","Ore","Control",0.172900009988286
"F","Ore","Control",0.164757324024376
"F","Ore","Control",0.194685125937431
"F","Ore","Control",0.164926338768077
"F","Ore","Control",0.184722602491301
"F","Ore","Control",0.219719019919415
"F","Ore","Control",0.186672302577974
"F","Ore","Control",0.161612968200498
"F","Ore","Control",0.190349895816134
"F","Ore","Control",0.168351352601209
"F","Ore","Control",0.174094504252637
"F","Ore","Control",0.170373059458579
"F","Ore","Control",0.161187438461757
"F","Ore","Control",0.151207240068178
"F","Ore","Control",0.204893262305467
"F","Ore","Control",0.188137344276574
"F","Ore","Control",0.172305635414066
"F","Ore","Control",0.208739202723499
"F","Ore","Control",0.200403538611552
"F","Ore","Control",0.163899689928391
"F","Ore","Control",0.15688785171446
"F","Ore","Control",0.202899912340635
"F","Ore","Control",0.154630236634217
"F","Ore","Control",0.221078135964712
"F","Ore","Control",0.178733832623549
"F","Ore","Control",0.146011763995583
"F","Ore","Control",0.142705055609934
"F","Ore","Control",0.188217245863859
"F","Ore","Control",0.208656380417437
"F","Ore","Control",0.158368703073799
"F","Ore","Control",0.152287743864675
"F","Ore","Control",0.207324567382648
"F","Ore","Control",0.168427395545036
"F","Ore","Control",0.163935541569007
"F","Ore","Control",0.244795142504319
"F","Ore","Control",0.150709955646121
"F","Ore","Control",0.191926026229844
"F","Ore","Control",0.172425403514265
"F","Ore","Control",0.167600578309902
"F","Ore","Control",0.179635647281177
"F","Ore","Control",0.160695594366904
"F","Ore","Rotenone",0.223676323926077
"F","Ore","Rotenone",0.188265671642097
"F","Ore","Rotenone",0.194589080959996
"F","Ore","Rotenone",0.1695684139616
"F","Ore","Rotenone",0.187061870118197
"F","Ore","Rotenone",0.188299971550358
"F","Ore","Rotenone",0.200123503578661
"F","Ore","Rotenone",0.179841628995857
"F","Ore","Rotenone",0.211688687508805
"F","Ore","Rotenone",0.190382133201219
"F","Ore","Rotenone",0.17810010187857
"F","Ore","Rotenone",0.198390186501588
"F","Ore","Rotenone",0.231355233637715
"F","Ore","Rotenone",0.214396511442042
"F","Ore","Rotenone",0.174592621954932
"F","Ore","Rotenone",0.20349138737761
"F","Ore","Rotenone",0.185825628924591
"F","Ore","Rotenone",0.154219092131197
"F","Ore","Rotenone",0.216771871194467
"F","Ore","Rotenone",0.192607133251154
"F","Ore","Rotenone",0.149455664327004
"F","Ore","Rotenone",0.208311545082089
"F","Ore","Rotenone",0.19196281039497
"F","Ore","Rotenone",0.194594619112568
"F","Ore","Rotenone",0.17301722411879
"F","Ore","Rotenone",0.225039033433235
"F","Ore","Rotenone",0.179554779949682
"F","Ore","Rotenone",0.191254131465001
"F","Ore","Rotenone",0.20463915899293
"F","Ore","Rotenone",0.18698538868508
"F","Ore","Rotenone",0.170468293014228
"F","Ore","Rotenone",0.19721546315267
"F","Ore","Rotenone",0.183871163194674
"F","Ore","Rotenone",0.173975673361053
"F","Ore","Rotenone",0.216553231930284
"F","Ore","Rotenone",0.194182461838747
"F","Ore","Rotenone",0.16297065091324
"F","Ore","Rotenone",0.202974539564517
"F","Ore","Rotenone",0.219873273328401
"F","Ore","Rotenone",0.207875482826372
"F","Ore","Rotenone",0.21929036103184
"F","Ore","Rotenone",0.195893769410731
"F","Ore","Rotenone",0.188125409111217
"F","Ore","Rotenone",0.208036425688041
"F","Ore","Rotenone",0.206923855890511
"F","Ore","Rotenone",0.188496352588696
"F","Ore","Rotenone",0.180286712383034
"F","Ore","Rotenone",0.192208667160354
"F","Ore","Rotenone",0.163315345627536
"F","Ore","Rotenone",0.198403356226756
"F","Ore","Rotenone",0.165740133711732
"F","Ore","Rotenone",0.192246588255589
"F","Ore","Rotenone",0.197645542553384
"F","Ore","Rotenone",0.212480439183434
"F","Ore","Rotenone",0.19268402939355
"F","Ore","Rotenone",0.206004016270438
"F","Ore","Rotenone",0.200727369658855
"F","Ore","Rotenone",0.188180477080871
"F","Ore","Rotenone",0.188643501725644
"F","Ore","Rotenone",0.174909006251261
"F","Ore","Rotenone",0.217268562545822
"F","Ore","Rotenone",0.162269126152867
"F","Ore","Rotenone",0.214675311452679
"F","Ore","Rotenone",0.181152932941071
"F","Ore","Rotenone",0.184169828074832
"F","Ore","Rotenone",0.209753246239583
"F","Ore","Rotenone",0.203886300444933
"F","Ore","Rotenone",0.211340789422294
"F","Ore","Rotenone",0.203598743383344
"F","Ore","Rotenone",0.185559744105567
"F","Ore","Rotenone",0.183359822948292
"F","Ore","Rotenone",0.175146857393398
"F","Ore","Rotenone",0.221328329938514
"F","Ore","Rotenone",0.1887804583932
"F","Ore","Rotenone",0.195305941197576
"F","Ore","Rotenone",0.218727694152427
"F","Ore","Rotenone",0.196032689970519
"F","Ore","Rotenone",0.233218366811438
"F","Ore","Rotenone",0.171043074015724
"F","Ore","Rotenone",0.180579225286403
"F","Ore","Rotenone",0.220602814842929
"F","Ore","Rotenone",0.194149129401402
"F","Ore","Rotenone",0.191068759548143
"F","Ore","Rotenone",0.19720223950762
"F","Ore","Rotenone",0.219441241537686
"F","Ore","Rotenone",0.179794870257889
"F","Ore","Rotenone",0.181868249013275
"F","Ore","Rotenone",0.196636168061293
"F","Ore","Rotenone",0.196705172403708
"F","Ore","Rotenone",0.202096576661389
"F","Ore","Rotenone",0.189897454832933
"F","Ore","Rotenone",0.199425185207376
"F","Ore","Rotenone",0.170973242717641
"F","Ore","Rotenone",0.17879455947698
"F","Ore","Rotenone",0.168531575432453
"F","Ore","Rotenone",0.18927523770088
"F","Ore","Rotenone",0.215610748840741
"F","Ore","Rotenone",0.203572396036622
"F","Ore","Rotenone",0.202559712067387
"F","Ore","Rotenone",0.193956510157472
"F","Ore","Rotenone",0.180580711203133
"F","Ore","Rotenone",0.213773732281742
"F","Ore","Rotenone",0.213807751705826
"F","Ore","Rotenone",0.198446908328432
"F","Ore","Rotenone",0.190779632716613
"F","Ore","Rotenone",0.213719879039541
"F","Ore","Rotenone",0.185758224035245
"F","Ore","Rotenone",0.16775850049099
"F","Ore","Rotenone",0.191920900275614
"F","Ore","Rotenone",0.220567386063793
"F","Ore","Rotenone",0.189248931920936
"F","Ore","Rotenone",0.21014429743265
"F","Ore","Rotenone",0.163574834550546
"F","Ore","Rotenone",0.185937973274448
"F","Ore","Rotenone",0.205987969426101
"F","Ore","Rotenone",0.191216620224316
"F","Ore","Rotenone",0.19594221981601
"F","Ore","Rotenone",0.209925773626674
"F","Ore","Rotenone",0.15871756536565
"F","Ore","Rotenone",0.217739763937714
"F","Ore","Rotenone",0.194119584227839
"F","Ore","Rotenone",0.178133768985631
"F","Ore","Rotenone",0.198714909549849
"F","Ore","Rotenone",0.197130938046874
"F","Ore","Rotenone",0.240128555209312
"F","Ore","Rotenone",0.180037317054743
"F","Ore","Rotenone",0.192680405802305
"F","Ore","Rotenone",0.184566085087414
"F","Ore","Rotenone",0.224734238927603
"F","Ore","Rotenone",0.173303573563733
"F","Ore","Rotenone",0.20964483896251
"F","Ore","Rotenone",0.176036577817236
"F","Ore","Rotenone",0.201199497612916
"F","Ore","Rotenone",0.22805569851662
"F","Ore","Rotenone",0.192594408499941
"F","Ore","Rotenone",0.204721233145032
"F","Ore","Rotenone",0.195759202357818
"F","Ore","Rotenone",0.201621956307297
"F","Ore","Rotenone",0.182132346676264
"F","Ore","Rotenone",0.186812437575362
"F","Ore","Rotenone",0.182885375460605
"F","Ore","Rotenone",0.201585586182931
"F","Ore","Rotenone",0.208598184004561
"F","Ore","Rotenone",0.173849875617783
"F","Ore","Rotenone",0.204551905444871
"F","Ore","Rotenone",0.200090476458462
"F","Ore","Rotenone",0.216404131750747
"F","Ore","Rotenone",0.189255671803513
"F","Ore","Rotenone",0.201011112234793
"F","Ore","Rotenone",0.187338685883107
"F","Ore","Rotenone",0.228727562137992
"F","Ore","Rotenone",0.195724601700623
"F","Ore","Rotenone",0.21408086741098
"F","Ore","Rotenone",0.183367405444965
"F","Ore","Rotenone",0.168980415072334
"F","Ore","Rotenone",0.199374954849011
"F","Ore","Rotenone",0.191340638597139
"F","Ore","Rotenone",0.195702163343305
"F","Ore","Rotenone",0.195067384747042
"F","Ore","Rotenone",0.18715758853868
"F","Ore","Rotenone",0.190799782849454
"F","Ore","Rotenone",0.210752549964599
"F","Ore","Rotenone",0.205187154717616
"F","Ore","Rotenone",0.219915831493824
"F","Ore","Rotenone",0.196004113100587
"F","Ore","Rotenone",0.178541005040605
"F","Ore","Rotenone",0.188373479977462
"F","Ore","Rotenone",0.207614752115837
"F","Ore","Rotenone",0.178528744712964
"F","Ore","Rotenone",0.18271203194227
"F","Ore","Rotenone",0.192763789524494
"F","Ore","Rotenone",0.191727686216876
"F","Ore","Rotenone",0.197111374092962
"F","Ore","Rotenone",0.216805504920847
"F","Ore","Rotenone",0.187663281137305
"F","Ore","Rotenone",0.173485251735887
"F","Ore","Rotenone",0.236134516880783
"F","Ore","Rotenone",0.17375288587557
"F","Ore","Rotenone",0.184846914010122
"F","Ore","Rotenone",0.20657656205133
"F","Ore","Rotenone",0.189286466430098
"F","Ore","Rotenone",0.192824783033313
"F","Ore","Rotenone",0.163288105560949
"F","Ore","Rotenone",0.179241854468238
"F","Ore","Rotenone",0.21926546489762
"F","Ore","Rotenone",0.194464897037713
"F","Ore","Rotenone",0.210673504145743
"F","Ore","Rotenone",0.184158703429619
"F","Ore","Rotenone",0.216761217245283
"F","Ore","Rotenone",0.180504492440533
"F","Ore","Rotenone",0.194889215415865
"F","Ore","Rotenone",0.189041773838167
"F","Ore","Rotenone",0.186789522132325
"F","Ore","Rotenone",0.163430467876745
"F","Ore","Rotenone",0.183962434445005
"F","Ore","Rotenone",0.225204799199361
"F","Ore","Rotenone",0.190645886377527
"F","Ore","Rotenone",0.17104957404183
"F","Ore","Rotenone",0.216786623388927
"F","Ore","Rotenone",0.20313303790185
"F","Ore","Rotenone",0.150887701467481
"F","Ore","Rotenone",0.211726908365458
"F","Ore","Rotenone",0.196767326749554
"F","Ore","Rotenone",0.206415426179508
"F","Ore","Rotenone",0.178701170712545
"F","Ore","Rotenone",0.185955729422401
"F","Ore","Rotenone",0.153637435547995
"F","Ore","Rotenone",0.18765503128023
"F","Ore","Rotenone",0.198756683553053
"F","Ore","Rotenone",0.221447090078323
"F","Ore","Rotenone",0.210837457281349
"F","Ore","Rotenone",0.162770444835902
"F","Ore","Rotenone",0.191365202848283
"F","Ore","Rotenone",0.209148599858178
"F","Ore","Rotenone",0.187531678282699
"F","Ore","Rotenone",0.20786441689537
"F","Ore","Rotenone",0.181393286983987
"F","Ore","Rotenone",0.148419108437876
"F","Ore","Rotenone",0.187219756281543
"F","Ore","Rotenone",0.23251235853959
"F","Ore","Rotenone",0.196412163786705
"F","Ore","Rotenone",0.218882980677551
"F","Ore","Rotenone",0.208137649017578
"F","Ore","Rotenone",0.167251513728507
"F","Ore","Rotenone",0.200513346957104
"F","Ore","Rotenone",0.18361640110184
"F","Ore","Rotenone",0.153357570070585
"F","Ore","Rotenone",0.235461355886249
"F","Ore","Rotenone",0.179008045806753
"F","Ore","Rotenone",0.160722466850372
"F","Ore","Rotenone",0.217269574871361
"F","Ore","Rotenone",0.189103773349182
"F","Ore","Rotenone",0.207954015241054
"F","Ore","Rotenone",0.194052181984681
"F","Ore","Rotenone",0.180574520145557
"F","Ore","Rotenone",0.218328820293485
"F","Ore","Rotenone",0.239695252310296
"F","Ore","Rotenone",0.164694491957857
"F","Ore","Rotenone",0.185559205403801
"F","Ore","Rotenone",0.171989738669112
"F","Ore","Rotenone",0.202068080045524
"F","Ore","Rotenone",0.201516825235168
"F","Ore","Rotenone",0.194137612034891
"F","Ore","Rotenone",0.184897974726098
"F","Ore","Rotenone",0.193330330187802
"F","Ore","Rotenone",0.200521066781276
"F","Ore","Rotenone",0.187190587635419
"F","Ore","Rotenone",0.194407446577753
"F","Ore","Rotenone",0.19470354146168
"F","Ore","Rotenone",0.201912884514635
"F","Ore","Rotenone",0.19867880818452
"F","Ore","Rotenone",0.171169570438638
"F","Ore","Rotenone",0.192531958411036
"F","Ore","Rotenone",0.198701367329161
"F","Ore","Rotenone",0.197011331459536
"F","Ore","Rotenone",0.181213266775884
"F","Ore","Rotenone",0.198939788818991
"F","Ore","Rotenone",0.160843770965674
"F","Ore","Rotenone",0.193918927482864
"F","Ore","Rotenone",0.185229543746141
"F","Ore","Rotenone",0.167683718821087
"F","Ore","Rotenone",0.208539956083229
"F","Ore","Rotenone",0.182005057067132
"F","Ore","Rotenone",0.184741857234666
"F","Ore","Rotenone",0.21812630166389
"F","Ore","Rotenone",0.202444157735197
"F","Ore","Rotenone",0.19907834867604
"F","Ore","Rotenone",0.15384884945974
"F","Ore","Rotenone",0.193145539623164
"F","Ore","Rotenone",0.201205320881472
"F","Ore","Rotenone",0.197777454399363
"F","Ore","Rotenone",0.183681315232287
"F","Ore","Rotenone",0.224016445384448
"F","Ore","Rotenone",0.189896595697073
"F","Ore","Rotenone",0.185790914447153
"F","Ore","Rotenone",0.201382124436938
"F","Ore","Rotenone",0.20344377310652
"F","Ore","Rotenone",0.191448640894172
"F","Ore","Rotenone",0.211979559799084
"F","Ore","Rotenone",0.206874695037112
"F","Ore","Rotenone",0.205610779697435
"F","Ore","Rotenone",0.190841402273167
"F","Ore","Rotenone",0.234454641014483
"F","Ore","Rotenone",0.185228838435847
"F","Ore","Rotenone",0.198251762783801
"F","Ore","Rotenone",0.202248279692769
"F","Ore","Rotenone",0.196093713032617
"F","Ore","Rotenone",0.234603342792275
"F","Ore","Rotenone",0.177640314590679
"F","Ore","Rotenone",0.18542364831772
"F","Ore","Rotenone",0.193806274493165
"F","Ore","Rotenone",0.186971934593634
"F","Ore","Rotenone",0.187149790705472
"F","Ore","Rotenone",0.198598994359135
"F","Ore","Rotenone",0.216996123445037
"F","Ore","Rotenone",0.222714827172117
"F","Ore","Rotenone",0.156376982606339
"F","Ore","Rotenone",0.174210227999618
"F","Ore","Rotenone",0.185912012474658
"F","Ore","Rotenone",0.174177026660052
"F","Ore","Rotenone",0.18637890301142
"F","Ore","Rotenone",0.242226420056678
"F","Ore","Rotenone",0.226911941195399
"F","Ore","Rotenone",0.185619264135644
"F","Ore","Rotenone",0.181356841912165
"F","Ore","Rotenone",0.220089314109104
"F","Ore","Rotenone",0.18922799710064
"F","Ore","Rotenone",0.157305756106041
"F","Ore","Rotenone",0.210720890088768
"F","Ore","Rotenone",0.161698690211509
"F","Ore","Rotenone",0.219695422129028
"F","Ore","Rotenone",0.197158451998356
"F","Ore","Rotenone",0.206806550352345
"F","Ore","Rotenone",0.187894267191562
"F","Ore","Rotenone",0.202307811343349
"F","Ore","Rotenone",0.167181025094929
"F","Ore","Rotenone",0.167876388709766
"F","Ore","Rotenone",0.158728609041674
"F","Ore","Rotenone",0.221995852515271
"F","Ore","Rotenone",0.214083297686364
"F","Ore","Rotenone",0.20681314698157
"F","Ore","Rotenone",0.199530424556887
"F","Ore","Rotenone",0.188801167683335
"F","Ore","Rotenone",0.201417987022306
"F","Ore","Rotenone",0.210593663451571
"F","Ore","Rotenone",0.222031617639009
"F","Ore","Rotenone",0.214024284186137
"F","Ore","Rotenone",0.19393316585251
"F","Ore","Rotenone",0.191677483204907
"F","Ore","Rotenone",0.22436938149572
"F","Ore","Rotenone",0.188779259540841
"F","Ore","Rotenone",0.197842290872101
"F","Ore","Rotenone",0.195955408633384
"F","Ore","Rotenone",0.206961071430242
"F","Ore","Rotenone",0.195376386976289
"F","Ore","Rotenone",0.166742266404899
"F","Ore","Rotenone",0.218768483780198
"F","Ore","Rotenone",0.183996253021562
"F","Ore","Rotenone",0.160732534573086
"F","Ore","Rotenone",0.182122593846077
"F","Ore","Rotenone",0.176616742799217
"F","Ore","Rotenone",0.186782344653191
"F","Ore","Rotenone",0.197336635577578
"F","Ore","Rotenone",0.207871847099064
"F","Ore","Rotenone",0.195362004155147
"F","Ore","Rotenone",0.203312120678317
"F","Ore","Rotenone",0.199688169162562
"F","Ore","Rotenone",0.188930813745314
"F","Ore","Rotenone",0.192318614900279
"F","Ore","Rotenone",0.191586468546088
"F","Ore","Rotenone",0.17646430686209
"F","Ore","Rotenone",0.181078756656234
"F","Ore","Rotenone",0.166391804400229
"F","Ore","Rotenone",0.15187780793406
"F","Ore","Rotenone",0.188989437410352
"F","Ore","Rotenone",0.174117206632156
"F","Ore","Rotenone",0.186110640607896
"F","Ore","Rotenone",0.19667991776628
"F","Ore","Rotenone",0.177037673745959
"F","Ore","Rotenone",0.193251314769525
"F","Ore","Rotenone",0.186875725457483
"F","Ore","Rotenone",0.15394843984815
"F","Ore","Rotenone",0.217392980367958
"F","Ore","Rotenone",0.215690431835241
"F","Ore","Rotenone",0.18958831196967
"F","Ore","Rotenone",0.190031114179527
"F","Ore","Rotenone",0.199316009121242
"F","Ore","Rotenone",0.186701745796205
"F","Ore","Rotenone",0.20474862721883
"F","Ore","Rotenone",0.160078950512314
"F","Ore","Rotenone",0.231078070306675
"F","Ore","Rotenone",0.197936222249407
"F","Ore","Rotenone",0.18511021768287
"F","Ore","Rotenone",0.170012430801892
"F","Ore","Rotenone",0.231618998157077
"F","Ore","Rotenone",0.191914727324573
"F","Ore","Rotenone",0.197882177417228
"F","Ore","Rotenone",0.165842656923792
"F","Ore","Rotenone",0.181646876864364
"F","Ore","Rotenone",0.21353515101914
"F","Ore","Rotenone",0.192873282699558
"F","Ore","Rotenone",0.180778617989197
"F","Ore","Rotenone",0.205447141543802
"F","Ore","Rotenone",0.1933999181229
"F","Ore","Rotenone",0.198832169436071
"F","Ore","Rotenone",0.18879625215272
"F","Ore","Rotenone",0.219963531136118
"F","Ore","Rotenone",0.159504312166247
"F","Ore","Rotenone",0.198999066872073
"F","Ore","Rotenone",0.155921473940889
"F","Ore","Rotenone",0.190587749189671
"F","Ore","Rotenone",0.20283640399557
"F","Ore","Rotenone",0.200042618947342
"F","Ore","Rotenone",0.177391688625344
"F","Ore","Rotenone",0.173023270200991
"F","Ore","Rotenone",0.157302343693761
"F","Ore","Rotenone",0.191786918765316
"F","Ore","Rotenone",0.231344164743115
"F","Ore","Rotenone",0.184757441173254
"F","Ore","Rotenone",0.180238689999779
"F","Ore","Rotenone",0.206506105477681
"F","Ore","Rotenone",0.184335934365235
"F","Ore","Rotenone",0.201056293539415
"F","Ore","Rotenone",0.192909230163396
"F","Ore","Rotenone",0.15647172822283
"F","Ore","Rotenone",0.215561219085843
"F","Ore","Rotenone",0.151923549144428
"F","Ore","Rotenone",0.209013083747542
"F","Ore","Rotenone",0.214556766882369
"F","Ore","Rotenone",0.197582315915447
"F","Ore","Rotenone",0.189413160029778
"F","Ore","Rotenone",0.185008638552409
"F","Ore","Rotenone",0.201405263178529
"F","Ore","Rotenone",0.168942788054092
"F","Ore","Rotenone",0.193435513511919
"F","Ore","Rotenone",0.174031634430486
"F","Ore","Rotenone",0.168119298477982
"F","Ore","Rotenone",0.19471414268185
"F","Ore","Rotenone",0.2183105048443
"F","Ore","Rotenone",0.194812182501754
"F","Ore","Rotenone",0.182746057981756
"F","Ore","Rotenone",0.208473372040667
"F","Ore","Rotenone",0.17571587613609
"F","Ore","Rotenone",0.150913603680317
"F","Ore","Rotenone",0.207838137694456
"F","Ore","Rotenone",0.164122154224503
"F","Ore","Rotenone",0.185974014292208
"F","Ore","Rotenone",0.228549123953553
"F","Ore","Rotenone",0.203626626526675
"F","Ore","Rotenone",0.206982282836152
"F","Ore","Rotenone",0.201366233846155
"F","Ore","Rotenone",0.207942209743483
"F","Ore","Rotenone",0.195859882843797
"F","Ore","Rotenone",0.203098738066406
"F","Ore","Rotenone",0.160229891975471
"F","Ore","Rotenone",0.21374620871256
"F","Ore","Rotenone",0.14436517644323
"F","Ore","Rotenone",0.191819542884962
"F","Ore","Rotenone",0.152976420884236
"F","Ore","Rotenone",0.205085903394423
"F","Ore","Rotenone",0.205177563455645
"F","Ore","Rotenone",0.191701556426069
"F","Ore","Rotenone",0.196872273062547
"F","Ore","Rotenone",0.245464848603933
"F","Ore","Rotenone",0.199657948861333
"F","Ore","Rotenone",0.195233707725177
"F","Ore","Rotenone",0.241637468159856
"F","Ore","Rotenone",0.126936789026038
"F","Ore","Rotenone",0.178063130089859
"F","Ore","Rotenone",0.244585877735677
"F","Ore","Rotenone",0.201279308985371
"F","Ore","Rotenone",0.170726582884963
"F","Ore","Rotenone",0.19451361488145
"F","Ore","Rotenone",0.194694590750734
"F","Ore","Rotenone",0.193571676072305
"F","Ore","Rotenone",0.167967855209913
"F","Ore","Rotenone",0.200536864310924
"F","Ore","Rotenone",0.181421299676744
"F","Ore","Rotenone",0.174447217447573
"F","Ore","Rotenone",0.189370909159852
"F","Ore","Rotenone",0.207800117758368
"F","Ore","Rotenone",0.188269632207397
"F","Ore","Rotenone",0.202527960297789
"F","Ore","Rotenone",0.177605380214058
"F","Ore","Rotenone",0.215880064432444
"F","Ore","Rotenone",0.194375056445722
"F","Ore","Rotenone",0.185998771394356
"F","Ore","Rotenone",0.179014563770948
"F","Ore","Rotenone",0.187572562618964
"F","Ore","Rotenone",0.213761940891435
"F","Ore","Rotenone",0.169689827014254
"F","Ore","Rotenone",0.209487843270879
"F","Ore","Rotenone",0.168891205284116
"F","Ore","Rotenone",0.209832270441564
"F","Ore","Rotenone",0.193776516345114
"F","Ore","Rotenone",0.186349335715591
"F","Ore","Rotenone",0.200321986225469
"F","Ore","Rotenone",0.179306069425639
"F","Ore","Rotenone",0.208572233182579
"F","Ore","Rotenone",0.196186644509036
"F","Ore","Rotenone",0.177628027936218
"F","Ore","Rotenone",0.190411425847791
"F","Ore","Rotenone",0.198878238119445
"F","Ore","Rotenone",0.157192804213036
"F","Ore","Rotenone",0.158076278598337
"F","Ore","Rotenone",0.216505563994996
"F","Ore","Rotenone",0.197624313089284
"F","Ore","Rotenone",0.202553037259327
"F","Ore","Rotenone",0.162416241013126
"F","Ore","Rotenone",0.183547366940883
"F","Ore","Rotenone",0.236778390800513
"F","Ore","Rotenone",0.181812679111974
"F","Ore","Rotenone",0.205612331172658
"F","Ore","Rotenone",0.215166974072506
"F","Ore","Rotenone",0.174080010628316
"F","Ore","Rotenone",0.16876749634957
"F","Ore","Rotenone",0.182444081500411
"F","Ore","Rotenone",0.227567089048927
"F","Ore","Rotenone",0.192875538102365
"F","Ore","Rotenone",0.177746942491987
"F","Ore","Rotenone",0.198366089382218
"F","Ore","Rotenone",0.157524468193991
"F","Ore","Rotenone",0.176744344453418
"F","Ore","Rotenone",0.160848770830831
"F","Ore","Rotenone",0.191313990294242
"F","Ore","Rotenone",0.184404976430809
"F","Ore","Rotenone",0.208553844893977
"F","Ore","Rotenone",0.163490704195487
"F","Ore","Rotenone",0.219077655246722
"F","Ore","Rotenone",0.188898002504666
"F","Ore","Rotenone",0.201965243219879
"F","Ore","Rotenone",0.211682251771698
"F","Ore","Rotenone",0.216704556854276
"F","Ore","Rotenone",0.205958482558645
"F","Ore","Rotenone",0.214758847547568
"F","Ore","Rotenone",0.152641119116435
"F","Ore","Rotenone",0.226641785004263
"F","Ore","Rotenone",0.200590562972232
"F","Ore","Rotenone",0.238669861288424
"F","Ore","Rotenone",0.210867849081062
"F","Ore","Rotenone",0.200070824134245
"F","Ore","Rotenone",0.204622746100105
"F","Ore","Rotenone",0.195230280045097
"F","Ore","Rotenone",0.13935463641535
"F","Ore","Rotenone",0.186929562490998
"F","Ore","Rotenone",0.17757815679636
"F","Ore","Rotenone",0.210996422884864
"F","Ore","Rotenone",0.229019226505196
"F","Ore","Rotenone",0.208311756699533
"F","Ore","Rotenone",0.173593756947697
"F","Ore","Rotenone",0.175153437388217
"F","Ore","Rotenone",0.211481250142246
"F","Ore","Rotenone",0.217094341823319
"F","Ore","Rotenone",0.17727398123325
"F","Ore","Rotenone",0.225533979604321
"F","Ore","Rotenone",0.181995442076747
"F","Ore","Rotenone",0.185584680076013
"F","Ore","Rotenone",0.199165348383441
"F","Ore","Rotenone",0.215057872102435
"F","Ore","Rotenone",0.182220115323792
"F","Ore","Rotenone",0.189434890912552
"F","Ore","Rotenone",0.201860127388142
"F","Ore","Rotenone",0.176096430677645
"F","Ore","Rotenone",0.179910455844247
"F","Ore","Rotenone",0.213388531077553
"F","Ore","Rotenone",0.164048616529976
"F","Ore","Rotenone",0.20303017947132
"F","Ore","Rotenone",0.180800416650311
"F","Ore","Rotenone",0.190428595668467
"F","Ore","Rotenone",0.17450931544393
"F","Ore","Rotenone",0.203562275413683
"F","Ore","Rotenone",0.213400122908185
"F","Ore","Rotenone",0.165872110077232
"F","Ore","Rotenone",0.167699994392606
"F","Ore","Rotenone",0.194137570622981
"F","Ore","Rotenone",0.175333199247066
"F","Ore","Rotenone",0.196857154713254
"F","Ore","Rotenone",0.205066163536683
"F","Ore","Rotenone",0.165984487289749
"F","Ore","Rotenone",0.138959992774333
"F","Ore","Rotenone",0.166787006287346
"F","Ore","Rotenone",0.171708294248984
"F","Ore","Rotenone",0.195115554441749
"F","Ore","Rotenone",0.200181124242899
"F","Ore","Rotenone",0.182724053548095
"F","Ore","Rotenone",0.193437024022627
"F","Ore","Rotenone",0.182162332766604
"F","Ore","Rotenone",0.187961886446109
"F","Ore","Rotenone",0.168668456193036
"F","Ore","Rotenone",0.167573697584915
"F","Ore","Rotenone",0.221813566528095
"F","Ore","Rotenone",0.170551124344735
"F","Ore","Rotenone",0.215932359498711
"F","Ore","Rotenone",0.208871832382199
"F","Ore","Rotenone",0.184005961151596
"F","Ore","Rotenone",0.191624381894803
"F","Ore","Rotenone",0.173485094522199
"F","Ore","Rotenone",0.198077315240154
"F","Ore","Rotenone",0.205251163490046
"F","Ore","Rotenone",0.147949280859022
"F","Ore","Rotenone",0.216097026819934
"F","Ore","Rotenone",0.202060609616569
"F","Ore","Rotenone",0.189522288494263
"F","Ore","Rotenone",0.188063057235967
"F","Ore","Rotenone",0.19379914310748
"F","Ore","Rotenone",0.175644891504413
"F","Ore","Rotenone",0.23365147635449
"F","Ore","Rotenone",0.210081876123434
"F","Ore","Rotenone",0.224839437385092
"F","Ore","Rotenone",0.188154236729327
"F","Ore","Rotenone",0.182253788649312
"F","Ore","Rotenone",0.196185952722221
"F","Ore","Rotenone",0.178430716029474
"F","Ore","Rotenone",0.211154359134419
"F","Ore","Rotenone",0.228988251972704
"F","Ore","Rotenone",0.178930986818692
"F","Ore","Rotenone",0.196453463000956
"F","Ore","Rotenone",0.172920468236708
"F","Ore","Rotenone",0.198218606952957
"F","Ore","Rotenone",0.182710044341998
"F","Ore","Rotenone",0.156565769571053
"F","Ore","Rotenone",0.17492439489523
"F","Ore","Rotenone",0.215189225130667
"F","Ore","Rotenone",0.224457475821867
"F","Ore","Rotenone",0.176129288383647
"F","Ore","Rotenone",0.185308029771418
"F","Ore","Rotenone",0.193676621899442
"F","Ore","Rotenone",0.188407556069019
"F","Ore","Rotenone",0.186796723889411
"F","Ore","Rotenone",0.170847305759392
"F","Ore","Rotenone",0.192598655906026
"F","Ore","Rotenone",0.213102683838791
"F","Ore","Rotenone",0.197698138298658
"F","Ore","Rotenone",0.201591064507183
"F","Ore","Rotenone",0.193372862345794
"F","Ore","Rotenone",0.213966581279216
"F","Ore","Rotenone",0.187515155194533
"F","Ore","Rotenone",0.200138415373131
"F","Ore","Rotenone",0.183490253285109
"F","Ore","Rotenone",0.202707359174794
"F","Ore","Rotenone",0.189381675312968
"F","Ore","Rotenone",0.228060200390318
"F","Ore","Rotenone",0.160715713664731
"F","Ore","Rotenone",0.172801509304417
"F","Ore","Rotenone",0.230151116132384
"F","Ore","Rotenone",0.193890411983904
"F","Ore","Rotenone",0.240550851167624
"F","Ore","Rotenone",0.182542854396933
"F","Ore","Rotenone",0.1835778328571
"F","Ore","Rotenone",0.181960379810325
"F","Ore","Rotenone",0.213060022975161
"F","Ore","Rotenone",0.188047154261307
"F","Ore","Rotenone",0.215366320357456
"F","Ore","Rotenone",0.152796224839308
"F","Ore","Rotenone",0.175534713750527
"F","Ore","Rotenone",0.18474658833916
"F","Ore","Rotenone",0.189406001860861
"F","Ore","Rotenone",0.175970221213593
"F","Ore","Rotenone",0.196365058166093
"F","Ore","Rotenone",0.192297460044131
"F","Ore","Rotenone",0.16584322943074
"F","Ore","Rotenone",0.191558401814839
"F","Ore","Rotenone",0.197608407047459
"F","Ore","Rotenone",0.195261838834492
"F","Ore","Rotenone",0.170676618181965
"F","Ore","Rotenone",0.140970993447131
"F","Ore","Rotenone",0.209030111352385
"F","Ore","Rotenone",0.223734074445669
"F","Ore","Rotenone",0.16211448034685
"F","Ore","Rotenone",0.197068370109875
"F","Ore","Rotenone",0.182344155141587
"F","Ore","Rotenone",0.194706297923758
"F","Ore","Rotenone",0.196137610829962
"F","Ore","Rotenone",0.181368591352998
"F","Ore","Rotenone",0.207994540199387
"F","Ore","Rotenone",0.19676203298062
"F","Ore","Rotenone",0.155983445150995
"F","Ore","Rotenone",0.172832895492955
"F","Ore","Rotenone",0.222353471776704
"F","Ore","Rotenone",0.163441497478255
"F","Ore","Rotenone",0.205332783569329
"F","Ore","Rotenone",0.208672534972443
"F","Ore","Rotenone",0.170930829631917
"F","Ore","Rotenone",0.198406843123256
"F","Ore","Rotenone",0.1634433852205
"F","Ore","Rotenone",0.209771911170907
"F","Ore","Rotenone",0.184488333528167
"F","Ore","Rotenone",0.197319628646931
"F","Ore","Rotenone",0.230497549746969
"F","Ore","Rotenone",0.17982000255598
"F","Ore","Rotenone",0.205774495501019
"F","Ore","Rotenone",0.19369252600564
"F","Ore","Rotenone",0.203648467723884
"F","Ore","Rotenone",0.185431281911456
"F","Ore","Rotenone",0.195662868752642
"F","Ore","Rotenone",0.157783173291489
"F","Ore","Rotenone",0.213782859332003
"F","Ore","Rotenone",0.174880575883016
"F","Ore","Rotenone",0.206498993442985
"F","Ore","Rotenone",0.177334752961556
"F","Ore","Rotenone",0.197210323493676
"F","Ore","Rotenone",0.172477773435524
"F","Ore","Rotenone",0.149146089048885
"F","Ore","Rotenone",0.18570230048408
"F","Ore","Rotenone",0.204688436046382
"F","Ore","Rotenone",0.184626749405223
"F","Ore","Rotenone",0.156309591502612
"F","Ore","Rotenone",0.161152146625298
"F","Ore","Rotenone",0.148772219075612
"F","Ore","Rotenone",0.240462590693171
"F","Ore","Rotenone",0.199254096715846
"F","Ore","Rotenone",0.221553374548343
"F","Ore","Rotenone",0.197701285593945
"F","Ore","Rotenone",0.213983621887101
"F","Ore","Rotenone",0.191185356842583
"F","Ore","Rotenone",0.229349757140573
"F","Ore","Rotenone",0.200877954984618
"F","Ore","Rotenone",0.217232206505161
"F","Ore","Rotenone",0.183554894132583
"F","Ore","Rotenone",0.195988797895432
"F","Ore","Rotenone",0.160619315907563
"F","Ore","Rotenone",0.207237414276134
"F","Ore","Rotenone",0.189805073838674
"F","Ore","Rotenone",0.181818769991825
"F","Ore","Rotenone",0.183244787816156
"F","Ore","Rotenone",0.214666539320072
"F","Ore","Rotenone",0.18574572696664
"F","Ore","Rotenone",0.182362586485604
"F","Ore","Rotenone",0.175704582312704
"F","Ore","Rotenone",0.161136989230473
"F","Ore","Rotenone",0.166256768429526
"F","Ore","Rotenone",0.218656350725415
"F","Ore","Rotenone",0.205111113664625
"F","Ore","Rotenone",0.185563617944576
"F","Ore","Rotenone",0.204979089654698
"F","Ore","Rotenone",0.228920372347992
"F","Ore","Rotenone",0.184157730746799
"F","Ore","Rotenone",0.208114399040752
"F","Ore","Rotenone",0.204789091629725
"F","Ore","Rotenone",0.181342679677516
"F","Ore","Rotenone",0.180624857836957
"F","Ore","Rotenone",0.204660277379139
"F","Ore","Rotenone",0.21103240746571
"F","Ore","Rotenone",0.223877281720271
"F","Ore","Rotenone",0.196915217163403
"F","Ore","Rotenone",0.198027598050479
"F","Ore","Rotenone",0.217680058495865
"F","Ore","Rotenone",0.19588050458474
"F","Ore","Rotenone",0.217060354566367
"F","Ore","Rotenone",0.214435449661868
"F","Ore","Rotenone",0.202141327424036
"F","Ore","Rotenone",0.194449061667382
"F","Ore","Rotenone",0.168791925645614
"F","Ore","Rotenone",0.196898108146178
"F","Ore","Rotenone",0.207253664030211
"F","Ore","Rotenone",0.197718513325536
"F","Ore","Rotenone",0.209844358674184
"F","Ore","Rotenone",0.180499313839319
"F","Ore","Rotenone",0.237233126461538
"F","Ore","Rotenone",0.209423408690224
"F","Ore","Rotenone",0.197635176457454
"F","Ore","Rotenone",0.197395134503807
"F","Ore","Rotenone",0.210168335198137
"F","Ore","Rotenone",0.232751936691219
"F","Ore","Rotenone",0.199282044250247
"F","Ore","Rotenone",0.229929279546174
"F","Ore","Rotenone",0.169114018976202
"F","Ore","Rotenone",0.186041269639268
"F","Ore","Rotenone",0.215947004614605
"F","Ore","Rotenone",0.194371451091297
"F","Ore","Rotenone",0.207279376143973
"F","Ore","Rotenone",0.153702243072634
"F","Ore","Rotenone",0.181390122103187
"F","Ore","Rotenone",0.189832186227598
"F","Ore","Rotenone",0.159147502135096
"F","Ore","Rotenone",0.201942770257789
"F","Ore","Rotenone",0.213269995263333
"F","Ore","Rotenone",0.184152459918764
"F","Ore","Rotenone",0.181442519736692
"F","Ore","Rotenone",0.219003471198802
"F","Ore","Rotenone",0.1942762734793
"F","Ore","Rotenone",0.225454318343398
"F","Ore","Rotenone",0.175932050878201
"F","Ore","Rotenone",0.15593332335636
"F","Ore","Rotenone",0.168047433884694
"F","Ore","Rotenone",0.196424329801426
"F","Ore","Rotenone",0.194304706569967
"F","Ore","Rotenone",0.184059734287886
"F","Ore","Rotenone",0.196871796317854
"F","Ore","Rotenone",0.192203977754056
"F","Ore","Rotenone",0.169525683208692
"F","Ore","Rotenone",0.189936288917422
"F","Ore","Rotenone",0.186824184820722
"F","Ore","Rotenone",0.165141601616127
"F","Ore","Rotenone",0.182494025071047
"F","Ore","Rotenone",0.135688727823079
"F","Ore","Rotenone",0.175943846039099
"F","Ore","Rotenone",0.213320951031522
"F","Ore","Rotenone",0.210069114524379
"F","Ore","Rotenone",0.197590022436541
"F","Ore","Rotenone",0.18689018121202
"F","Ore","Rotenone",0.18418076329005
"F","Ore","Rotenone",0.206010799703579
"F","Ore","Rotenone",0.185985605138545
"F","Ore","Rotenone",0.209828246850223
"F","Ore","Rotenone",0.209922471940516
"F","Ore","Rotenone",0.187305751665616
"F","Ore","Rotenone",0.213157620346683
"F","Ore","Rotenone",0.172681393948038
"F","Ore","Rotenone",0.194815827667024
"F","Ore","Rotenone",0.185944022286935
"F","Ore","Rotenone",0.208034985916685
"F","Ore","Rotenone",0.200175852255218
"F","Ore","Rotenone",0.168066525139259
"F","Ore","Rotenone",0.213926443046607
"F","Ore","Rotenone",0.191956419233535
"F","Ore","Rotenone",0.203473413390178
"F","Ore","Rotenone",0.213265405247028
"F","Ore","Rotenone",0.182870274599466
"F","Ore","Rotenone",0.178893429606523
"F","Ore","Rotenone",0.183939928138243
"F","Ore","Rotenone",0.159246494481313
"F","Ore","Rotenone",0.224074725879009
"F","Ore","Rotenone",0.163056754075205
"F","Ore","Rotenone",0.201211350924392
"F","Ore","Rotenone",0.204592820385437
"F","Ore","Rotenone",0.175526179440061
"F","Ore","Rotenone",0.210881416601784
"F","Ore","Rotenone",0.22242260279202
"F","Ore","Rotenone",0.192001323329689
"F","Ore","Rotenone",0.14711312171054
"F","Ore","Rotenone",0.192466080187969
"F","Ore","Rotenone",0.18199289283954
"F","Ore","Rotenone",0.145363886710968
"F","Ore","Rotenone",0.230083022247978
"F","Ore","Rotenone",0.163218619848887
"F","Ore","Rotenone",0.194676280156355
"F","Ore","Rotenone",0.227417808002212
"F","Ore","Rotenone",0.163071195107535
"F","Ore","Rotenone",0.186641751737554
"F","Ore","Rotenone",0.197202654765152
"F","Ore","Rotenone",0.172983269406936
"F","Ore","Rotenone",0.168757577459838
"F","Ore","Rotenone",0.199500756596653
"F","Ore","Rotenone",0.188839265713973
"F","Ore","Rotenone",0.200654609057173
"F","Ore","Rotenone",0.190811206648682
"F","Ore","Rotenone",0.179181495031006
"F","Ore","Rotenone",0.187089966518002
"F","Ore","Rotenone",0.171242444726377
"F","Ore","Rotenone",0.189760469519616
"F","Ore","Rotenone",0.205184488588003
"F","Ore","Rotenone",0.165725594449971
"F","Ore","Rotenone",0.21935518971509
"F","Ore","Rotenone",0.182062927617129
"F","Ore","Rotenone",0.207395136728724
"F","Ore","Rotenone",0.213147685569341
"F","Ore","Rotenone",0.216085841152744
"F","Ore","Rotenone",0.185882538061968
"F","Ore","Rotenone",0.181769462552351
"F","Ore","Rotenone",0.206551439043942
"F","Ore","Rotenone",0.210771868667444
"F","Ore","Rotenone",0.186589542647755
"F","Ore","Rotenone",0.197221625901832
"F","Ore","Rotenone",0.188090646493123
"F","Ore","Rotenone",0.19991469949414
"F","Ore","Rotenone",0.17339641091912
"F","Ore","Rotenone",0.211456766234991
"F","Ore","Rotenone",0.222380673529446
"F","Ore","Rotenone",0.221022987200609
"F","Ore","Rotenone",0.192380163937003
"F","Ore","Rotenone",0.174569471969719
"F","Ore","Rotenone",0.204203358198229
"F","Ore","Rotenone",0.188209737208005
"F","Ore","Rotenone",0.212940180204244
"F","Ore","Rotenone",0.195446223506849
"F","Ore","Rotenone",0.165376648582036
"F","Ore","Rotenone",0.160672926717422
"F","Ore","Rotenone",0.195047735428362
"F","Ore","Rotenone",0.152735908307086
"F","Ore","Rotenone",0.204485043120756
"F","Ore","Rotenone",0.200341100622452
"F","Ore","Rotenone",0.17899967073871
"F","Ore","Rotenone",0.184357893256872
"F","Ore","Rotenone",0.165020175719741
"F","Ore","Rotenone",0.182867777026668
"F","Ore","Rotenone",0.196365801724953
"F","Ore","Rotenone",0.189448700924977
"F","Ore","Rotenone",0.174624005679722
"F","Ore","Rotenone",0.199043747935211
"F","Ore","Rotenone",0.189348152516073
"F","Ore","Rotenone",0.178072407935298
"F","Ore","Rotenone",0.231015759742078
"F","Ore","Rotenone",0.159928297029114
"F","Ore","Rotenone",0.181001113044483
"F","Ore","Rotenone",0.181126260432831
"F","Ore","Rotenone",0.183332121743291
"F","Ore","Rotenone",0.163038361116932
"F","Ore","Rotenone",0.180376781678239
"F","Ore","Rotenone",0.189323112299968
"F","Ore","Rotenone",0.179630166306456
"F","Ore","Rotenone",0.21052358854104
"F","Ore","Rotenone",0.18789401349704
"F","Ore","Rotenone",0.202569234482318
"F","Ore","Rotenone",0.184513504256428
"F","Ore","Rotenone",0.172165206771736
"F","Ore","Rotenone",0.186373203058347
"F","Ore","Rotenone",0.18409276080182
"F","Ore","Rotenone",0.178418777420397
"F","Ore","Rotenone",0.204744430199417
"F","Ore","Rotenone",0.187982696680546
"F","Ore","Rotenone",0.18359751588493
"F","Ore","Rotenone",0.158247490461947
"F","Ore","Rotenone",0.214123706942025
"F","Ore","Rotenone",0.176770285107279
"F","Ore","Rotenone",0.204083383385195
"F","Ore","Rotenone",0.187871929604965
"F","Ore","Rotenone",0.145463916393068
"F","Ore","Rotenone",0.211586371043337
"F","Ore","Rotenone",0.171997961263436
"F","Ore","Rotenone",0.17791037800398
"F","Ore","Rotenone",0.181092041984567
"F","Ore","Rotenone",0.17147654026942
"F","Ore","Rotenone",0.229732136463437
"F","Ore","Rotenone",0.189661745410972
"F","Ore","Rotenone",0.193072530215468
"F","Ore","Rotenone",0.176033425001571
"F","Ore","Rotenone",0.189480299032031
"F","Ore","Rotenone",0.212518080894676
"F","Ore","Rotenone",0.178733434639564
"F","Ore","Rotenone",0.209572487074292
"F","Ore","Rotenone",0.176393918268263
"F","Ore","Rotenone",0.186679513129396
"F","Ore","Rotenone",0.191304189284459
"F","Ore","Rotenone",0.178080951731801
"F","Ore","Rotenone",0.174703694484035
"F","Ore","Rotenone",0.203769292426172
"F","Ore","Rotenone",0.164851603371497
"F","Ore","Rotenone",0.180470034494306
"F","Ore","Rotenone",0.176002124037738
"F","Ore","Rotenone",0.171741529403576
"F","Ore","Rotenone",0.177609974057325
"F","Ore","Rotenone",0.180115027017481
"F","Ore","Rotenone",0.242510632666076
"F","Ore","Rotenone",0.200484129241392
"F","Ore","Rotenone",0.204454433075777
"F","Ore","Rotenone",0.165582112415673
"F","Ore","Rotenone",0.208714046714078
"F","Ore","Rotenone",0.198933381659426
"F","Ore","Rotenone",0.237679990508706
"F","Ore","Rotenone",0.224512434896668
"F","Ore","Rotenone",0.190415220727343
"F","Ore","Rotenone",0.180083068076105
"F","Ore","Rotenone",0.200205341373892
"F","Ore","Rotenone",0.203795545628756
"F","Ore","Rotenone",0.192034260719367
"F","Ore","Rotenone",0.19749529015632
"F","Ore","Rotenone",0.198772616466558
"F","Ore","Rotenone",0.197718410661164
"F","Ore","Rotenone",0.220053409162572
"F","Ore","Rotenone",0.147585289578882
"F","Ore","Rotenone",0.155065591160521
"F","Ore","Rotenone",0.217175464907671
"F","Ore","Rotenone",0.224264815532339
"F","Ore","Rotenone",0.185892505399764
"F","Ore","Rotenone",0.182862088830541
"F","Ore","Rotenone",0.165757592473394
"F","Ore","Rotenone",0.167277362591532
"F","Ore","Rotenone",0.189765766354168
"F","Ore","Rotenone",0.172415422926205
"F","Ore","Rotenone",0.213541133749486
"F","Ore","Rotenone",0.191675576048195
"F","Ore","Rotenone",0.189369558884259
"F","Ore","Rotenone",0.170398887626903
"F","Ore","Rotenone",0.216380429461822
"F","Ore","Rotenone",0.199677365924925
"F","Ore","Rotenone",0.19451197832869
"F","Ore","Rotenone",0.20857096315807
"F","Ore","Rotenone",0.226075455298407
"F","Ore","Rotenone",0.205426770835877
"F","Ore","Rotenone",0.173338414853992
"F","Ore","Rotenone",0.198514121041382
"F","Ore","Rotenone",0.189533562930966
"F","Ore","Rotenone",0.169730734242871
"F","Ore","Rotenone",0.17426871982003
"F","Ore","Rotenone",0.199464686187806
"F","Ore","Rotenone",0.171106555304396
"F","Ore","Rotenone",0.197680281868882
"F","Ore","Rotenone",0.216913095207986
"F","Ore","Rotenone",0.164129155326802
"F","Ore","Rotenone",0.180110166782229
"F","Ore","Rotenone",0.216495638931163
"F","Ore","Rotenone",0.175590767654084
"F","Ore","Rotenone",0.168965517521248
"F","Ore","Rotenone",0.181855501089822
"F","Ore","Rotenone",0.215641375927662
"F","Ore","Rotenone",0.174361611009175
"F","Ore","Rotenone",0.194102535432632
"F","Ore","Rotenone",0.191099184186304
"F","Ore","Rotenone",0.164460595921784
"F","Ore","Rotenone",0.215263664843853
"F","Ore","Rotenone",0.182204047748516
"F","Ore","Rotenone",0.192328575053935
"F","Ore","Rotenone",0.199697212506355
"F","Ore","Rotenone",0.180473364107071
"F","Ore","Rotenone",0.21650786127512
"F","Ore","Rotenone",0.160422638636464
"F","Ore","Rotenone",0.191745113302514
"F","Ore","Rotenone",0.201940000449883
"F","Ore","Rotenone",0.224258892515205
"F","Ore","Rotenone",0.218360521921479
"F","Ore","Rotenone",0.192642517971418
"F","Ore","Rotenone",0.179092768661493
"F","Ore","Rotenone",0.187406415990712
"F","Ore","Rotenone",0.169708949300539
"F","Ore","Rotenone",0.21624253996472
"F","Ore","Rotenone",0.182922742341727
"F","Ore","Rotenone",0.183270225614228
"F","Ore","Rotenone",0.177943577753835
"F","Ore","Rotenone",0.199979550540076
"M","375","Control",0.113543746052747
"M","375","Control",0.0906192383733594
"M","375","Control",0.091231437360939
"M","375","Control",0.115683155502883
"M","375","Control",0.112710151849835
"M","375","Control",0.0693328300046611
"M","375","Control",0.0960160397013942
"M","375","Control",0.107032012391833
"M","375","Control",0.095401404377344
"M","375","Control",0.0853070883704447
"M","375","Control",0.0715362136762417
"M","375","Control",0.0794684743949367
"M","375","Control",0.0876163775919067
"M","375","Control",0.0791471513155297
"M","375","Control",0.103896051980998
"M","375","Control",0.0977179564530749
"M","375","Control",0.0888531646865675
"M","375","Control",0.0994179564743401
"M","375","Control",0.0816818658548152
"M","375","Control",0.0994462642206447
"M","375","Control",0.0878810807596332
"M","375","Control",0.101240256133124
"M","375","Control",0.123120311464024
"M","375","Control",0.113788913330344
"M","375","Control",0.103738007461771
"M","375","Control",0.0899721986666391
"M","375","Control",0.11588150575206
"M","375","Control",0.0792283120296773
"M","375","Control",0.089501048098018
"M","375","Control",0.0754102932788346
"M","375","Control",0.0998145940185266
"M","375","Control",0.0768747771589613
"M","375","Control",0.11328674688479
"M","375","Control",0.0981186925200433
"M","375","Control",0.0839358637717797
"M","375","Control",0.0684764199991921
"M","375","Control",0.0757753313584601
"M","375","Control",0.0966492925488191
"M","375","Control",0.0958883653528011
"M","375","Control",0.0816527172760865
"M","375","Control",0.0917927560404602
"M","375","Control",0.0930888626023945
"M","375","Control",0.0941483367227761
"M","375","Control",0.0896988025443933
"M","375","Control",0.0731083187335103
"M","375","Control",0.115204721184474
"M","375","Control",0.103950609012463
"M","375","Control",0.118699403284808
"M","375","Control",0.0951245888569092
"M","375","Control",0.07967679267518
"M","375","Control",0.0741234508328115
"M","375","Control",0.104589140883444
"M","375","Control",0.0900262594505457
"M","375","Control",0.0898381823912333
"M","375","Control",0.0963762271434134
"M","375","Control",0.0944225184254406
"M","375","Control",0.0940136278575818
"M","375","Control",0.0723407658039224
"M","375","Control",0.0995766641685725
"M","375","Control",0.0934253048433637
"M","375","Control",0.0999584151525684
"M","375","Control",0.100355370200764
"M","375","Control",0.10821104777664
"M","375","Control",0.106099289549412
"M","375","Control",0.10962471074143
"M","375","Control",0.0796598375634957
"M","375","Control",0.0805279220203187
"M","375","Control",0.0970916672237531
"M","375","Control",0.104995655715646
"M","375","Control",0.0842937742269154
"M","375","Control",0.0841250796290324
"M","375","Control",0.0854577959313802
"M","375","Control",0.109297144390717
"M","375","Control",0.102027459483998
"M","375","Control",0.105106499503277
"M","375","Control",0.107020480119514
"M","375","Control",0.0942817255661583
"M","375","Control",0.0947477414009953
"M","375","Control",0.0812102636153671
"M","375","Control",0.101339544020436
"M","375","Control",0.103786719389772
"M","375","Control",0.103060987633341
"M","375","Control",0.107611032011883
"M","375","Control",0.106811083580124
"M","375","Control",0.0861045512802443
"M","375","Control",0.0829970158913493
"M","375","Control",0.0949752075846826
"M","375","Control",0.100926009672596
"M","375","Control",0.0724904645842568
"M","375","Control",0.108240016039424
"M","375","Control",0.0979397015633206
"M","375","Control",0.0832790212423081
"M","375","Control",0.0894203850969917
"M","375","Control",0.0927551945874658
"M","375","Control",0.0954872821548026
"M","375","Control",0.0834117408551475
"M","375","Control",0.0685389541711642
"M","375","Control",0.0885795567460532
"M","375","Control",0.0980498297225065
"M","375","Control",0.10342112575248
"M","375","Control",0.106234342442411
"M","375","Control",0.0925893175442871
"M","375","Control",0.0958109234182565
"M","375","Control",0.0698219827980443
"M","375","Control",0.0800619163058571
"M","375","Control",0.107292625225458
"M","375","Control",0.115733224943613
"M","375","Control",0.0964042364039462
"M","375","Control",0.0925311983363089
"M","375","Control",0.0765365602553106
"M","375","Control",0.0994039805106171
"M","375","Control",0.0666992962275968
"M","375","Control",0.0758637345180986
"M","375","Control",0.0912706557196158
"M","375","Control",0.107658297614419
"M","375","Control",0.100844207798433
"M","375","Control",0.0902255089070419
"M","375","Control",0.0912593193666324
"M","375","Control",0.086850536223343
"M","375","Control",0.0512587739287615
"M","375","Control",0.0962086323417958
"M","375","Control",0.0992051065355903
"M","375","Control",0.100232462773865
"M","375","Control",0.0945530630112519
"M","375","Control",0.0903801015935878
"M","375","Control",0.101798757846525
"M","375","Control",0.0661266276646873
"M","375","Control",0.081972052541279
"M","375","Control",0.0855298686638424
"M","375","Control",0.0998904306306634
"M","375","Control",0.0970117372785767
"M","375","Control",0.0839928068006887
"M","375","Control",0.0837807002674389
"M","375","Control",0.0922670589093146
"M","375","Control",0.0909703602215413
"M","375","Control",0.0905067565701703
"M","375","Control",0.0853552364293117
"M","375","Control",0.0955206702431919
"M","375","Control",0.110090493500567
"M","375","Control",0.0896648327571905
"M","375","Control",0.097099790461037
"M","375","Control",0.0992520958647936
"M","375","Control",0.0873220348550764
"M","375","Control",0.0790091018845252
"M","375","Control",0.102036070106758
"M","375","Control",0.0703253746902551
"M","375","Control",0.114146281865498
"M","375","Control",0.0895618065582107
"M","375","Control",0.0937957677980679
"M","375","Control",0.111620942706275
"M","375","Control",0.0650296811627123
"M","375","Control",0.0854887627429047
"M","375","Control",0.0925807875361326
"M","375","Control",0.111293822725063
"M","375","Control",0.0684775009544616
"M","375","Control",0.116054584235855
"M","375","Control",0.08466915405055
"M","375","Control",0.0971917264178896
"M","375","Control",0.0962731578272581
"M","375","Control",0.0931067737144768
"M","375","Control",0.0738060056189834
"M","375","Control",0.0933450876857864
"M","375","Control",0.0907009449863536
"M","375","Control",0.0954568015395799
"M","375","Control",0.0949397746072289
"M","375","Control",0.0900183746347701
"M","375","Control",0.111742264419223
"M","375","Control",0.0912001557066344
"M","375","Control",0.108552052431571
"M","375","Control",0.0820027016636009
"M","375","Control",0.100020571471794
"M","375","Control",0.0855528468457302
"M","375","Control",0.0886221028395493
"M","375","Control",0.0800939183585424
"M","375","Control",0.0916860467144185
"M","375","Control",0.0829578985424509
"M","375","Control",0.0803610872335328
"M","375","Control",0.0801608660181387
"M","375","Control",0.0895746488930334
"M","375","Control",0.106418289150281
"M","375","Control",0.100310228620623
"M","375","Control",0.110756438771933
"M","375","Control",0.0859297942943499
"M","375","Control",0.100805719048751
"M","375","Control",0.0986741784552118
"M","375","Control",0.0779712899423968
"M","375","Control",0.115188240906756
"M","375","Control",0.0889206947679042
"M","375","Control",0.0727861289759806
"M","375","Control",0.107283472234407
"M","375","Control",0.0999139646280638
"M","375","Control",0.104331614481984
"M","375","Control",0.0716948042801065
"M","375","Control",0.104412030054134
"M","375","Control",0.111706789340824
"M","375","Control",0.0878262244258629
"M","375","Control",0.0999729807672013
"M","375","Control",0.0982182009103384
"M","375","Control",0.0851961506588522
"M","375","Control",0.0898491917633207
"M","375","Control",0.0876399055592485
"M","375","Control",0.0964153546682163
"M","375","Control",0.0797347183745448
"M","375","Control",0.084327154148463
"M","375","Control",0.0976362043787503
"M","375","Control",0.0997959745772309
"M","375","Control",0.0847880095722472
"M","375","Control",0.0927103427312099
"M","375","Control",0.108565744141522
"M","375","Control",0.102133121511492
"M","375","Control",0.0936282560295644
"M","375","Control",0.106839024327185
"M","375","Control",0.0410758717338146
"M","375","Control",0.0961766084178349
"M","375","Control",0.0909535063385406
"M","375","Control",0.0778161434781547
"M","375","Control",0.119008544043935
"M","375","Control",0.0979671197116769
"M","375","Control",0.0803342734019738
"M","375","Control",0.110704558375447
"M","375","Control",0.0976389506786241
"M","375","Control",0.10585960849257
"M","375","Control",0.108376869524156
"M","375","Control",0.0852186654293457
"M","375","Control",0.0903486957236229
"M","375","Control",0.0948676586328329
"M","375","Control",0.0991076662486105
"M","375","Control",0.0886497294780085
"M","375","Control",0.0949176888549967
"M","375","Control",0.106920436319452
"M","375","Control",0.0913903512228577
"M","375","Control",0.0687589997434343
"M","375","Control",0.0894124281506364
"M","375","Control",0.105687202082004
"M","375","Control",0.085224491173732
"M","375","Control",0.0872593168200097
"M","375","Control",0.0734300043124346
"M","375","Control",0.0876904342100634
"M","375","Control",0.0844151746326805
"M","375","Control",0.10651313757013
"M","375","Control",0.122362096892455
"M","375","Control",0.0864778671249992
"M","375","Control",0.103809342374718
"M","375","Control",0.0755926353468048
"M","375","Control",0.0966543477596909
"M","375","Control",0.0941492157778955
"M","375","Control",0.0871334948615705
"M","375","Control",0.0901675248644181
"M","375","Control",0.0991021233289803
"M","375","Control",0.0874457581137744
"M","375","Control",0.0980829505837897
"M","375","Control",0.0847884438732121
"M","375","Control",0.102957236960435
"M","375","Control",0.0862606031216269
"M","375","Control",0.0832294907129949
"M","375","Control",0.07121297096135
"M","375","Control",0.102500336023489
"M","375","Control",0.0756125135335874
"M","375","Control",0.0900545444774188
"M","375","Control",0.0985634170486408
"M","375","Control",0.0815393766369993
"M","375","Control",0.114305302561387
"M","375","Control",0.0987602617040886
"M","375","Control",0.0891685455818433
"M","375","Control",0.0907149430593331
"M","375","Control",0.0901234704639247
"M","375","Control",0.0928298100482625
"M","375","Control",0.0882890942226551
"M","375","Control",0.0968130950908049
"M","375","Control",0.0933810631335873
"M","375","Control",0.0909722456800591
"M","375","Control",0.0977101214188795
"M","375","Control",0.102853412087824
"M","375","Control",0.102173764805566
"M","375","Control",0.0984165810528796
"M","375","Control",0.100712497165854
"M","375","Control",0.113177245670646
"M","375","Control",0.0884774260579311
"M","375","Control",0.100450587445489
"M","375","Control",0.0995292270543565
"M","375","Control",0.0705897162651157
"M","375","Control",0.101267242391008
"M","375","Control",0.107791288099417
"M","375","Control",0.0989591632409001
"M","375","Control",0.103125017507857
"M","375","Control",0.0792577694602127
"M","375","Control",0.097828840524296
"M","375","Control",0.0950860886096892
"M","375","Control",0.0708135974380574
"M","375","Control",0.0896067265790764
"M","375","Control",0.0816779884228349
"M","375","Control",0.0992347855997575
"M","375","Control",0.0866664165390348
"M","375","Control",0.0961252885184185
"M","375","Control",0.0804445591887818
"M","375","Control",0.0767535743991886
"M","375","Control",0.09231269748669
"M","375","Control",0.0932491397167791
"M","375","Control",0.076478045991174
"M","375","Control",0.102489983009089
"M","375","Control",0.10267286164602
"M","375","Control",0.0811329238598487
"M","375","Control",0.069437659213739
"M","375","Control",0.100557123591566
"M","375","Control",0.103629661310459
"M","375","Control",0.107518564204204
"M","375","Control",0.102273369645078
"M","375","Control",0.105650944835417
"M","375","Control",0.075188620020106
"M","375","Control",0.103466692316003
"M","375","Control",0.0875757706020636
"M","375","Control",0.0844911610180467
"M","375","Control",0.0532030342739048
"M","375","Control",0.0972709783399785
"M","375","Control",0.103996115451355
"M","375","Control",0.0907802396467289
"M","375","Control",0.100433087283271
"M","375","Control",0.100775135816651
"M","375","Control",0.109526541335178
"M","375","Control",0.0967329776419128
"M","375","Control",0.0938140478770033
"M","375","Control",0.110314379998841
"M","375","Control",0.0589357220313314
"M","375","Control",0.0959656226436467
"M","375","Control",0.0591662090708006
"M","375","Control",0.0659537755977647
"M","375","Control",0.0985140547971632
"M","375","Control",0.0936220591654886
"M","375","Control",0.0802648918363023
"M","375","Control",0.115341068480646
"M","375","Control",0.107457814411561
"M","375","Control",0.0833861404260089
"M","375","Control",0.101803840314849
"M","375","Control",0.108235030170223
"M","375","Control",0.097281615594334
"M","375","Control",0.0957805311787811
"M","375","Control",0.0867751916974251
"M","375","Control",0.0636809323878338
"M","375","Control",0.0626864456996487
"M","375","Control",0.105397523337131
"M","375","Control",0.0937272350559116
"M","375","Control",0.104308497213083
"M","375","Control",0.103977255448696
"M","375","Control",0.092310658940229
"M","375","Control",0.0969568981841972
"M","375","Control",0.105049119584914
"M","375","Control",0.0980303321625283
"M","375","Control",0.0892127785520927
"M","375","Control",0.0689046495304474
"M","375","Control",0.0841765257130711
"M","375","Control",0.0769508797931065
"M","375","Control",0.0649346618069399
"M","375","Control",0.0820209449790318
"M","375","Control",0.0939464831610921
"M","375","Control",0.0895897958871859
"M","375","Control",0.0756278095807035
"M","375","Control",0.0845261123151461
"M","375","Control",0.103984435180297
"M","375","Control",0.0908380885200722
"M","375","Control",0.0915918948677793
"M","375","Control",0.101873208432497
"M","375","Control",0.104899795847622
"M","375","Control",0.0926523429359917
"M","375","Control",0.0842382341049699
"M","375","Control",0.105093279095812
"M","375","Control",0.0621823874658177
"M","375","Control",0.120130027170302
"M","375","Control",0.0838733905618711
"M","375","Control",0.0832695682716228
"M","375","Control",0.0849433416522384
"M","375","Control",0.0995353620540981
"M","375","Control",0.0858718416278897
"M","375","Control",0.0793348575605345
"M","375","Control",0.0819180655591572
"M","375","Control",0.0854194433741076
"M","375","Control",0.0915622921529182
"M","375","Control",0.0861657037549406
"M","375","Control",0.115528725172212
"M","375","Control",0.101470288817778
"M","375","Control",0.096256221479541
"M","375","Control",0.0839664661310454
"M","375","Control",0.0784017219923983
"M","375","Control",0.07191228068054
"M","375","Control",0.0985433874259712
"M","375","Control",0.0551140107317885
"M","375","Control",0.0861708544630488
"M","375","Control",0.0856479366420374
"M","375","Control",0.109380869158747
"M","375","Control",0.0758152440104796
"M","375","Control",0.103077395102388
"M","375","Control",0.101476089475222
"M","375","Control",0.0841913218324156
"M","375","Control",0.0709266545487845
"M","375","Control",0.102305316783017
"M","375","Control",0.105262572628343
"M","375","Control",0.084625991072855
"M","375","Control",0.1175609228482
"M","375","Control",0.09736790024201
"M","375","Control",0.106246037820857
"M","375","Control",0.0919167594901046
"M","375","Control",0.103273074270984
"M","375","Control",0.11572693620951
"M","375","Control",0.0720630213904296
"M","375","Control",0.0826119050492397
"M","375","Control",0.106722993497831
"M","375","Control",0.108593487533784
"M","375","Control",0.0890621617215565
"M","375","Control",0.0942392602253158
"M","375","Control",0.10139390552934
"M","375","Control",0.105531407655683
"M","375","Control",0.109384985819783
"M","375","Control",0.0734690855811443
"M","375","Control",0.101544818679596
"M","375","Control",0.109443766257539
"M","375","Control",0.0971260651640425
"M","375","Control",0.091052622699823
"M","375","Control",0.10241498682129
"M","375","Control",0.10058178541885
"M","375","Control",0.0903864230472443
"M","375","Control",0.0764136407961973
"M","375","Control",0.0843430341133117
"M","375","Control",0.0719550215536741
"M","375","Control",0.100409183806009
"M","375","Control",0.0920726169559041
"M","375","Control",0.0845479880014463
"M","375","Control",0.0753938615637214
"M","375","Control",0.0780207895686496
"M","375","Control",0.0886906168582681
"M","375","Control",0.09051003580581
"M","375","Control",0.0910927704648665
"M","375","Control",0.0960483358612968
"M","375","Control",0.0933498091459709
"M","375","Control",0.0752523417270253
"M","375","Control",0.0940048291994043
"M","375","Control",0.0871019475565768
"M","375","Control",0.0899319907514001
"M","375","Control",0.0872736542108295
"M","375","Control",0.101723052081762
"M","375","Control",0.0762945030855414
"M","375","Control",0.0946703127674097
"M","375","Control",0.103595659641573
"M","375","Control",0.094285179542817
"M","375","Control",0.106237645837409
"M","375","Control",0.0929977409482305
"M","375","Control",0.0896503717072065
"M","375","Control",0.100609199212065
"M","375","Control",0.0888089577470488
"M","375","Control",0.068443008003234
"M","375","Control",0.101529949859473
"M","375","Control",0.0857251694805667
"M","375","Control",0.070826506237286
"M","375","Control",0.103846129215188
"M","375","Control",0.0709148646141493
"M","375","Control",0.0911853090698198
"M","375","Control",0.109771562949505
"M","375","Control",0.0721820060940871
"M","375","Control",0.0919187551161962
"M","375","Control",0.0945904348017412
"M","375","Control",0.112738680576958
"M","375","Control",0.0659786715832928
"M","375","Control",0.110179378259837
"M","375","Control",0.103677317187637
"M","375","Control",0.100427631518918
"M","375","Control",0.0934507354020619
"M","375","Control",0.0766785839259778
"M","375","Control",0.0896862490251849
"M","375","Control",0.0949859169080348
"M","375","Control",0.107037992985382
"M","375","Control",0.0742756847791314
"M","375","Control",0.0885064235513208
"M","375","Control",0.0875068134115717
"M","375","Control",0.0795503870250607
"M","375","Control",0.0872457387759621
"M","375","Control",0.0967690186700257
"M","375","Control",0.0928721095825389
"M","375","Control",0.102638152404742
"M","375","Control",0.0938972142210342
"M","375","Control",0.087041134713504
"M","375","Control",0.0922855686786499
"M","375","Control",0.075211208331401
"M","375","Control",0.0973280980957067
"M","375","Control",0.093501526942875
"M","375","Control",0.0728736030832507
"M","375","Control",0.0999596534545836
"M","375","Control",0.10489147004434
"M","375","Control",0.0975570621443921
"M","375","Control",0.10658137917296
"M","375","Control",0.0966536362649532
"M","375","Control",0.103528841070481
"M","375","Control",0.0833042143866124
"M","375","Control",0.0948270961005109
"M","375","Control",0.0906746243967797
"M","375","Control",0.0921492170250769
"M","375","Control",0.0899110048837046
"M","375","Control",0.0696245192289123
"M","375","Control",0.0699710385896421
"M","375","Control",0.0723844016444358
"M","375","Control",0.0950598361923878
"M","375","Control",0.0904715000265751
"M","375","Control",0.0821688891962416
"M","375","Control",0.0964660876123486
"M","375","Control",0.092726338807256
"M","375","Control",0.0986838498701925
"M","375","Control",0.0841561613216712
"M","375","Control",0.0830031404478908
"M","375","Control",0.0935039417919919
"M","375","Control",0.0710570461035087
"M","375","Control",0.0843320521272915
"M","375","Control",0.114339054018031
"M","375","Control",0.0826184849128487
"M","375","Control",0.0513680992535165
"M","375","Control",0.0838236970957947
"M","375","Control",0.0877906955915086
"M","375","Control",0.101308372889502
"M","375","Control",0.101616532135687
"M","375","Control",0.0990172517550295
"M","375","Control",0.112761395348241
"M","375","Control",0.0785766590288101
"M","375","Control",0.104362896284442
"M","375","Control",0.0636209541718714
"M","375","Control",0.0865358274544865
"M","375","Control",0.078319169793986
"M","375","Control",0.0894538589947243
"M","375","Control",0.100057703405308
"M","375","Control",0.100873702296052
"M","375","Control",0.0847854743986221
"M","375","Control",0.0756053069062778
"M","375","Control",0.111305386774794
"M","375","Control",0.0915901396797708
"M","375","Control",0.0851862214690966
"M","375","Control",0.0863330450485344
"M","375","Control",0.109838849114415
"M","375","Control",0.106070806829333
"M","375","Control",0.114637686474051
"M","375","Control",0.113816599213863
"M","375","Control",0.0621330770499588
"M","375","Control",0.0980424859128582
"M","375","Control",0.0979610351971292
"M","375","Control",0.10024862812468
"M","375","Control",0.114791816005918
"M","375","Control",0.0999543286378696
"M","375","Control",0.094574396601425
"M","375","Control",0.0936539876420331
"M","375","Control",0.124782482538718
"M","375","Control",0.10117680227162
"M","375","Control",0.0969491949036455
"M","375","Control",0.0735698434605808
"M","375","Control",0.0963344673828137
"M","375","Control",0.0688417050067529
"M","375","Control",0.120593656751419
"M","375","Control",0.0929557895049231
"M","375","Control",0.0876169022025079
"M","375","Control",0.0761803366729721
"M","375","Control",0.0906209265058355
"M","375","Control",0.106992786405542
"M","375","Control",0.0977553737621593
"M","375","Control",0.0932702043157924
"M","375","Control",0.0951273183177933
"M","375","Control",0.0918732573487477
"M","375","Control",0.0967817325140599
"M","375","Control",0.0761789577474982
"M","375","Control",0.0737744933953264
"M","375","Control",0.111692075549414
"M","375","Control",0.0851929637196992
"M","375","Control",0.113166852973661
"M","375","Control",0.0980572190987765
"M","375","Control",0.103532116006519
"M","375","Control",0.0741956226631721
"M","375","Control",0.0766405135399546
"M","375","Control",0.0872396383552632
"M","375","Control",0.0902987388966334
"M","375","Control",0.0951290035421272
"M","375","Control",0.105809243765011
"M","375","Control",0.087409139732318
"M","375","Control",0.112321654065438
"M","375","Control",0.0879896433644689
"M","375","Control",0.0903126768605738
"M","375","Control",0.114140409727231
"M","375","Control",0.0832738635292316
"M","375","Control",0.087379863125185
"M","375","Control",0.0743154535433525
"M","375","Control",0.107970517355845
"M","375","Control",0.101085509874627
"M","375","Control",0.103805363677352
"M","375","Control",0.0891671563741571
"M","375","Control",0.0881244478725028
"M","375","Control",0.106348186220762
"M","375","Control",0.102666497715844
"M","375","Control",0.0829876594912808
"M","375","Control",0.0922350312995216
"M","375","Control",0.0803898508502652
"M","375","Control",0.100885876035058
"M","375","Control",0.0989507930165711
"M","375","Control",0.103207627127533
"M","375","Control",0.0945944171689472
"M","375","Control",0.0848322796683823
"M","375","Control",0.0898441568295533
"M","375","Control",0.0702976503087429
"M","375","Control",0.0857979339346497
"M","375","Control",0.0907254012457766
"M","375","Control",0.100502962477526
"M","375","Control",0.0981157105021586
"M","375","Control",0.103033596955331
"M","375","Control",0.0926084354811509
"M","375","Control",0.104066001554968
"M","375","Control",0.0799017946693664
"M","375","Control",0.103281457307499
"M","375","Control",0.104953054728408
"M","375","Control",0.0884065820422883
"M","375","Control",0.0970938086652291
"M","375","Control",0.0990749223690859
"M","375","Control",0.0944493396948902
"M","375","Control",0.0890128318074472
"M","375","Control",0.0832302791919928
"M","375","Control",0.0913484989326649
"M","375","Control",0.0871972146695561
"M","375","Control",0.0775326393122977
"M","375","Control",0.108185731126224
"M","375","Control",0.106998235638636
"M","375","Control",0.0921912222733428
"M","375","Control",0.0894234324649384
"M","375","Control",0.108889677035483
"M","375","Control",0.108228717856313
"M","375","Control",0.0960949848347935
"M","375","Control",0.0946413559634263
"M","375","Control",0.106795090958623
"M","375","Control",0.0922473641217252
"M","375","Control",0.0933084725992255
"M","375","Control",0.0706313208676592
"M","375","Control",0.109929985467033
"M","375","Control",0.10632914224207
"M","375","Control",0.0859736762609351
"M","375","Control",0.0852160241726886
"M","375","Control",0.0840355352979908
"M","375","Control",0.098278745132159
"M","375","Control",0.0949617016526541
"M","375","Control",0.0767417957466805
"M","375","Control",0.0940747487097566
"M","375","Control",0.0746342501457937
"M","375","Control",0.0953351483687247
"M","375","Control",0.110076729368335
"M","375","Control",0.0613253935626775
"M","375","Control",0.0937109285050486
"M","375","Control",0.0982342268186102
"M","375","Control",0.098438790480217
"M","375","Control",0.120889031088139
"M","375","Control",0.100341439897176
"M","375","Control",0.0845954816843421
"M","375","Control",0.107343258002741
"M","375","Control",0.108043767422704
"M","375","Control",0.0643578258178699
"M","375","Control",0.0805044860599272
"M","375","Control",0.0923452316947942
"M","375","Control",0.105870580673602
"M","375","Control",0.0749673765263332
"M","375","Control",0.110283603032592
"M","375","Control",0.081756392215411
"M","375","Control",0.0922784955447721
"M","375","Control",0.0648076677207738
"M","375","Control",0.0927361156336451
"M","375","Control",0.0848819424670918
"M","375","Control",0.0861469768489258
"M","375","Control",0.0991495009710021
"M","375","Control",0.102194290799841
"M","375","Control",0.0905739875375864
"M","375","Control",0.0938143092740176
"M","375","Control",0.0923372139675281
"M","375","Control",0.0928824206757829
"M","375","Control",0.0495470208662739
"M","375","Control",0.11314813481193
"M","375","Control",0.0937781928252109
"M","375","Control",0.0974406759966473
"M","375","Control",0.0649757671564392
"M","375","Control",0.0712100493934459
"M","375","Control",0.0902848087519336
"M","375","Control",0.0800108418917706
"M","375","Control",0.110915587441897
"M","375","Control",0.117016661312668
"M","375","Control",0.0962904333726964
"M","375","Control",0.105834215303164
"M","375","Control",0.0760732248002848
"M","375","Control",0.0801661283501113
"M","375","Control",0.092452219631751
"M","375","Control",0.102274785034806
"M","375","Control",0.0841656815217648
"M","375","Control",0.106367550070392
"M","375","Control",0.0915104927886588
"M","375","Control",0.0808583607701538
"M","375","Control",0.0781522113932178
"M","375","Control",0.0728133660358379
"M","375","Control",0.100290511333525
"M","375","Control",0.101045175737835
"M","375","Control",0.0840787796490467
"M","375","Control",0.0740359932221325
"M","375","Control",0.10919194567946
"M","375","Control",0.09034028679992
"M","375","Control",0.101352264239665
"M","375","Control",0.108797101786729
"M","375","Control",0.0898506654556061
"M","375","Control",0.0903231050297185
"M","375","Control",0.0774146277803422
"M","375","Control",0.0959092345094621
"M","375","Control",0.0964794342091627
"M","375","Control",0.107216687467517
"M","375","Control",0.0965755511902081
"M","375","Control",0.095938247509659
"M","375","Control",0.0840471419386078
"M","375","Control",0.0972004364663227
"M","375","Control",0.0961978382776079
"M","375","Control",0.0915936025785071
"M","375","Control",0.0826584551235003
"M","375","Control",0.108937057439746
"M","375","Control",0.0711343033310751
"M","375","Control",0.0832946108724984
"M","375","Control",0.0740697091062621
"M","375","Control",0.0806018902832095
"M","375","Control",0.0941794306881518
"M","375","Control",0.101216116436885
"M","375","Control",0.108822374243381
"M","375","Control",0.0923567210320206
"M","375","Control",0.0729443994461405
"M","375","Control",0.111706005234776
"M","375","Control",0.0929405339574126
"M","375","Control",0.0886573891004539
"M","375","Control",0.109851175316734
"M","375","Control",0.101796081604173
"M","375","Control",0.0887171874177117
"M","375","Control",0.0936001596266368
"M","375","Control",0.0913953296144869
"M","375","Control",0.0818540305298007
"M","375","Control",0.0901246011024954
"M","375","Control",0.0981107064125659
"M","375","Control",0.0660828465608709
"M","375","Control",0.093002834715862
"M","375","Control",0.109263213557931
"M","375","Control",0.098585915546651
"M","375","Control",0.115709068326015
"M","375","Control",0.095394168664635
"M","375","Control",0.109473421063767
"M","375","Control",0.0794033201555946
"M","375","Control",0.064146548763627
"M","375","Control",0.0816372648638063
"M","375","Control",0.084786632299132
"M","375","Control",0.0884103952855015
"M","375","Control",0.100895811039271
"M","375","Control",0.116455157269574
"M","375","Control",0.0949335761592962
"M","375","Control",0.0930532364530507
"M","375","Control",0.105936683160849
"M","375","Control",0.0795434410655214
"M","375","Control",0.0967903867800113
"M","375","Control",0.11299187677508
"M","375","Control",0.101396766402644
"M","375","Control",0.0812978649607985
"M","375","Control",0.0921390411297662
"M","375","Control",0.116698829373424
"M","375","Control",0.0958449049890103
"M","375","Control",0.0939551939511247
"M","375","Control",0.0917219655451789
"M","375","Control",0.105164114806127
"M","375","Control",0.104858056270006
"M","375","Control",0.0718735760775314
"M","375","Control",0.0962426020232603
"M","375","Control",0.0887440229445456
"M","375","Control",0.0840347185945318
"M","375","Control",0.0929460850252116
"M","375","Control",0.0948038411529711
"M","375","Control",0.0775447869096283
"M","375","Control",0.0777554345606982
"M","375","Control",0.0880532463460481
"M","375","Control",0.100105050440601
"M","375","Control",0.084567458308435
"M","375","Control",0.100409826442121
"M","375","Control",0.0969954142494305
"M","375","Control",0.0930950209661108
"M","375","Control",0.0646945321614302
"M","375","Control",0.0952924982091887
"M","375","Control",0.0805694720967875
"M","375","Control",0.108360887448622
"M","375","Control",0.0949140508670116
"M","375","Control",0.0803600148721918
"M","375","Control",0.0914209603709706
"M","375","Control",0.0889575057656655
"M","375","Control",0.116118626877318
"M","375","Control",0.0692460856770964
"M","375","Control",0.101649665621004
"M","375","Control",0.106053221340608
"M","375","Control",0.0882273846684023
"M","375","Control",0.0837703449520873
"M","375","Control",0.0888381779854058
"M","375","Control",0.0854526171186231
"M","375","Control",0.0909071735422317
"M","375","Control",0.0938438527487148
"M","375","Control",0.0956131089177929
"M","375","Control",0.092042343696213
"M","375","Control",0.109625283099426
"M","375","Control",0.086453394254539
"M","375","Control",0.109162609080643
"M","375","Control",0.0807849226969513
"M","375","Control",0.0983813989841843
"M","375","Control",0.0944267012709752
"M","375","Control",0.0892063520317292
"M","375","Control",0.086215268011054
"M","375","Control",0.100194037176267
"M","375","Control",0.0922739234240757
"M","375","Control",0.0900704336814296
"M","375","Control",0.0965294711903383
"M","375","Control",0.108141749061005
"M","375","Control",0.0931963524594644
"M","375","Control",0.10862470718913
"M","375","Control",0.11419436316969
"M","375","Control",0.093547534032073
"M","375","Control",0.105898621448186
"M","375","Control",0.0879359130470923
"M","375","Control",0.109914936391908
"M","375","Control",0.100132592150367
"M","375","Control",0.0738964111624359
"M","375","Control",0.0964433001939951
"M","375","Control",0.108269214234382
"M","375","Control",0.105157522687976
"M","375","Control",0.0888085763080732
"M","375","Control",0.0988551846869099
"M","375","Control",0.0966341403753971
"M","375","Control",0.0985408797010756
"M","375","Control",0.103743400503712
"M","375","Control",0.0844603164098781
"M","375","Control",0.101568484028385
"M","375","Control",0.102417847523231
"M","375","Control",0.0871897100217894
"M","375","Control",0.0952833756259851
"M","375","Control",0.103570849413316
"M","375","Control",0.07563074117067
"M","375","Control",0.104687293168211
"M","375","Control",0.0610282867036096
"M","375","Control",0.0892953833843155
"M","375","Control",0.0839572679791963
"M","375","Control",0.110791463190695
"M","375","Control",0.103174225317686
"M","375","Control",0.0968821654240739
"M","375","Control",0.123465313227176
"M","375","Control",0.0896461037487805
"M","375","Control",0.0641624339824755
"M","375","Control",0.075502791770141
"M","375","Control",0.0994936233602667
"M","375","Control",0.0902105979223903
"M","375","Control",0.0809270104701492
"M","375","Control",0.0832755232045577
"M","375","Control",0.0793645034497007
"M","375","Control",0.0993639107895605
"M","375","Control",0.091236443200299
"M","375","Control",0.0901962874277625
"M","375","Control",0.0822490074548876
"M","375","Control",0.0835279911107032
"M","375","Control",0.0944503495897717
"M","375","Control",0.0921832893998669
"M","375","Control",0.0968965940385356
"M","375","Control",0.0963423442108428
"M","375","Control",0.0837813183707358
"M","375","Control",0.093535018942469
"M","375","Control",0.112070236260323
"M","375","Control",0.0928698238609111
"M","375","Control",0.0979935106099221
"M","375","Control",0.102951491390125
"M","375","Control",0.099862081668629
"M","375","Control",0.0901582536375275
"M","375","Control",0.0926553474167212
"M","375","Control",0.095983875756576
"M","375","Control",0.0888815119538772
"M","375","Control",0.107598605474091
"M","375","Control",0.101126577961885
"M","375","Control",0.103633482894041
"M","375","Control",0.0941330370683652
"M","375","Control",0.0958092151513501
"M","375","Control",0.102717347192598
"M","375","Control",0.104152980735604
"M","375","Control",0.0970020741639651
"M","375","Control",0.0767483993371181
"M","375","Control",0.10260393684883
"M","375","Control",0.103709204362413
"M","375","Control",0.098545014819578
"M","375","Control",0.109648017246788
"M","375","Control",0.0965211662053613
"M","375","Control",0.0597386228065345
"M","375","Control",0.0571891832636971
"M","375","Control",0.108648472951258
"M","375","Control",0.103835678358874
"M","375","Control",0.0873807177078802
"M","375","Control",0.0816544260214955
"M","375","Control",0.101260035544772
"M","375","Control",0.10329795689826
"M","375","Control",0.0871537661296704
"M","375","Control",0.100770508344336
"M","375","Control",0.0981849967123269
"M","375","Control",0.0942876700072632
"M","375","Control",0.101668891767859
"M","375","Control",0.0951389054646795
"M","375","Control",0.105054768045848
"M","375","Control",0.0867330568096923
"M","375","Control",0.108643537222506
"M","375","Control",0.0917109041439685
"M","375","Control",0.0871751468139107
"M","375","Control",0.0882005834155339
"M","375","Control",0.117829157130363
"M","375","Control",0.075877642773697
"M","375","Control",0.103140253939758
"M","375","Control",0.0970509959120632
"M","375","Control",0.0615392171712747
"M","375","Control",0.0811310327859947
"M","375","Control",0.077668491785714
"M","375","Control",0.0837112465956288
"M","375","Control",0.100287532646144
"M","375","Control",0.0992460812219359
"M","375","Control",0.0699741476805581
"M","375","Control",0.10837308585628
"M","375","Control",0.101129690569548
"M","375","Control",0.113074504291089
"M","375","Control",0.0687259617917206
"M","375","Control",0.0983776382499066
"M","375","Control",0.0776776072609415
"M","375","Control",0.0893586926797814
"M","375","Control",0.0941171342672206
"M","375","Control",0.0885284463648891
"M","375","Control",0.0781411757618266
"M","375","Control",0.0640696721218846
"M","375","Control",0.0979368390039655
"M","375","Control",0.0712558111463338
"M","375","Control",0.0858959583316329
"M","375","Control",0.0906716395968117
"M","375","Control",0.107636951814744
"M","375","Control",0.0888590997998005
"M","375","Control",0.11281224074607
"M","375","Control",0.0934748910628712
"M","375","Control",0.106835954307318
"M","375","Control",0.0955209269925633
"M","375","Control",0.0920684142892666
"M","375","Control",0.101615822192918
"M","375","Control",0.0811351002770395
"M","375","Control",0.121335459363877
"M","375","Control",0.0981329219129907
"M","375","Control",0.0881834755920962
"M","375","Control",0.101014950743194
"M","375","Control",0.0994937274806863
"M","375","Control",0.0785245388333457
"M","375","Control",0.0919850508481151
"M","375","Control",0.0919978396583053
"M","375","Control",0.106294809472441
"M","375","Control",0.0915222356652679
"M","375","Control",0.0827457482777967
"M","375","Control",0.0905512115436273
"M","375","Control",0.0846725886445841
"M","375","Control",0.0755444774582378
"M","375","Control",0.0702666908960307
"M","375","Control",0.0986662461870067
"M","375","Control",0.0883066883939229
"M","375","Control",0.0937785777725742
"M","375","Control",0.0900905420051567
"M","375","Control",0.0978480181488044
"M","375","Control",0.0877582502127161
"M","375","Control",0.0815945411367168
"M","375","Control",0.0996740019968044
"M","375","Control",0.0887837864877398
"M","375","Control",0.09724524270804
"M","375","Control",0.110776538160843
"M","375","Control",0.103767743669371
"M","375","Control",0.0939414447808175
"M","375","Control",0.0887319874528973
"M","375","Control",0.0809103100917385
"M","375","Control",0.105332693378701
"M","375","Control",0.0685134276537645
"M","375","Control",0.079621294011746
"M","375","Control",0.0830780751704977
"M","375","Control",0.0884787090917321
"M","375","Control",0.0867975304321996
"M","375","Control",0.0943459621645262
"M","375","Control",0.0963579056358297
"M","375","Control",0.0814295898602862
"M","375","Control",0.101685169658469
"M","375","Control",0.0879983465587976
"M","375","Control",0.0897453620305307
"M","375","Control",0.101745817941341
"M","375","Control",0.0845778191379691
"M","375","Control",0.0991366315985921
"M","375","Control",0.103103614748769
"M","375","Control",0.0767931781862027
"M","375","Control",0.0732161742280283
"M","375","Control",0.111337091523762
"M","375","Control",0.0920171462831273
"M","375","Control",0.115534810739374
"M","375","Control",0.0909296242281361
"M","375","Control",0.088162836748235
"M","375","Control",0.0994649891650048
"M","375","Control",0.0984191609025073
"M","375","Control",0.104525202574385
"M","375","Control",0.0987210053919837
"M","375","Control",0.0838424103133082
"M","375","Control",0.0903624438881064
"M","375","Control",0.0657882561306835
"M","375","Control",0.101302110344443
"M","375","Control",0.0940500268253833
"M","375","Control",0.0785723534782052
"M","375","Rotenone",0.103665046410409
"M","375","Rotenone",0.117428048091471
"M","375","Rotenone",0.100120887915206
"M","375","Rotenone",0.0784571642720272
"M","375","Rotenone",0.121443447962955
"M","375","Rotenone",0.114489560343528
"M","375","Rotenone",0.121748949800708
"M","375","Rotenone",0.0925187785137313
"M","375","Rotenone",0.127200567895811
"M","375","Rotenone",0.111154124285453
"M","375","Rotenone",0.126980575473437
"M","375","Rotenone",0.110856788594972
"M","375","Rotenone",0.114963704501912
"M","375","Rotenone",0.104504936027353
"M","375","Rotenone",0.112243908116917
"M","375","Rotenone",0.0986395825344104
"M","375","Rotenone",0.125081186791808
"M","375","Rotenone",0.0950950954399232
"M","375","Rotenone",0.116756127043155
"M","375","Rotenone",0.0640340718628806
"M","375","Rotenone",0.0636303103691485
"M","375","Rotenone",0.091227002983244
"M","375","Rotenone",0.101468370349941
"M","375","Rotenone",0.114206279279841
"M","375","Rotenone",0.068738168045823
"M","375","Rotenone",0.120037142573742
"M","375","Rotenone",0.0922925583573322
"M","375","Rotenone",0.10526076969799
"M","375","Rotenone",0.046446565826347
"M","375","Rotenone",0.111988047950262
"M","375","Rotenone",0.084249776552127
"M","375","Rotenone",0.103606747865251
"M","375","Rotenone",0.102480828753058
"M","375","Rotenone",0.0801357139611197
"M","375","Rotenone",0.134375754687878
"M","375","Rotenone",0.12585889212955
"M","375","Rotenone",0.0856327612916726
"M","375","Rotenone",0.115546355576058
"M","375","Rotenone",0.110591046254625
"M","375","Rotenone",0.134979413597823
"M","375","Rotenone",0.131205257876066
"M","375","Rotenone",0.129197629744424
"M","375","Rotenone",0.124457845854825
"M","375","Rotenone",0.129686930070868
"M","375","Rotenone",0.119326924214527
"M","375","Rotenone",0.114846499908836
"M","375","Rotenone",0.100502638631816
"M","375","Rotenone",0.144823393204092
"M","375","Rotenone",0.128367984625483
"M","375","Rotenone",0.0879496723782508
"M","375","Rotenone",0.076615128671907
"M","375","Rotenone",0.083192663236246
"M","375","Rotenone",0.10533311001124
"M","375","Rotenone",0.143069032179049
"M","375","Rotenone",0.0922030810355472
"M","375","Rotenone",0.111989547195606
"M","375","Rotenone",0.104940346356037
"M","375","Rotenone",0.0912863636804484
"M","375","Rotenone",0.116037438130838
"M","375","Rotenone",0.062168820223389
"M","375","Rotenone",0.113078880375823
"M","375","Rotenone",0.106601141850678
"M","375","Rotenone",0.112223925402739
"M","375","Rotenone",0.0917263802150551
"M","375","Rotenone",0.106129765149698
"M","375","Rotenone",0.0959418966884792
"M","375","Rotenone",0.0619873741033977
"M","375","Rotenone",0.0998173704684817
"M","375","Rotenone",0.10263087170061
"M","375","Rotenone",0.065206940764076
"M","375","Rotenone",0.11664235656884
"M","375","Rotenone",0.0942619816048602
"M","375","Rotenone",0.0935099037537149
"M","375","Rotenone",0.0802428548255041
"M","375","Rotenone",0.129734774397436
"M","375","Rotenone",0.0736002312873309
"M","375","Rotenone",0.0932340382943635
"M","375","Rotenone",0.119037053263138
"M","375","Rotenone",0.103696631344156
"M","375","Rotenone",0.105467041775169
"M","375","Rotenone",0.116710973143275
"M","375","Rotenone",0.0937022034462346
"M","375","Rotenone",0.114519234288114
"M","375","Rotenone",0.101457227770721
"M","375","Rotenone",0.108068321403417
"M","375","Rotenone",0.134965656712802
"M","375","Rotenone",0.125422020461998
"M","375","Rotenone",0.111734978616594
"M","375","Rotenone",0.120998157429004
"M","375","Rotenone",0.0981342849141273
"M","375","Rotenone",0.0597606871399714
"M","375","Rotenone",0.109906389364038
"M","375","Rotenone",0.0852207905953045
"M","375","Rotenone",0.0850503501727179
"M","375","Rotenone",0.127410385449212
"M","375","Rotenone",0.0720864827847274
"M","375","Rotenone",0.10474252184845
"M","375","Rotenone",0.142845037811565
"M","375","Rotenone",0.0602159272310606
"M","375","Rotenone",0.114694119948095
"M","375","Rotenone",0.0977202078550151
"M","375","Rotenone",0.122801255572906
"M","375","Rotenone",0.0903620511798551
"M","375","Rotenone",0.103570910868499
"M","375","Rotenone",0.0809235322138678
"M","375","Rotenone",0.117324041865811
"M","375","Rotenone",0.131724818518659
"M","375","Rotenone",0.0889806637698758
"M","375","Rotenone",0.110832574326765
"M","375","Rotenone",0.096868334101649
"M","375","Rotenone",0.11926061578656
"M","375","Rotenone",0.0785384171753081
"M","375","Rotenone",0.0878319097875574
"M","375","Rotenone",0.0973228601048072
"M","375","Rotenone",0.0836865882606161
"M","375","Rotenone",0.110613831654623
"M","375","Rotenone",0.116144226834969
"M","375","Rotenone",0.112437153663052
"M","375","Rotenone",0.0993840439029548
"M","375","Rotenone",0.0844851480196798
"M","375","Rotenone",0.106812411520732
"M","375","Rotenone",0.122573167720855
"M","375","Rotenone",0.106565796080847
"M","375","Rotenone",0.108008544213225
"M","375","Rotenone",0.0838937081421183
"M","375","Rotenone",0.127224408838355
"M","375","Rotenone",0.0941510635911359
"M","375","Rotenone",0.104532110418194
"M","375","Rotenone",0.111898705572948
"M","375","Rotenone",0.118594600394658
"M","375","Rotenone",0.127368373387662
"M","375","Rotenone",0.117330270132809
"M","375","Rotenone",0.109267116073477
"M","375","Rotenone",0.0667017858213376
"M","375","Rotenone",0.108390331953492
"M","375","Rotenone",0.107775300585443
"M","375","Rotenone",0.0955646871712094
"M","375","Rotenone",0.0843875446221184
"M","375","Rotenone",0.0874418487657653
"M","375","Rotenone",0.104026311552998
"M","375","Rotenone",0.0689742773951853
"M","375","Rotenone",0.105060361648244
"M","375","Rotenone",0.143084723173392
"M","375","Rotenone",0.107399831367764
"M","375","Rotenone",0.0750036790451861
"M","375","Rotenone",0.0945480903178821
"M","375","Rotenone",0.111637105549186
"M","375","Rotenone",0.117811760059107
"M","375","Rotenone",0.11707703592443
"M","375","Rotenone",0.127925831770662
"M","375","Rotenone",0.0830706027383003
"M","375","Rotenone",0.127215295056562
"M","375","Rotenone",0.109911149219463
"M","375","Rotenone",0.127684447416526
"M","375","Rotenone",0.10284757038572
"M","375","Rotenone",0.0818985530370488
"M","375","Rotenone",0.111372152576607
"M","375","Rotenone",0.126077490303028
"M","375","Rotenone",0.125859134905135
"M","375","Rotenone",0.091268383653607
"M","375","Rotenone",0.106963422467844
"M","375","Rotenone",0.0931009144803126
"M","375","Rotenone",0.123413613565422
"M","375","Rotenone",0.108959046512865
"M","375","Rotenone",0.110721111771754
"M","375","Rotenone",0.125909237672497
"M","375","Rotenone",0.117439741199163
"M","375","Rotenone",0.149601972893894
"M","375","Rotenone",0.120203360865196
"M","375","Rotenone",0.125680044948274
"M","375","Rotenone",0.0911071989967312
"M","375","Rotenone",0.0986148488043333
"M","375","Rotenone",0.12365709782583
"M","375","Rotenone",0.0903988827913135
"M","375","Rotenone",0.0768367468806021
"M","375","Rotenone",0.13088229422555
"M","375","Rotenone",0.0998373747131892
"M","375","Rotenone",0.0804404792924199
"M","375","Rotenone",0.129778323231036
"M","375","Rotenone",0.119768010787534
"M","375","Rotenone",0.129185269201471
"M","375","Rotenone",0.126225744717569
"M","375","Rotenone",0.127093492719924
"M","375","Rotenone",0.135192618397466
"M","375","Rotenone",0.106739596150981
"M","375","Rotenone",0.1012660687952
"M","375","Rotenone",0.108791898674098
"M","375","Rotenone",0.0974415170690122
"M","375","Rotenone",0.103516697300308
"M","375","Rotenone",0.0988241576911647
"M","375","Rotenone",0.125715602670723
"M","375","Rotenone",0.0948011601247116
"M","375","Rotenone",0.0696380685529494
"M","375","Rotenone",0.0958001092088978
"M","375","Rotenone",0.107434213685063
"M","375","Rotenone",0.099980968796788
"M","375","Rotenone",0.117208528821182
"M","375","Rotenone",0.0940433182374497
"M","375","Rotenone",0.0860317244626062
"M","375","Rotenone",0.0983614405811835
"M","375","Rotenone",0.0707972451031569
"M","375","Rotenone",0.115778043009249
"M","375","Rotenone",0.105149935274083
"M","375","Rotenone",0.114490248966087
"M","375","Rotenone",0.101061059160535
"M","375","Rotenone",0.121908429208015
"M","375","Rotenone",0.101222711881341
"M","375","Rotenone",0.121773844079065
"M","375","Rotenone",0.0974689330472037
"M","375","Rotenone",0.0963658595579898
"M","375","Rotenone",0.11161056724661
"M","375","Rotenone",0.078000140971074
"M","375","Rotenone",0.116391635624101
"M","375","Rotenone",0.129782217816074
"M","375","Rotenone",0.13047901735204
"M","375","Rotenone",0.109935606294828
"M","375","Rotenone",0.130842407665889
"M","375","Rotenone",0.105544698983794
"M","375","Rotenone",0.0931958419317552
"M","375","Rotenone",0.111444770567564
"M","375","Rotenone",0.0938319316285443
"M","375","Rotenone",0.067896920464141
"M","375","Rotenone",0.103832695711861
"M","375","Rotenone",0.098899677799333
"M","375","Rotenone",0.11423660031411
"M","375","Rotenone",0.103873107067597
"M","375","Rotenone",0.10240399860891
"M","375","Rotenone",0.138819432007261
"M","375","Rotenone",0.119845226063377
"M","375","Rotenone",0.118694721135851
"M","375","Rotenone",0.115356749572066
"M","375","Rotenone",0.102040190350127
"M","375","Rotenone",0.109152625675355
"M","375","Rotenone",0.12317119074497
"M","375","Rotenone",0.131508398609802
"M","375","Rotenone",0.0778734942666552
"M","375","Rotenone",0.0885108732856064
"M","375","Rotenone",0.09198569724505
"M","375","Rotenone",0.116683750559855
"M","375","Rotenone",0.0736007415268024
"M","375","Rotenone",0.130135871145928
"M","375","Rotenone",0.119782279528454
"M","375","Rotenone",0.10499002224395
"M","375","Rotenone",0.118086657213057
"M","375","Rotenone",0.0786537888628711
"M","375","Rotenone",0.0941458814358894
"M","375","Rotenone",0.099099393343336
"M","375","Rotenone",0.0860157426689475
"M","375","Rotenone",0.10375757307872
"M","375","Rotenone",0.0919011833461804
"M","375","Rotenone",0.118714624047635
"M","375","Rotenone",0.122373997116639
"M","375","Rotenone",0.112580117399555
"M","375","Rotenone",0.125359241429364
"M","375","Rotenone",0.129351032789836
"M","375","Rotenone",0.0744761120769986
"M","375","Rotenone",0.0980232458927318
"M","375","Rotenone",0.150334580168163
"M","375","Rotenone",0.119803361625299
"M","375","Rotenone",0.110315767400839
"M","375","Rotenone",0.109407822774127
"M","375","Rotenone",0.104136129470334
"M","375","Rotenone",0.0809202094028412
"M","375","Rotenone",0.107586446446979
"M","375","Rotenone",0.120281525931336
"M","375","Rotenone",0.0690375142209377
"M","375","Rotenone",0.0815623372834541
"M","375","Rotenone",0.107657177686084
"M","375","Rotenone",0.085238658792165
"M","375","Rotenone",0.103474491742762
"M","375","Rotenone",0.0879360854867544
"M","375","Rotenone",0.104021087362313
"M","375","Rotenone",0.0826462477724757
"M","375","Rotenone",0.107614887448696
"M","375","Rotenone",0.0728880636866148
"M","375","Rotenone",0.125743694754287
"M","375","Rotenone",0.120543764570422
"M","375","Rotenone",0.0728573263110613
"M","375","Rotenone",0.117162003903981
"M","375","Rotenone",0.119244266610622
"M","375","Rotenone",0.106001761274412
"M","375","Rotenone",0.0570970426268279
"M","375","Rotenone",0.136221601789523
"M","375","Rotenone",0.10904506097997
"M","375","Rotenone",0.108617166221139
"M","375","Rotenone",0.120645183312357
"M","375","Rotenone",0.120191108565872
"M","375","Rotenone",0.118863867677572
"M","375","Rotenone",0.11525613162945
"M","375","Rotenone",0.105247672293992
"M","375","Rotenone",0.11734209288525
"M","375","Rotenone",0.126635999376582
"M","375","Rotenone",0.104221205936566
"M","375","Rotenone",0.0956330269780906
"M","375","Rotenone",0.119594585306164
"M","375","Rotenone",0.0686041848086503
"M","375","Rotenone",0.0844169825721677
"M","375","Rotenone",0.0678838543910803
"M","375","Rotenone",0.121824844558135
"M","375","Rotenone",0.11120088486324
"M","375","Rotenone",0.102060363789693
"M","375","Rotenone",0.107705554298608
"M","375","Rotenone",0.117563847067816
"M","375","Rotenone",0.101282961557306
"M","375","Rotenone",0.12794887414307
"M","375","Rotenone",0.095673184878867
"M","375","Rotenone",0.0994921149432061
"M","375","Rotenone",0.125523541790201
"M","375","Rotenone",0.125399635385264
"M","375","Rotenone",0.0901077738940431
"M","375","Rotenone",0.114441733276568
"M","375","Rotenone",0.100829826193134
"M","375","Rotenone",0.0897118494094121
"M","375","Rotenone",0.0979284442611746
"M","375","Rotenone",0.0963249595702075
"M","375","Rotenone",0.110700193828321
"M","375","Rotenone",0.0830657292707838
"M","375","Rotenone",0.109488777053393
"M","375","Rotenone",0.0963071941706503
"M","375","Rotenone",0.0810544194216818
"M","375","Rotenone",0.108406923588509
"M","375","Rotenone",0.100032528313742
"M","375","Rotenone",0.124929514061878
"M","375","Rotenone",0.120253731426177
"M","375","Rotenone",0.106187861982141
"M","375","Rotenone",0.110036300597728
"M","375","Rotenone",0.114779655400913
"M","375","Rotenone",0.124012877797621
"M","375","Rotenone",0.089284191525725
"M","375","Rotenone",0.113769960685736
"M","375","Rotenone",0.101687864641302
"M","375","Rotenone",0.113755530143367
"M","375","Rotenone",0.0938039909438135
"M","375","Rotenone",0.0774265195131259
"M","375","Rotenone",0.10041837971424
"M","375","Rotenone",0.129789023912828
"M","375","Rotenone",0.123599204153514
"M","375","Rotenone",0.137640404091176
"M","375","Rotenone",0.095911401131425
"M","375","Rotenone",0.101794925011627
"M","375","Rotenone",0.0977355394825078
"M","375","Rotenone",0.110487483155877
"M","375","Rotenone",0.114995794907956
"M","375","Rotenone",0.0898771935246741
"M","375","Rotenone",0.0802123207303013
"M","375","Rotenone",0.0991463565586824
"M","375","Rotenone",0.146616446877635
"M","375","Rotenone",0.0975559534603686
"M","375","Rotenone",0.116375158485134
"M","375","Rotenone",0.112420628131804
"M","375","Rotenone",0.11461061020724
"M","375","Rotenone",0.10874303565681
"M","375","Rotenone",0.0831879864961735
"M","375","Rotenone",0.133611021808376
"M","375","Rotenone",0.13267773223314
"M","375","Rotenone",0.107477832427461
"M","375","Rotenone",0.12263618743134
"M","375","Rotenone",0.144838245834994
"M","375","Rotenone",0.119128921374062
"M","375","Rotenone",0.112668307191661
"M","375","Rotenone",0.104394158355594
"M","375","Rotenone",0.10189629178301
"M","375","Rotenone",0.128418088240938
"M","375","Rotenone",0.0892014518419708
"M","375","Rotenone",0.0961311637014624
"M","375","Rotenone",0.127833402689883
"M","375","Rotenone",0.126203598471151
"M","375","Rotenone",0.132606447031151
"M","375","Rotenone",0.093624595687032
"M","375","Rotenone",0.0945155905414165
"M","375","Rotenone",0.0787489579086419
"M","375","Rotenone",0.118554447006788
"M","375","Rotenone",0.0911049094384433
"M","375","Rotenone",0.137592346605219
"M","375","Rotenone",0.105966682175906
"M","375","Rotenone",0.0808883010585313
"M","375","Rotenone",0.112709887696895
"M","375","Rotenone",0.0968994979859419
"M","375","Rotenone",0.120949741495644
"M","375","Rotenone",0.134287178506764
"M","375","Rotenone",0.0871383252327356
"M","375","Rotenone",0.121286080081282
"M","375","Rotenone",0.0880780643465354
"M","375","Rotenone",0.0992814344662294
"M","375","Rotenone",0.0796368589851185
"M","375","Rotenone",0.136653354879745
"M","375","Rotenone",0.112440469613954
"M","375","Rotenone",0.118109669285253
"M","375","Rotenone",0.143384350303517
"M","375","Rotenone",0.115719827656909
"M","375","Rotenone",0.110672646894365
"M","375","Rotenone",0.12171391730864
"M","375","Rotenone",0.118386742370643
"M","375","Rotenone",0.132555773431294
"M","375","Rotenone",0.11388328282703
"M","375","Rotenone",0.126960252444669
"M","375","Rotenone",0.0857738458504443
"M","375","Rotenone",0.120694818354886
"M","375","Rotenone",0.120032530676287
"M","375","Rotenone",0.118370081266713
"M","375","Rotenone",0.123887428271679
"M","375","Rotenone",0.121688111214338
"M","375","Rotenone",0.101098696460155
"M","375","Rotenone",0.0801259206545564
"M","375","Rotenone",0.111271856487233
"M","375","Rotenone",0.0766253426051426
"M","375","Rotenone",0.11274212719709
"M","375","Rotenone",0.120005958728525
"M","375","Rotenone",0.116606372487625
"M","375","Rotenone",0.0775960986317998
"M","375","Rotenone",0.110987207266152
"M","375","Rotenone",0.103385568466735
"M","375","Rotenone",0.115860006402008
"M","375","Rotenone",0.102496491024575
"M","375","Rotenone",0.126269512732376
"M","375","Rotenone",0.0760974302674774
"M","375","Rotenone",0.08462629281476
"M","375","Rotenone",0.10400650586858
"M","375","Rotenone",0.10702207344485
"M","375","Rotenone",0.130674076052791
"M","375","Rotenone",0.11509925665425
"M","375","Rotenone",0.0799706015219452
"M","375","Rotenone",0.0915777516415523
"M","375","Rotenone",0.116415209225936
"M","375","Rotenone",0.111606431666133
"M","375","Rotenone",0.0764186587356651
"M","375","Rotenone",0.124822006640043
"M","375","Rotenone",0.101656762052296
"M","375","Rotenone",0.0930953750476978
"M","375","Rotenone",0.0913415284102596
"M","375","Rotenone",0.0925291251737394
"M","375","Rotenone",0.118268272109805
"M","375","Rotenone",0.114482753091365
"M","375","Rotenone",0.104919269932241
"M","375","Rotenone",0.121279290037784
"M","375","Rotenone",0.10566456376434
"M","375","Rotenone",0.0842570474776509
"M","375","Rotenone",0.122280138710918
"M","375","Rotenone",0.115811106103349
"M","375","Rotenone",0.109696507197053
"M","375","Rotenone",0.131500651672608
"M","375","Rotenone",0.0830512772599173
"M","375","Rotenone",0.105778691056634
"M","375","Rotenone",0.124054794008376
"M","375","Rotenone",0.105987775108651
"M","375","Rotenone",0.0910824338438905
"M","375","Rotenone",0.126408950479612
"M","375","Rotenone",0.110226522627887
"M","375","Rotenone",0.126508841293176
"M","375","Rotenone",0.0918135965752066
"M","375","Rotenone",0.108696255327366
"M","375","Rotenone",0.113463272320614
"M","375","Rotenone",0.108725280760055
"M","375","Rotenone",0.0877835969202569
"M","375","Rotenone",0.110364394642721
"M","375","Rotenone",0.0844105279660086
"M","375","Rotenone",0.104862353463137
"M","375","Rotenone",0.0987698026599637
"M","375","Rotenone",0.0914110011850313
"M","375","Rotenone",0.088036127848721
"M","375","Rotenone",0.0882141382657667
"M","375","Rotenone",0.0997984478678751
"M","375","Rotenone",0.13808069770874
"M","375","Rotenone",0.111087221074408
"M","375","Rotenone",0.115016080955992
"M","375","Rotenone",0.111222133753155
"M","375","Rotenone",0.115600373305965
"M","375","Rotenone",0.112558113939638
"M","375","Rotenone",0.119422399582838
"M","375","Rotenone",0.107190248580001
"M","375","Rotenone",0.0827919448836865
"M","375","Rotenone",0.136720457376464
"M","375","Rotenone",0.0993902213028322
"M","375","Rotenone",0.103693678693216
"M","375","Rotenone",0.122502851335438
"M","375","Rotenone",0.0781951998842171
"M","375","Rotenone",0.122827868313213
"M","375","Rotenone",0.121024839720682
"M","375","Rotenone",0.122667422463902
"M","375","Rotenone",0.11394360365354
"M","375","Rotenone",0.123412300142825
"M","375","Rotenone",0.101289653719394
"M","375","Rotenone",0.110791024598893
"M","375","Rotenone",0.119488379101372
"M","375","Rotenone",0.112011801897272
"M","375","Rotenone",0.118752724450672
"M","375","Rotenone",0.107131194908613
"M","375","Rotenone",0.0924508330000458
"M","375","Rotenone",0.114379337675564
"M","375","Rotenone",0.133725594552115
"M","375","Rotenone",0.0971877023688506
"M","375","Rotenone",0.0965758176533786
"M","375","Rotenone",0.121549166473809
"M","375","Rotenone",0.128316116269728
"M","375","Rotenone",0.0851906681847683
"M","375","Rotenone",0.0835623605793329
"M","375","Rotenone",0.103829018275189
"M","375","Rotenone",0.0757083125864493
"M","375","Rotenone",0.121767372522264
"M","375","Rotenone",0.108764118833703
"M","375","Rotenone",0.117397721881023
"M","375","Rotenone",0.120069428551133
"M","375","Rotenone",0.104872818113427
"M","375","Rotenone",0.0831695904113817
"M","375","Rotenone",0.117368184602553
"M","375","Rotenone",0.108565313164362
"M","375","Rotenone",0.0753782378822586
"M","375","Rotenone",0.0930243802183166
"M","375","Rotenone",0.082033745378505
"M","375","Rotenone",0.12282037744962
"M","375","Rotenone",0.102097271442099
"M","375","Rotenone",0.110776378814275
"M","375","Rotenone",0.120121425001807
"M","375","Rotenone",0.112580666754328
"M","375","Rotenone",0.100834431137569
"M","375","Rotenone",0.0798305465283173
"M","375","Rotenone",0.139684807748344
"M","375","Rotenone",0.0833769748155882
"M","375","Rotenone",0.0584539337384693
"M","375","Rotenone",0.105715839453521
"M","375","Rotenone",0.117589533234843
"M","375","Rotenone",0.122971891533302
"M","375","Rotenone",0.129676246957142
"M","375","Rotenone",0.101517057268286
"M","375","Rotenone",0.148665060183876
"M","375","Rotenone",0.117168010810976
"M","375","Rotenone",0.120884238174749
"M","375","Rotenone",0.112890646776588
"M","375","Rotenone",0.081901210742353
"M","375","Rotenone",0.153873936470947
"M","375","Rotenone",0.0875437219393376
"M","375","Rotenone",0.123549471455068
"M","375","Rotenone",0.108432438504434
"M","375","Rotenone",0.107829043737325
"M","375","Rotenone",0.102311698630678
"M","375","Rotenone",0.0996269466339752
"M","375","Rotenone",0.103616495248965
"M","375","Rotenone",0.11491470762001
"M","375","Rotenone",0.100959554202012
"M","375","Rotenone",0.099209542236495
"M","375","Rotenone",0.0650686272780561
"M","375","Rotenone",0.113607617339683
"M","375","Rotenone",0.094049960958446
"M","375","Rotenone",0.0972146138014808
"M","375","Rotenone",0.0966886047454862
"M","375","Rotenone",0.100403157105553
"M","375","Rotenone",0.0953362033160917
"M","375","Rotenone",0.0790829222862123
"M","375","Rotenone",0.0791147342331279
"M","375","Rotenone",0.129696198013342
"M","375","Rotenone",0.0905047703740984
"M","375","Rotenone",0.0840696346218424
"M","375","Rotenone",0.123372949225435
"M","375","Rotenone",0.117427938823781
"M","375","Rotenone",0.132318713879817
"M","375","Rotenone",0.120357726457413
"M","375","Rotenone",0.112814529401787
"M","375","Rotenone",0.0897805988305886
"M","375","Rotenone",0.118947943528769
"M","375","Rotenone",0.100781395131796
"M","375","Rotenone",0.120911191063765
"M","375","Rotenone",0.103138606714283
"M","375","Rotenone",0.0470524120305625
"M","375","Rotenone",0.109601889695096
"M","375","Rotenone",0.0759865994320419
"M","375","Rotenone",0.114424572056258
"M","375","Rotenone",0.0844748958191557
"M","375","Rotenone",0.125496525134065
"M","375","Rotenone",0.0824368235182555
"M","375","Rotenone",0.127332075959
"M","375","Rotenone",0.107154925421165
"M","375","Rotenone",0.0927830926137068
"M","375","Rotenone",0.11586910875098
"M","375","Rotenone",0.096418056142118
"M","375","Rotenone",0.126565828987068
"M","375","Rotenone",0.106905530308697
"M","375","Rotenone",0.100694777258498
"M","375","Rotenone",0.0896232861027041
"M","375","Rotenone",0.109338480562293
"M","375","Rotenone",0.125893958094946
"M","375","Rotenone",0.128706234951444
"M","375","Rotenone",0.133360875993995
"M","375","Rotenone",0.0949727958721175
"M","375","Rotenone",0.118221178141289
"M","375","Rotenone",0.0882200521838001
"M","375","Rotenone",0.0794778794707134
"M","375","Rotenone",0.105310868241029
"M","375","Rotenone",0.1174782801565
"M","375","Rotenone",0.114094131603098
"M","375","Rotenone",0.0993231593672662
"M","375","Rotenone",0.11277727374115
"M","375","Rotenone",0.101425831824665
"M","375","Rotenone",0.119212156627655
"M","375","Rotenone",0.0953928002781394
"M","375","Rotenone",0.0999741847158511
"M","375","Rotenone",0.101163828675732
"M","375","Rotenone",0.123774033272764
"M","375","Rotenone",0.104208637838627
"M","375","Rotenone",0.0773721038662965
"M","375","Rotenone",0.0764873348303117
"M","375","Rotenone",0.0917955481925944
"M","375","Rotenone",0.10376104563736
"M","375","Rotenone",0.0858751480071747
"M","375","Rotenone",0.100567051346193
"M","375","Rotenone",0.0874399339726393
"M","375","Rotenone",0.109403396946061
"M","375","Rotenone",0.114572576319856
"M","375","Rotenone",0.135467410875317
"M","375","Rotenone",0.133041239370414
"M","375","Rotenone",0.12113122209609
"M","375","Rotenone",0.0988388550844951
"M","375","Rotenone",0.101577337245912
"M","375","Rotenone",0.124964843956433
"M","375","Rotenone",0.119646086799663
"M","375","Rotenone",0.0884920177617504
"M","375","Rotenone",0.0940885000103736
"M","375","Rotenone",0.123214437938651
"M","375","Rotenone",0.0826749994394276
"M","375","Rotenone",0.125777920625707
"M","375","Rotenone",0.0899630769808096
"M","375","Rotenone",0.106522795959621
"M","375","Rotenone",0.105090702006201
"M","375","Rotenone",0.129992067358946
"M","375","Rotenone",0.117867725265541
"M","375","Rotenone",0.071668514739699
"M","375","Rotenone",0.072783921868528
"M","375","Rotenone",0.102018244843555
"M","375","Rotenone",0.122528403920052
"M","375","Rotenone",0.121137823145538
"M","375","Rotenone",0.104198318071343
"M","375","Rotenone",0.0905289352588559
"M","375","Rotenone",0.121467787500078
"M","375","Rotenone",0.13316345924483
"M","375","Rotenone",0.10882652108698
"M","375","Rotenone",0.109955439980081
"M","375","Rotenone",0.113700449043421
"M","375","Rotenone",0.0788323035777019
"M","375","Rotenone",0.0992927306216978
"M","375","Rotenone",0.107765997653018
"M","375","Rotenone",0.128726112316291
"M","375","Rotenone",0.126734910775934
"M","375","Rotenone",0.0776348367286026
"M","375","Rotenone",0.114902772645952
"M","375","Rotenone",0.0884759293971646
"M","375","Rotenone",0.105517147914023
"M","375","Rotenone",0.146993780797179
"M","375","Rotenone",0.110134951204471
"M","375","Rotenone",0.0921297529652318
"M","375","Rotenone",0.132334347515794
"M","375","Rotenone",0.106817789576489
"M","375","Rotenone",0.0856368017404545
"M","375","Rotenone",0.0990279465718407
"M","375","Rotenone",0.0975776901664048
"M","375","Rotenone",0.106148993937152
"M","375","Rotenone",0.0998009855993238
"M","375","Rotenone",0.114936296601274
"M","375","Rotenone",0.100270514776718
"M","375","Rotenone",0.0644851364133416
"M","375","Rotenone",0.105980557962427
"M","375","Rotenone",0.0940495677068192
"M","375","Rotenone",0.0973813762227858
"M","375","Rotenone",0.148812546277159
"M","375","Rotenone",0.0664067718839205
"M","375","Rotenone",0.119942924024435
"M","375","Rotenone",0.112131562348043
"M","375","Rotenone",0.128919421193481
"M","375","Rotenone",0.0989265742505645
"M","375","Rotenone",0.0711381917906183
"M","375","Rotenone",0.117944804629448
"M","375","Rotenone",0.0863782235508914
"M","375","Rotenone",0.101830199906814
"M","375","Rotenone",0.0960354729420605
"M","375","Rotenone",0.101784774563105
"M","375","Rotenone",0.110093551268645
"M","375","Rotenone",0.110553854067603
"M","375","Rotenone",0.16069242001917
"M","375","Rotenone",0.135693058156756
"M","375","Rotenone",0.0818700957509799
"M","375","Rotenone",0.0944892507689666
"M","375","Rotenone",0.098584145828283
"M","375","Rotenone",0.0908728798937073
"M","375","Rotenone",0.0999094779824909
"M","375","Rotenone",0.0866866853891477
"M","375","Rotenone",0.112526997391673
"M","375","Rotenone",0.0967449352013238
"M","375","Rotenone",0.105684185477038
"M","375","Rotenone",0.0904243689580555
"M","375","Rotenone",0.127200685724384
"M","375","Rotenone",0.101521067677657
"M","375","Rotenone",0.10731221570229
"M","375","Rotenone",0.0902192323830816
"M","375","Rotenone",0.114432137696716
"M","375","Rotenone",0.0962366518052549
"M","375","Rotenone",0.136448354380606
"M","375","Rotenone",0.0956754060229528
"M","375","Rotenone",0.0748239230871109
"M","375","Rotenone",0.116959893314372
"M","375","Rotenone",0.0924539637745785
"M","375","Rotenone",0.0900376407745326
"M","375","Rotenone",0.129675363582419
"M","375","Rotenone",0.122917641383235
"M","375","Rotenone",0.0873774027718895
"M","375","Rotenone",0.105852233691376
"M","375","Rotenone",0.111133293235917
"M","375","Rotenone",0.0857434922716762
"M","375","Rotenone",0.101333798946235
"M","375","Rotenone",0.0783214823031055
"M","375","Rotenone",0.0774510334230069
"M","375","Rotenone",0.118060031815099
"M","375","Rotenone",0.11337645177988
"M","375","Rotenone",0.102769501151187
"M","375","Rotenone",0.119243596234843
"M","375","Rotenone",0.121613056440025
"M","375","Rotenone",0.116177010694935
"M","375","Rotenone",0.0943816092145478
"M","375","Rotenone",0.126470796185442
"M","375","Rotenone",0.133663778900098
"M","375","Rotenone",0.101315416188344
"M","375","Rotenone",0.120749550477516
"M","375","Rotenone",0.106952315867125
"M","375","Rotenone",0.0884696210130616
"M","375","Rotenone",0.112959922728119
"M","375","Rotenone",0.125207104342843
"M","375","Rotenone",0.13962644317784
"M","375","Rotenone",0.11234165439566
"M","375","Rotenone",0.122303388276669
"M","375","Rotenone",0.116047956562815
"M","375","Rotenone",0.126708051853047
"M","375","Rotenone",0.0679226100187173
"M","375","Rotenone",0.133565142458911
"M","375","Rotenone",0.0973429282669766
"M","375","Rotenone",0.0969321913681959
"M","375","Rotenone",0.11438745172602
"M","375","Rotenone",0.134570384387646
"M","375","Rotenone",0.132390134254418
"M","375","Rotenone",0.0838541565595481
"M","375","Rotenone",0.108828952619222
"M","375","Rotenone",0.104922234639678
"M","375","Rotenone",0.0915149410347989
"M","375","Rotenone",0.117618516582596
"M","375","Rotenone",0.086467372229868
"M","375","Rotenone",0.115981787197923
"M","375","Rotenone",0.0942878184872204
"M","375","Rotenone",0.111444238960952
"M","375","Rotenone",0.11587441378063
"M","375","Rotenone",0.102253430862389
"M","375","Rotenone",0.117340800016936
"M","375","Rotenone",0.0975798643424907
"M","375","Rotenone",0.101538919740054
"M","375","Rotenone",0.121879752109718
"M","375","Rotenone",0.0795533480743973
"M","375","Rotenone",0.104946646169383
"M","375","Rotenone",0.106188347162842
"M","375","Rotenone",0.106637243733751
"M","375","Rotenone",0.0974006761247139
"M","375","Rotenone",0.133117250621537
"M","375","Rotenone",0.125704088808571
"M","375","Rotenone",0.113095401490557
"M","375","Rotenone",0.141783400661345
"M","375","Rotenone",0.145032875631018
"M","375","Rotenone",0.111111042980888
"M","375","Rotenone",0.0888088282697843
"M","375","Rotenone",0.115727850445361
"M","375","Rotenone",0.0938545555732135
"M","375","Rotenone",0.0882866404542067
"M","375","Rotenone",0.1016779858418
"M","375","Rotenone",0.0994421931799186
"M","375","Rotenone",0.100191794664647
"M","375","Rotenone",0.0727889114605923
"M","375","Rotenone",0.102248012982698
"M","375","Rotenone",0.0728340367755967
"M","375","Rotenone",0.0901167494189158
"M","375","Rotenone",0.122160093725481
"M","375","Rotenone",0.127253615746817
"M","375","Rotenone",0.0915645843334446
"M","375","Rotenone",0.122270140176552
"M","375","Rotenone",0.1305832439689
"M","375","Rotenone",0.0973142818058792
"M","375","Rotenone",0.108763176735181
"M","375","Rotenone",0.109014259932376
"M","375","Rotenone",0.130521820247299
"M","375","Rotenone",0.125136480905898
"M","375","Rotenone",0.112808955405335
"M","375","Rotenone",0.0968461378911606
"M","375","Rotenone",0.0811187204215066
"M","375","Rotenone",0.0720209537853368
"M","375","Rotenone",0.131246330839473
"M","375","Rotenone",0.11044480790686
"M","375","Rotenone",0.122472292747054
"M","375","Rotenone",0.0889176011634778
"M","375","Rotenone",0.0801827000159387
"M","375","Rotenone",0.117872271782569
"M","375","Rotenone",0.117842997672065
"M","375","Rotenone",0.111099001714267
"M","375","Rotenone",0.137565257709936
"M","375","Rotenone",0.0962424563510855
"M","375","Rotenone",0.121942682972097
"M","375","Rotenone",0.0674799423353851
"M","375","Rotenone",0.133146006930134
"M","375","Rotenone",0.0905053176954599
"M","375","Rotenone",0.0934185842557887
"M","375","Rotenone",0.0945921385578367
"M","375","Rotenone",0.122878282136499
"M","375","Rotenone",0.108976146088499
"M","375","Rotenone",0.126106238862802
"M","375","Rotenone",0.128261474019515
"M","375","Rotenone",0.106771710952969
"M","375","Rotenone",0.0861409234562471
"M","375","Rotenone",0.095392501822916
"M","375","Rotenone",0.110692034299497
"M","375","Rotenone",0.113806368014044
"M","375","Rotenone",0.104375332263256
"M","375","Rotenone",0.124864137882828
"M","375","Rotenone",0.124937905250869
"M","375","Rotenone",0.1365980063765
"M","375","Rotenone",0.12255598332143
"M","375","Rotenone",0.1185760565847
"M","375","Rotenone",0.12832081660019
"M","375","Rotenone",0.108160450125023
"M","375","Rotenone",0.0923611267114203
"M","375","Rotenone",0.0798148134445215
"M","375","Rotenone",0.112697508587949
"M","375","Rotenone",0.112545225159815
"M","375","Rotenone",0.102528304975913
"M","375","Rotenone",0.11813416201036
"M","375","Rotenone",0.14921864276835
"M","375","Rotenone",0.114651190431304
"M","375","Rotenone",0.0889304018797741
"M","375","Rotenone",0.0802977531824
"M","375","Rotenone",0.102503380054115
"M","375","Rotenone",0.0840649620542863
"M","375","Rotenone",0.109750673099506
"M","375","Rotenone",0.112284312750215
"M","375","Rotenone",0.0883009276552121
"M","375","Rotenone",0.100105200953873
"M","375","Rotenone",0.130452967393622
"M","375","Rotenone",0.087751471422033
"M","375","Rotenone",0.105927266013007
"M","375","Rotenone",0.0817142361976845
"M","375","Rotenone",0.125955695165744
"M","375","Rotenone",0.103976188352146
"M","375","Rotenone",0.129769457039934
"M","375","Rotenone",0.0730421243546533
"M","375","Rotenone",0.102073236013903
"M","375","Rotenone",0.118606932583982
"M","375","Rotenone",0.132975394536731
"M","375","Rotenone",0.10511689670758
"M","375","Rotenone",0.088623250241985
"M","375","Rotenone",0.108828195072153
"M","375","Rotenone",0.119684899409165
"M","375","Rotenone",0.0876428942570519
"M","375","Rotenone",0.120563997500906
"M","375","Rotenone",0.118865547050043
"M","375","Rotenone",0.106623524457244
"M","375","Rotenone",0.139905420242299
"M","375","Rotenone",0.104902445235992
"M","375","Rotenone",0.112754487768822
"M","375","Rotenone",0.130872619311984
"M","375","Rotenone",0.111150557496099
"M","375","Rotenone",0.116436608950227
"M","375","Rotenone",0.0927254465201581
"M","375","Rotenone",0.122947462588128
"M","375","Rotenone",0.109635801525572
"M","375","Rotenone",0.0723045333783079
"M","375","Rotenone",0.0741265384587552
"M","375","Rotenone",0.0730486496742517
"M","375","Rotenone",0.0974820598496455
"M","375","Rotenone",0.10190771316356
"M","375","Rotenone",0.114054322329907
"M","375","Rotenone",0.132034479113068
"M","375","Rotenone",0.121092289037965
"M","375","Rotenone",0.133035023757772
"M","375","Rotenone",0.119496762567304
"M","375","Rotenone",0.129056120076135
"M","375","Rotenone",0.128132361369837
"M","375","Rotenone",0.102867263925356
"M","375","Rotenone",0.0985985225632467
"M","375","Rotenone",0.114357366318288
"M","375","Rotenone",0.0989526227690938
"M","375","Rotenone",0.0787052447663471
"M","375","Rotenone",0.0828194979187946
"M","375","Rotenone",0.0956292001537704
"M","375","Rotenone",0.123456366163754
"M","375","Rotenone",0.074678773155934
"M","375","Rotenone",0.0894319408681453
"M","375","Rotenone",0.0897675922629362
"M","375","Rotenone",0.0765608974237811
"M","375","Rotenone",0.132534405359475
"M","375","Rotenone",0.113348495985974
"M","375","Rotenone",0.0800368054939689
"M","375","Rotenone",0.0841465633797833
"M","375","Rotenone",0.141030473344052
"M","375","Rotenone",0.091880175829011
"M","375","Rotenone",0.0941779269197743
"M","375","Rotenone",0.12044057035749
"M","375","Rotenone",0.100680035143258
"M","375","Rotenone",0.0946188530934003
"M","375","Rotenone",0.110675758182545
"M","375","Rotenone",0.124122404662916
"M","375","Rotenone",0.127491399904471
"M","375","Rotenone",0.0696412416360159
"M","375","Rotenone",0.100769844777663
"M","375","Rotenone",0.133566560858825
"M","375","Rotenone",0.0989365396991951
"M","375","Rotenone",0.0976958340108136
"M","375","Rotenone",0.0825159569634819
"M","375","Rotenone",0.117009093690034
"M","375","Rotenone",0.111002861259134
"M","375","Rotenone",0.0899235576953756
"M","375","Rotenone",0.107987593205844
"M","375","Rotenone",0.11558349402004
"M","375","Rotenone",0.127968903712161
"M","375","Rotenone",0.130055893019969
"M","375","Rotenone",0.115173716862532
"M","375","Rotenone",0.0754335155616662
"M","375","Rotenone",0.108145670465772
"M","375","Rotenone",0.109419168761906
"M","375","Rotenone",0.11313766760374
"M","375","Rotenone",0.0909158640794356
"M","375","Rotenone",0.125477985698673
"M","375","Rotenone",0.102433690862872
"M","375","Rotenone",0.120391726973643
"M","375","Rotenone",0.117523876307522
"M","375","Rotenone",0.120294770367071
"M","375","Rotenone",0.113396979559852
"M","375","Rotenone",0.0838041023946027
"M","375","Rotenone",0.116101976776795
"M","375","Rotenone",0.0767095646195251
"M","375","Rotenone",0.0923502763940183
"M","375","Rotenone",0.105065099755521
"M","375","Rotenone",0.109012727582375
"M","375","Rotenone",0.104232049231517
"M","375","Rotenone",0.0863711637128502
"M","375","Rotenone",0.101457343662325
"M","375","Rotenone",0.125153688564132
"M","375","Rotenone",0.12315360160913
"M","375","Rotenone",0.134706138200165
"M","375","Rotenone",0.100229754635629
"M","375","Rotenone",0.0877308163383858
"M","375","Rotenone",0.10478583893169
"M","375","Rotenone",0.0729014181567654
"M","375","Rotenone",0.1128188773859
"M","375","Rotenone",0.11266813191858
"M","375","Rotenone",0.101192887045643
"M","375","Rotenone",0.103838973996962
"M","375","Rotenone",0.100828807287927
"M","375","Rotenone",0.0973645417081308
"M","375","Rotenone",0.0760183596121083
"M","375","Rotenone",0.0936041612308078
"M","375","Rotenone",0.117254127510889
"M","375","Rotenone",0.0909086736039768
"M","375","Rotenone",0.0690842376132592
"M","375","Rotenone",0.0977610548976512
"M","375","Rotenone",0.110242843467094
"M","375","Rotenone",0.0828040204093484
"M","375","Rotenone",0.0786446513941687
"M","375","Rotenone",0.0907192007602572
"M","375","Rotenone",0.120373112771354
"M","375","Rotenone",0.115640706348604
"M","375","Rotenone",0.106070168493254
"M","375","Rotenone",0.115328524074439
"M","375","Rotenone",0.0991500843926796
"M","375","Rotenone",0.10312644963516
"M","375","Rotenone",0.126979428053883
"M","375","Rotenone",0.100756255205262
"M","375","Rotenone",0.0850627883843527
"M","375","Rotenone",0.0788825768053695
"M","375","Rotenone",0.110899011994493
"M","375","Rotenone",0.107180260702083
"M","375","Rotenone",0.0665439002844066
"M","375","Rotenone",0.131981681639485
"M","375","Rotenone",0.0922843617354944
"M","375","Rotenone",0.122302731451264
"M","375","Rotenone",0.0983735519682096
"M","375","Rotenone",0.109840922700904
"M","375","Rotenone",0.120211471889105
"M","375","Rotenone",0.116252640507683
"M","375","Rotenone",0.114578849169948
"M","375","Rotenone",0.109113545062696
"M","375","Rotenone",0.122771152248596
"M","375","Rotenone",0.0860463345529354
"M","375","Rotenone",0.139186105406248
"M","375","Rotenone",0.09916768437319
"M","375","Rotenone",0.110547978516817
"M","375","Rotenone",0.0871118489806217
"M","375","Rotenone",0.0951966588481725
"M","375","Rotenone",0.0975223974746173
"M","375","Rotenone",0.0798406851294034
"M","375","Rotenone",0.119769136210463
"M","375","Rotenone",0.101920240150224
"M","375","Rotenone",0.0895717627627334
"M","375","Rotenone",0.116543573535558
"M","375","Rotenone",0.126031893272295
"M","375","Rotenone",0.100689963297237
"M","375","Rotenone",0.117758358456664
"M","375","Rotenone",0.0866523484529341
"M","375","Rotenone",0.107677623714567
"M","375","Rotenone",0.0971495634842138
"M","375","Rotenone",0.113627195317956
"M","375","Rotenone",0.0894552216591111
"M","Ore","Control",0.120638401083438
"M","Ore","Control",0.134348447792947
"M","Ore","Control",0.0864275366563294
"M","Ore","Control",0.12223268863541
"M","Ore","Control",0.121941159923946
"M","Ore","Control",0.113510032157106
"M","Ore","Control",0.110382710735236
"M","Ore","Control",0.113374315527475
"M","Ore","Control",0.0896823276460268
"M","Ore","Control",0.0821206016232156
"M","Ore","Control",0.124081998336897
"M","Ore","Control",0.119823090506282
"M","Ore","Control",0.124847350740474
"M","Ore","Control",0.103027798166411
"M","Ore","Control",0.123789240050131
"M","Ore","Control",0.0957103695535146
"M","Ore","Control",0.10008300102885
"M","Ore","Control",0.12649925319432
"M","Ore","Control",0.134811305389701
"M","Ore","Control",0.124409387002399
"M","Ore","Control",0.12774989079435
"M","Ore","Control",0.126028725757869
"M","Ore","Control",0.1189951852349
"M","Ore","Control",0.132127787310023
"M","Ore","Control",0.114512616065948
"M","Ore","Control",0.126618723670368
"M","Ore","Control",0.120730380908483
"M","Ore","Control",0.123202925315635
"M","Ore","Control",0.11346092236771
"M","Ore","Control",0.0907998377604911
"M","Ore","Control",0.113093365974484
"M","Ore","Control",0.11122609028811
"M","Ore","Control",0.120142012260987
"M","Ore","Control",0.0848678814716928
"M","Ore","Control",0.0930376278068136
"M","Ore","Control",0.117580138292576
"M","Ore","Control",0.103260643839272
"M","Ore","Control",0.117108239722734
"M","Ore","Control",0.117739498112423
"M","Ore","Control",0.0850106123363932
"M","Ore","Control",0.120487918192612
"M","Ore","Control",0.113817982380591
"M","Ore","Control",0.132203935587247
"M","Ore","Control",0.128674382229924
"M","Ore","Control",0.115498892182108
"M","Ore","Control",0.0896243034335946
"M","Ore","Control",0.0956911730979989
"M","Ore","Control",0.114496648678752
"M","Ore","Control",0.119513255165787
"M","Ore","Control",0.0999833905614772
"M","Ore","Control",0.109991075605138
"M","Ore","Control",0.124258292256902
"M","Ore","Control",0.124151243738794
"M","Ore","Control",0.104779941879249
"M","Ore","Control",0.108854278279657
"M","Ore","Control",0.0904364296380653
"M","Ore","Control",0.100322092724426
"M","Ore","Control",0.116250156781829
"M","Ore","Control",0.0975911327785902
"M","Ore","Control",0.0898915724011842
"M","Ore","Control",0.12473897027027
"M","Ore","Control",0.097100604529303
"M","Ore","Control",0.117786027020908
"M","Ore","Control",0.101066882066095
"M","Ore","Control",0.104163763494337
"M","Ore","Control",0.122582183580663
"M","Ore","Control",0.104809189896308
"M","Ore","Control",0.115891207795665
"M","Ore","Control",0.0919447663738396
"M","Ore","Control",0.121403958595215
"M","Ore","Control",0.104056522808499
"M","Ore","Control",0.122086363965644
"M","Ore","Control",0.0991192897890431
"M","Ore","Control",0.117093313522434
"M","Ore","Control",0.111898266645107
"M","Ore","Control",0.0953158733492638
"M","Ore","Control",0.12909870310376
"M","Ore","Control",0.116151973053233
"M","Ore","Control",0.119736892685232
"M","Ore","Control",0.10771370968543
"M","Ore","Control",0.0895646970343482
"M","Ore","Control",0.0907719365957653
"M","Ore","Control",0.0982622348312141
"M","Ore","Control",0.125480176591397
"M","Ore","Control",0.110309254688303
"M","Ore","Control",0.12005534285365
"M","Ore","Control",0.12905671894965
"M","Ore","Control",0.0998568792641248
"M","Ore","Control",0.111776368345948
"M","Ore","Control",0.122940288310144
"M","Ore","Control",0.123724759410183
"M","Ore","Control",0.138394256714097
"M","Ore","Control",0.143517962822175
"M","Ore","Control",0.110999782014707
"M","Ore","Control",0.10012905341213
"M","Ore","Control",0.121033643536021
"M","Ore","Control",0.116319989139626
"M","Ore","Control",0.111148296917659
"M","Ore","Control",0.144671602090108
"M","Ore","Control",0.1457709125409
"M","Ore","Control",0.116879846962785
"M","Ore","Control",0.0932158494931518
"M","Ore","Control",0.134602449713049
"M","Ore","Control",0.106119046692695
"M","Ore","Control",0.114130220115741
"M","Ore","Control",0.119399892551304
"M","Ore","Control",0.115254725058815
"M","Ore","Control",0.0956829082787343
"M","Ore","Control",0.124402511234372
"M","Ore","Control",0.114307998130813
"M","Ore","Control",0.116985957486945
"M","Ore","Control",0.115112664007807
"M","Ore","Control",0.119577911387549
"M","Ore","Control",0.115024327423047
"M","Ore","Control",0.0976462063148051
"M","Ore","Control",0.104543596392957
"M","Ore","Control",0.112006963433977
"M","Ore","Control",0.106972279265282
"M","Ore","Control",0.129257277642391
"M","Ore","Control",0.121499638896617
"M","Ore","Control",0.138034972066931
"M","Ore","Control",0.122524663344005
"M","Ore","Control",0.0921524302685495
"M","Ore","Control",0.0897329136113575
"M","Ore","Control",0.119966905106895
"M","Ore","Control",0.126995502740226
"M","Ore","Control",0.113388221815271
"M","Ore","Control",0.121204045508268
"M","Ore","Control",0.126717611459019
"M","Ore","Control",0.120125055754817
"M","Ore","Control",0.101488758038784
"M","Ore","Control",0.131026377666082
"M","Ore","Control",0.125035574399408
"M","Ore","Control",0.107417636285808
"M","Ore","Control",0.120901591240367
"M","Ore","Control",0.0811952396585122
"M","Ore","Control",0.12541822057051
"M","Ore","Control",0.106625457560281
"M","Ore","Control",0.123304177535432
"M","Ore","Control",0.12886504050293
"M","Ore","Control",0.121845854871115
"M","Ore","Control",0.100098029029675
"M","Ore","Control",0.0926618623448548
"M","Ore","Control",0.111232875463735
"M","Ore","Control",0.122070977582109
"M","Ore","Control",0.101125161056673
"M","Ore","Control",0.108013568956279
"M","Ore","Control",0.119493484174552
"M","Ore","Control",0.104980389960602
"M","Ore","Control",0.106787989753228
"M","Ore","Control",0.088841955101273
"M","Ore","Control",0.103660482394691
"M","Ore","Control",0.105981229271825
"M","Ore","Control",0.0991929192980854
"M","Ore","Control",0.121130523869017
"M","Ore","Control",0.12427363266962
"M","Ore","Control",0.131947705550365
"M","Ore","Control",0.084518837884428
"M","Ore","Control",0.130990494495742
"M","Ore","Control",0.145531113107225
"M","Ore","Control",0.117089243593266
"M","Ore","Control",0.125551269156199
"M","Ore","Control",0.123050897556339
"M","Ore","Control",0.11761257233584
"M","Ore","Control",0.117758410231244
"M","Ore","Control",0.0847787476285785
"M","Ore","Control",0.118126603908837
"M","Ore","Control",0.106422730748101
"M","Ore","Control",0.104826711276666
"M","Ore","Control",0.128930600054762
"M","Ore","Control",0.0957570805138788
"M","Ore","Control",0.123104581152024
"M","Ore","Control",0.132882234089174
"M","Ore","Control",0.103004106423184
"M","Ore","Control",0.106573642005628
"M","Ore","Control",0.102887090644783
"M","Ore","Control",0.105608607232034
"M","Ore","Control",0.130670152240786
"M","Ore","Control",0.12491837347855
"M","Ore","Control",0.0876093467153855
"M","Ore","Control",0.12868326201643
"M","Ore","Control",0.110413693506134
"M","Ore","Control",0.109686560048859
"M","Ore","Control",0.10541709687418
"M","Ore","Control",0.11755224611063
"M","Ore","Control",0.112549824041957
"M","Ore","Control",0.118425578376169
"M","Ore","Control",0.0998744591262903
"M","Ore","Control",0.122978625433993
"M","Ore","Control",0.121338967566041
"M","Ore","Control",0.128220096704381
"M","Ore","Control",0.0947741758686593
"M","Ore","Control",0.0963966321918742
"M","Ore","Control",0.0953792812812148
"M","Ore","Control",0.0884612078108917
"M","Ore","Control",0.104128173651467
"M","Ore","Control",0.116623568830206
"M","Ore","Control",0.12131236815254
"M","Ore","Control",0.142352744838475
"M","Ore","Control",0.110231118632494
"M","Ore","Control",0.111864459613323
"M","Ore","Control",0.12346512711474
"M","Ore","Control",0.089174447976046
"M","Ore","Control",0.128436547206034
"M","Ore","Control",0.115790958928083
"M","Ore","Control",0.120300235690426
"M","Ore","Control",0.121364845339104
"M","Ore","Control",0.115267600293941
"M","Ore","Control",0.128781075686348
"M","Ore","Control",0.125345192271598
"M","Ore","Control",0.128661056567755
"M","Ore","Control",0.120609044496927
"M","Ore","Control",0.13087695996406
"M","Ore","Control",0.133525139552492
"M","Ore","Control",0.110335145756794
"M","Ore","Control",0.134307500733151
"M","Ore","Control",0.0994856450351849
"M","Ore","Control",0.106240160606826
"M","Ore","Control",0.120641479274351
"M","Ore","Control",0.125600917854688
"M","Ore","Control",0.105539064919428
"M","Ore","Control",0.122452949092146
"M","Ore","Control",0.107329902458211
"M","Ore","Control",0.128322287685286
"M","Ore","Control",0.125466311535915
"M","Ore","Control",0.146957495999499
"M","Ore","Control",0.115080856452587
"M","Ore","Control",0.105074889052084
"M","Ore","Control",0.121897418850459
"M","Ore","Control",0.145374678756549
"M","Ore","Control",0.111229853447327
"M","Ore","Control",0.113839126393835
"M","Ore","Control",0.113099613314423
"M","Ore","Control",0.102777525750292
"M","Ore","Control",0.125605925250971
"M","Ore","Control",0.104866501976165
"M","Ore","Control",0.123484899895125
"M","Ore","Control",0.147879222610164
"M","Ore","Control",0.140170164284176
"M","Ore","Control",0.132513517559565
"M","Ore","Control",0.116365854471589
"M","Ore","Control",0.104525000500115
"M","Ore","Control",0.107985443225128
"M","Ore","Control",0.112081242142105
"M","Ore","Control",0.128076561945221
"M","Ore","Control",0.139396044385298
"M","Ore","Control",0.105628405944706
"M","Ore","Control",0.113007883152541
"M","Ore","Control",0.148389725928569
"M","Ore","Control",0.135927672360477
"M","Ore","Control",0.089825887285801
"M","Ore","Control",0.106192153665682
"M","Ore","Control",0.134955983139695
"M","Ore","Control",0.106282128744859
"M","Ore","Control",0.103038147831631
"M","Ore","Control",0.101936120544979
"M","Ore","Control",0.139614485451962
"M","Ore","Control",0.104069095642969
"M","Ore","Control",0.106077886230074
"M","Ore","Control",0.107359135573945
"M","Ore","Control",0.123788800132702
"M","Ore","Control",0.119410959128997
"M","Ore","Control",0.118745839031321
"M","Ore","Control",0.106664398893311
"M","Ore","Control",0.120237153959062
"M","Ore","Control",0.128720190350263
"M","Ore","Control",0.125084407765221
"M","Ore","Control",0.125136686029613
"M","Ore","Control",0.106511178289032
"M","Ore","Control",0.112992254364551
"M","Ore","Control",0.122317752190874
"M","Ore","Control",0.143675783877723
"M","Ore","Control",0.134288991361468
"M","Ore","Control",0.112741233743804
"M","Ore","Control",0.0657234082347202
"M","Ore","Control",0.105640281069032
"M","Ore","Control",0.11106767424904
"M","Ore","Control",0.12303838001432
"M","Ore","Control",0.122549296480605
"M","Ore","Control",0.118032104857986
"M","Ore","Control",0.132545622570372
"M","Ore","Control",0.149436667935252
"M","Ore","Control",0.104079685898169
"M","Ore","Control",0.0866433969439146
"M","Ore","Control",0.130101141857174
"M","Ore","Control",0.1148070969174
"M","Ore","Control",0.110229854387001
"M","Ore","Control",0.132677060944203
"M","Ore","Control",0.123686032139427
"M","Ore","Control",0.139450003791176
"M","Ore","Control",0.10314343839413
"M","Ore","Control",0.133064160343183
"M","Ore","Control",0.114072889880657
"M","Ore","Control",0.112801977357359
"M","Ore","Control",0.117179915256521
"M","Ore","Control",0.10998484446264
"M","Ore","Control",0.14602854552861
"M","Ore","Control",0.112934896249765
"M","Ore","Control",0.112618171580341
"M","Ore","Control",0.0795435991837393
"M","Ore","Control",0.108067249815257
"M","Ore","Control",0.109343921675642
"M","Ore","Control",0.100789772748457
"M","Ore","Control",0.118216000441677
"M","Ore","Control",0.126638155915462
"M","Ore","Control",0.103417317558171
"M","Ore","Control",0.111669526271632
"M","Ore","Control",0.114215592598828
"M","Ore","Control",0.113369137592239
"M","Ore","Control",0.116854628591614
"M","Ore","Control",0.12913089678776
"M","Ore","Control",0.139947406365763
"M","Ore","Control",0.119470343084473
"M","Ore","Control",0.135999123771176
"M","Ore","Control",0.108035281933518
"M","Ore","Control",0.129108112534809
"M","Ore","Control",0.127957557397097
"M","Ore","Control",0.124133732375512
"M","Ore","Control",0.137638276426151
"M","Ore","Control",0.130326358654322
"M","Ore","Control",0.103444634718213
"M","Ore","Control",0.130346523092876
"M","Ore","Control",0.0922438404319058
"M","Ore","Control",0.119115394905521
"M","Ore","Control",0.120184931090006
"M","Ore","Control",0.11385034329882
"M","Ore","Control",0.11735227500824
"M","Ore","Control",0.117407562992183
"M","Ore","Control",0.145214757852408
"M","Ore","Control",0.105382223993442
"M","Ore","Control",0.124816086184424
"M","Ore","Control",0.109854755276646
"M","Ore","Control",0.119454671215491
"M","Ore","Control",0.124930306582452
"M","Ore","Control",0.116838988608972
"M","Ore","Control",0.152886291502678
"M","Ore","Control",0.124112937279397
"M","Ore","Control",0.117739227993405
"M","Ore","Control",0.120081463766936
"M","Ore","Control",0.139120770653489
"M","Ore","Control",0.138466852012941
"M","Ore","Control",0.127700551249291
"M","Ore","Control",0.104755647518578
"M","Ore","Control",0.144237961955726
"M","Ore","Control",0.104978224312452
"M","Ore","Control",0.12279360169792
"M","Ore","Control",0.122548572595101
"M","Ore","Control",0.0997440786208553
"M","Ore","Control",0.10653587805622
"M","Ore","Control",0.101933462043805
"M","Ore","Control",0.139078831867042
"M","Ore","Control",0.11601115384826
"M","Ore","Control",0.0988874084184763
"M","Ore","Control",0.104895197502801
"M","Ore","Control",0.125950528555838
"M","Ore","Control",0.140401808524175
"M","Ore","Control",0.130239509857786
"M","Ore","Control",0.101809311773028
"M","Ore","Control",0.124893845501187
"M","Ore","Control",0.101274467454734
"M","Ore","Control",0.102055935505513
"M","Ore","Control",0.130543335579404
"M","Ore","Control",0.12446421975413
"M","Ore","Control",0.121774052032777
"M","Ore","Control",0.117245280703313
"M","Ore","Control",0.0974124119085103
"M","Ore","Control",0.103055076614116
"M","Ore","Control",0.092708453888322
"M","Ore","Control",0.108233278274117
"M","Ore","Control",0.113792017982577
"M","Ore","Control",0.106731845496297
"M","Ore","Control",0.107705703880401
"M","Ore","Control",0.0973163397321894
"M","Ore","Control",0.100490995158527
"M","Ore","Control",0.109685116434169
"M","Ore","Control",0.131953976339053
"M","Ore","Control",0.101675213091659
"M","Ore","Control",0.0935369532927962
"M","Ore","Control",0.136699389659693
"M","Ore","Control",0.125588693520217
"M","Ore","Control",0.129785218901162
"M","Ore","Control",0.115147113300131
"M","Ore","Control",0.134425105748133
"M","Ore","Control",0.113719534111544
"M","Ore","Control",0.139210658181151
"M","Ore","Control",0.101493205706446
"M","Ore","Control",0.113434187245495
"M","Ore","Control",0.0914682444456737
"M","Ore","Control",0.0962314882793165
"M","Ore","Control",0.153750045220598
"M","Ore","Control",0.120358173367256
"M","Ore","Control",0.110106985852889
"M","Ore","Control",0.133674148202785
"M","Ore","Control",0.120837525672151
"M","Ore","Control",0.112721529052402
"M","Ore","Control",0.12665401259442
"M","Ore","Control",0.123950233672476
"M","Ore","Control",0.11006627589807
"M","Ore","Control",0.125712604645106
"M","Ore","Control",0.122997891092883
"M","Ore","Control",0.114765990744448
"M","Ore","Control",0.133827510190009
"M","Ore","Control",0.103856799784018
"M","Ore","Control",0.102983464342193
"M","Ore","Control",0.108588927639638
"M","Ore","Control",0.1051636819791
"M","Ore","Control",0.12280738278349
"M","Ore","Control",0.125598401234478
"M","Ore","Control",0.128876931303412
"M","Ore","Control",0.111564957885881
"M","Ore","Control",0.135628949512686
"M","Ore","Control",0.0851465111593498
"M","Ore","Control",0.0964908450078538
"M","Ore","Control",0.129409309011677
"M","Ore","Control",0.122412443126886
"M","Ore","Control",0.10313695322068
"M","Ore","Control",0.104579392693268
"M","Ore","Control",0.119290674880735
"M","Ore","Control",0.135620384965082
"M","Ore","Control",0.108068777738608
"M","Ore","Control",0.112174387177014
"M","Ore","Control",0.129828618208764
"M","Ore","Control",0.103364803924991
"M","Ore","Control",0.11618627420159
"M","Ore","Control",0.109192629510471
"M","Ore","Control",0.117726331299146
"M","Ore","Control",0.103903181652305
"M","Ore","Control",0.143276536227098
"M","Ore","Control",0.0649300220970206
"M","Ore","Control",0.117525481586962
"M","Ore","Control",0.107837385516397
"M","Ore","Control",0.0866891189838143
"M","Ore","Control",0.096696735421892
"M","Ore","Control",0.121110051584472
"M","Ore","Control",0.134488231888887
"M","Ore","Control",0.142010939908891
"M","Ore","Control",0.088457732008015
"M","Ore","Control",0.10038139099879
"M","Ore","Control",0.114674528160911
"M","Ore","Control",0.125590173207865
"M","Ore","Control",0.111162266454788
"M","Ore","Control",0.110843535580692
"M","Ore","Control",0.089468933635005
"M","Ore","Control",0.133950113883586
"M","Ore","Control",0.128542189531136
"M","Ore","Control",0.110400892868164
"M","Ore","Control",0.123102274902549
"M","Ore","Control",0.109514346988095
"M","Ore","Control",0.13676620771565
"M","Ore","Control",0.10809589936016
"M","Ore","Control",0.093739444905101
"M","Ore","Control",0.110716702796367
"M","Ore","Control",0.110994159024961
"M","Ore","Control",0.113233927502789
"M","Ore","Control",0.0921592305408652
"M","Ore","Control",0.116204115412287
"M","Ore","Control",0.0974689269700247
"M","Ore","Control",0.134694753591599
"M","Ore","Control",0.127369307397867
"M","Ore","Control",0.13588761961405
"M","Ore","Control",0.114548407323986
"M","Ore","Control",0.110977463432004
"M","Ore","Control",0.118815925357976
"M","Ore","Control",0.104793566006349
"M","Ore","Control",0.12229392854976
"M","Ore","Control",0.0962244741694193
"M","Ore","Control",0.105845041090378
"M","Ore","Control",0.0886884412080623
"M","Ore","Control",0.111279767842497
"M","Ore","Control",0.119826639846529
"M","Ore","Control",0.118595890279985
"M","Ore","Control",0.130105241781661
"M","Ore","Control",0.112639020159079
"M","Ore","Control",0.136842505610828
"M","Ore","Control",0.14003179314154
"M","Ore","Control",0.108417974297235
"M","Ore","Control",0.09223352284198
"M","Ore","Control",0.0874472061090376
"M","Ore","Control",0.103215651948791
"M","Ore","Control",0.125487772567779
"M","Ore","Control",0.110470019773689
"M","Ore","Control",0.127652181812932
"M","Ore","Control",0.107468635622981
"M","Ore","Control",0.117162639195163
"M","Ore","Control",0.0983861118754519
"M","Ore","Control",0.121748362962135
"M","Ore","Control",0.142920978488432
"M","Ore","Control",0.115632802475581
"M","Ore","Control",0.113822347000768
"M","Ore","Control",0.121608227112643
"M","Ore","Control",0.123726349189264
"M","Ore","Control",0.104913194134909
"M","Ore","Control",0.138579872748551
"M","Ore","Control",0.110517388799464
"M","Ore","Control",0.122936981842802
"M","Ore","Control",0.108081657077499
"M","Ore","Control",0.119122730087069
"M","Ore","Control",0.0994632982742582
"M","Ore","Control",0.101713884698542
"M","Ore","Control",0.100866952107235
"M","Ore","Control",0.0942081540446633
"M","Ore","Control",0.118127881451324
"M","Ore","Control",0.118605415790439
"M","Ore","Control",0.103569929305802
"M","Ore","Control",0.121379393344861
"M","Ore","Control",0.109607330382518
"M","Ore","Control",0.125122891327641
"M","Ore","Control",0.0833852572190349
"M","Ore","Control",0.137810591726995
"M","Ore","Control",0.122250419575899
"M","Ore","Control",0.110144824265347
"M","Ore","Control",0.102544613570658
"M","Ore","Control",0.120905938567738
"M","Ore","Control",0.129948431271085
"M","Ore","Control",0.101091508847117
"M","Ore","Control",0.135741148019461
"M","Ore","Control",0.10790963079237
"M","Ore","Control",0.126762678273666
"M","Ore","Control",0.119969278888893
"M","Ore","Control",0.098148682832655
"M","Ore","Control",0.107940283094807
"M","Ore","Control",0.134793575692384
"M","Ore","Control",0.123041252071148
"M","Ore","Control",0.101273045924564
"M","Ore","Control",0.107051347351081
"M","Ore","Control",0.112243485487908
"M","Ore","Control",0.0866102098133624
"M","Ore","Control",0.0925973942688612
"M","Ore","Control",0.131606163991407
"M","Ore","Control",0.125372973300853
"M","Ore","Control",0.0766520218469468
"M","Ore","Control",0.119619102040979
"M","Ore","Control",0.0839278694365714
"M","Ore","Control",0.126533819603614
"M","Ore","Control",0.102348673240669
"M","Ore","Control",0.0991138849441133
"M","Ore","Control",0.100218271708723
"M","Ore","Control",0.105550577696919
"M","Ore","Control",0.124376896471985
"M","Ore","Control",0.0888815515112991
"M","Ore","Control",0.131546649576037
"M","Ore","Control",0.1177955099311
"M","Ore","Control",0.110606033601578
"M","Ore","Control",0.132531895238322
"M","Ore","Control",0.0958163725983365
"M","Ore","Control",0.1232027942378
"M","Ore","Control",0.125036658991136
"M","Ore","Control",0.131498013634689
"M","Ore","Control",0.105116865189561
"M","Ore","Control",0.105917836604754
"M","Ore","Control",0.134787457006944
"M","Ore","Control",0.103665691547612
"M","Ore","Control",0.0938319207777609
"M","Ore","Control",0.123360441251712
"M","Ore","Control",0.141519799215672
"M","Ore","Control",0.0963504321188029
"M","Ore","Control",0.111649624869629
"M","Ore","Control",0.113705587489591
"M","Ore","Control",0.124423798912261
"M","Ore","Control",0.122466526967545
"M","Ore","Control",0.109796748766918
"M","Ore","Control",0.12085194757308
"M","Ore","Control",0.147895685132502
"M","Ore","Control",0.111663050098348
"M","Ore","Control",0.129247223878546
"M","Ore","Control",0.116761074557625
"M","Ore","Control",0.115573932898077
"M","Ore","Control",0.116208045544226
"M","Ore","Control",0.0929884303943509
"M","Ore","Control",0.105942751484392
"M","Ore","Control",0.102127335636067
"M","Ore","Control",0.114515400861002
"M","Ore","Control",0.126895094596122
"M","Ore","Control",0.11334293662785
"M","Ore","Control",0.108852612751211
"M","Ore","Control",0.113120851520545
"M","Ore","Control",0.125757876758816
"M","Ore","Control",0.124418313565575
"M","Ore","Control",0.121766987495014
"M","Ore","Control",0.129788507810506
"M","Ore","Control",0.0810874038955846
"M","Ore","Control",0.104170721386734
"M","Ore","Control",0.0698403566156702
"M","Ore","Control",0.12117640768993
"M","Ore","Control",0.128557741953634
"M","Ore","Control",0.0962877060793741
"M","Ore","Control",0.12126810011453
"M","Ore","Control",0.0932565861042729
"M","Ore","Control",0.113327995487566
"M","Ore","Control",0.0852187412937093
"M","Ore","Control",0.109457603219883
"M","Ore","Control",0.115242322387569
"M","Ore","Control",0.12057319763408
"M","Ore","Control",0.123670989899647
"M","Ore","Control",0.109967163054432
"M","Ore","Control",0.114939115616468
"M","Ore","Control",0.104536993296833
"M","Ore","Control",0.113407408264492
"M","Ore","Control",0.111599194091108
"M","Ore","Control",0.137092520266435
"M","Ore","Control",0.122288014822229
"M","Ore","Control",0.12008911119932
"M","Ore","Control",0.117610593740112
"M","Ore","Control",0.113227361721549
"M","Ore","Control",0.115460771101623
"M","Ore","Control",0.112443285679058
"M","Ore","Control",0.140243452501674
"M","Ore","Control",0.114604612918345
"M","Ore","Control",0.118285096186119
"M","Ore","Control",0.126833725866383
"M","Ore","Control",0.103681310736353
"M","Ore","Control",0.141231405616812
"M","Ore","Control",0.106688712723753
"M","Ore","Control",0.101994235106632
"M","Ore","Control",0.11152133862227
"M","Ore","Control",0.10614941470226
"M","Ore","Control",0.0952246389974054
"M","Ore","Control",0.0976770026350461
"M","Ore","Control",0.139769893089047
"M","Ore","Control",0.108242228657643
"M","Ore","Control",0.118818765085405
"M","Ore","Control",0.130939039592432
"M","Ore","Control",0.0955054635586743
"M","Ore","Control",0.115210263227048
"M","Ore","Control",0.114359914470746
"M","Ore","Control",0.129041686148531
"M","Ore","Control",0.109605121588662
"M","Ore","Control",0.112258380305036
"M","Ore","Control",0.128759246285206
"M","Ore","Control",0.141487064844353
"M","Ore","Control",0.105772022283032
"M","Ore","Control",0.128185925180372
"M","Ore","Control",0.108363813811185
"M","Ore","Control",0.132061868994264
"M","Ore","Control",0.122753200741428
"M","Ore","Control",0.116480387652094
"M","Ore","Control",0.111458360440137
"M","Ore","Control",0.105726656262022
"M","Ore","Control",0.111094827672502
"M","Ore","Control",0.111045033957675
"M","Ore","Control",0.12793629670408
"M","Ore","Control",0.114185061514329
"M","Ore","Control",0.0998174273054298
"M","Ore","Control",0.130800714249448
"M","Ore","Control",0.117623329916311
"M","Ore","Control",0.104419986420106
"M","Ore","Control",0.130049515311728
"M","Ore","Control",0.0961501282724549
"M","Ore","Control",0.0945873979585227
"M","Ore","Control",0.119963034406084
"M","Ore","Control",0.0826760227726874
"M","Ore","Control",0.0856060800576361
"M","Ore","Control",0.139979993461906
"M","Ore","Control",0.133493138001138
"M","Ore","Control",0.137784270082602
"M","Ore","Control",0.110453593478478
"M","Ore","Control",0.110436209355382
"M","Ore","Control",0.120819235092209
"M","Ore","Control",0.101987742437408
"M","Ore","Control",0.114809017128914
"M","Ore","Control",0.0950810408614919
"M","Ore","Control",0.0968901726742467
"M","Ore","Control",0.100747282023752
"M","Ore","Control",0.121321921734924
"M","Ore","Control",0.126348031468861
"M","Ore","Control",0.0988746816191123
"M","Ore","Control",0.128145232376917
"M","Ore","Control",0.0974002313619436
"M","Ore","Control",0.138528854948131
"M","Ore","Control",0.111197600827874
"M","Ore","Control",0.0997831941006977
"M","Ore","Control",0.134283526961272
"M","Ore","Control",0.117569591946376
"M","Ore","Control",0.124404974107133
"M","Ore","Control",0.104870173544346
"M","Ore","Control",0.124844065470193
"M","Ore","Control",0.102770901203992
"M","Ore","Control",0.129423208502963
"M","Ore","Control",0.137957445292047
"M","Ore","Control",0.118505678574132
"M","Ore","Control",0.129545621524712
"M","Ore","Control",0.120791884754871
"M","Ore","Control",0.134869456085068
"M","Ore","Control",0.109326180110938
"M","Ore","Control",0.121776945679031
"M","Ore","Control",0.112932827761533
"M","Ore","Control",0.125171932885956
"M","Ore","Control",0.133663197126134
"M","Ore","Control",0.115865791345595
"M","Ore","Control",0.123549461797202
"M","Ore","Control",0.101377040604465
"M","Ore","Control",0.109695825762753
"M","Ore","Control",0.103959684902204
"M","Ore","Control",0.0676469582712569
"M","Ore","Control",0.104808392117818
"M","Ore","Control",0.138682457984669
"M","Ore","Control",0.116359138433872
"M","Ore","Control",0.106006701292527
"M","Ore","Control",0.122731837986626
"M","Ore","Control",0.142167820744427
"M","Ore","Control",0.0843142809076317
"M","Ore","Control",0.122338025413109
"M","Ore","Control",0.101705344970622
"M","Ore","Control",0.100849809687776
"M","Ore","Control",0.115575357361269
"M","Ore","Control",0.111216542738932
"M","Ore","Control",0.146847766621238
"M","Ore","Control",0.106158530561897
"M","Ore","Control",0.116758029604314
"M","Ore","Control",0.127182875739534
"M","Ore","Control",0.118348801684444
"M","Ore","Control",0.107928439223866
"M","Ore","Control",0.0828051873682156
"M","Ore","Control",0.1413774881457
"M","Ore","Control",0.0983835089075526
"M","Ore","Control",0.122063120053094
"M","Ore","Control",0.10257253254095
"M","Ore","Control",0.121245596852483
"M","Ore","Control",0.090295885811647
"M","Ore","Control",0.130316635197297
"M","Ore","Control",0.128644440017813
"M","Ore","Control",0.114887467028336
"M","Ore","Control",0.115484209271305
"M","Ore","Control",0.103824212777666
"M","Ore","Control",0.138278712744774
"M","Ore","Control",0.141462572278832
"M","Ore","Control",0.11894617464467
"M","Ore","Control",0.116183617812286
"M","Ore","Control",0.0796166622079804
"M","Ore","Control",0.115839028848257
"M","Ore","Control",0.131985079349183
"M","Ore","Control",0.131786967331738
"M","Ore","Control",0.105608867949386
"M","Ore","Control",0.0809781149835253
"M","Ore","Control",0.101185794503839
"M","Ore","Control",0.116707609537001
"M","Ore","Control",0.107482860010252
"M","Ore","Control",0.106954033635073
"M","Ore","Control",0.13731345647932
"M","Ore","Control",0.126399648287925
"M","Ore","Control",0.135918129066761
"M","Ore","Control",0.109745742849178
"M","Ore","Control",0.0953040171394899
"M","Ore","Control",0.138247122524612
"M","Ore","Control",0.100899773522983
"M","Ore","Control",0.114642280208461
"M","Ore","Control",0.115601397290671
"M","Ore","Control",0.104038513668958
"M","Ore","Control",0.120176025757988
"M","Ore","Control",0.100679518787716
"M","Ore","Control",0.107568782359825
"M","Ore","Control",0.107570346250238
"M","Ore","Control",0.119387614881917
"M","Ore","Control",0.0997767479580803
"M","Ore","Control",0.119856998573167
"M","Ore","Control",0.122510442932465
"M","Ore","Control",0.108303367037643
"M","Ore","Control",0.121854556204143
"M","Ore","Control",0.123449027438058
"M","Ore","Control",0.121101784929596
"M","Ore","Control",0.13248885352741
"M","Ore","Control",0.0908023494207142
"M","Ore","Control",0.0840617353950107
"M","Ore","Control",0.115200549022005
"M","Ore","Control",0.0993548463620552
"M","Ore","Control",0.0710655389517344
"M","Ore","Control",0.124956884014299
"M","Ore","Control",0.116781330726572
"M","Ore","Control",0.11281910281066
"M","Ore","Control",0.0932743135920444
"M","Ore","Control",0.0922888233493935
"M","Ore","Control",0.129585727661586
"M","Ore","Control",0.118930289830245
"M","Ore","Control",0.120528786613009
"M","Ore","Control",0.109918504550307
"M","Ore","Control",0.112769900912719
"M","Ore","Control",0.131742092685126
"M","Ore","Control",0.120225846287871
"M","Ore","Control",0.125620210591617
"M","Ore","Control",0.130819569773989
"M","Ore","Control",0.134309182054971
"M","Ore","Control",0.0949514054123135
"M","Ore","Control",0.113424044784726
"M","Ore","Control",0.0981093928414757
"M","Ore","Control",0.101182062725161
"M","Ore","Control",0.110184143787977
"M","Ore","Control",0.122510346703502
"M","Ore","Control",0.133652018536565
"M","Ore","Control",0.134559955330437
"M","Ore","Control",0.106996698500669
"M","Ore","Control",0.109765395416092
"M","Ore","Control",0.070805825667109
"M","Ore","Control",0.129066403739079
"M","Ore","Control",0.106973440201396
"M","Ore","Control",0.104859102760783
"M","Ore","Control",0.106398508748718
"M","Ore","Control",0.11529692426815
"M","Ore","Control",0.12980171864602
"M","Ore","Control",0.139978649372959
"M","Ore","Control",0.100442322585391
"M","Ore","Control",0.109519522723631
"M","Ore","Control",0.108675314952875
"M","Ore","Control",0.119765354563399
"M","Ore","Control",0.132593710682881
"M","Ore","Control",0.116090285470806
"M","Ore","Control",0.111032976907769
"M","Ore","Control",0.114369597667843
"M","Ore","Control",0.0830088448567441
"M","Ore","Control",0.138713744326375
"M","Ore","Control",0.126580589500076
"M","Ore","Control",0.114120794060093
"M","Ore","Control",0.0986495325689352
"M","Ore","Control",0.103489953338186
"M","Ore","Control",0.109638779028347
"M","Ore","Control",0.0998540492068679
"M","Ore","Control",0.142853299494268
"M","Ore","Control",0.116870839352455
"M","Ore","Control",0.12855032565506
"M","Ore","Control",0.104636071935116
"M","Ore","Control",0.101733659694492
"M","Ore","Control",0.13980502750339
"M","Ore","Control",0.133390642524082
"M","Ore","Control",0.111129330768938
"M","Ore","Control",0.0989355863105929
"M","Ore","Control",0.118813845615863
"M","Ore","Control",0.107188363238417
"M","Ore","Control",0.107871647181925
"M","Ore","Control",0.129821234820656
"M","Ore","Control",0.11902512626627
"M","Ore","Control",0.118373924147086
"M","Ore","Control",0.0905496827123691
"M","Ore","Control",0.126378181694668
"M","Ore","Control",0.12194610036721
"M","Ore","Control",0.0976947865002474
"M","Ore","Control",0.111964689926308
"M","Ore","Control",0.0864459222365878
"M","Ore","Control",0.0973739845915403
"M","Ore","Control",0.114023200836666
"M","Ore","Control",0.0944658863505875
"M","Ore","Control",0.110569147468992
"M","Ore","Control",0.0965334517857053
"M","Ore","Control",0.110752106563024
"M","Ore","Control",0.115313993308501
"M","Ore","Control",0.117525532346886
"M","Ore","Control",0.115833975851305
"M","Ore","Control",0.108099357606984
"M","Ore","Control",0.088451812773536
"M","Ore","Control",0.131359691170765
"M","Ore","Control",0.119924414442445
"M","Ore","Control",0.12309528789776
"M","Ore","Control",0.117307320351312
"M","Ore","Control",0.104269108717832
"M","Ore","Control",0.11660319541629
"M","Ore","Control",0.122352953485511
"M","Ore","Control",0.112642093088488
"M","Ore","Control",0.100532922756218
"M","Ore","Control",0.103849714534441
"M","Ore","Control",0.119266424951689
"M","Ore","Control",0.127244675617767
"M","Ore","Control",0.108967350318048
"M","Ore","Control",0.119874437886074
"M","Ore","Control",0.0977263483028357
"M","Ore","Control",0.116878663943995
"M","Ore","Control",0.115548105829638
"M","Ore","Control",0.122869887584091
"M","Ore","Control",0.110411005404205
"M","Ore","Control",0.10721321792715
"M","Ore","Control",0.115164218540742
"M","Ore","Control",0.133915452563992
"M","Ore","Control",0.147897453511812
"M","Ore","Control",0.127235601747323
"M","Ore","Control",0.11632386845613
"M","Ore","Control",0.115928070247394
"M","Ore","Control",0.122941440924632
"M","Ore","Control",0.126213047940842
"M","Ore","Control",0.117953516663026
"M","Ore","Control",0.123587183523129
"M","Ore","Control",0.133765866079264
"M","Ore","Control",0.1129242764162
"M","Ore","Control",0.0930209916003392
"M","Ore","Control",0.114049042582439
"M","Ore","Control",0.125636437145786
"M","Ore","Control",0.0949000462712186
"M","Ore","Control",0.108458973997216
"M","Ore","Control",0.122279701370022
"M","Ore","Control",0.109291617108804
"M","Ore","Control",0.114367304998966
"M","Ore","Control",0.14390033926668
"M","Ore","Control",0.109868309410013
"M","Ore","Control",0.0909709673642411
"M","Ore","Control",0.131229207790203
"M","Ore","Control",0.102907334276646
"M","Ore","Control",0.113801359743993
"M","Ore","Control",0.130159953390228
"M","Ore","Control",0.122465439917355
"M","Ore","Control",0.109042173823301
"M","Ore","Control",0.130181636020052
"M","Ore","Control",0.127658147785663
"M","Ore","Control",0.108292334146151
"M","Ore","Control",0.0960501889559251
"M","Ore","Control",0.111365337708869
"M","Ore","Control",0.105803787666133
"M","Ore","Control",0.096873988253214
"M","Ore","Control",0.106589820435778
"M","Ore","Control",0.136979085697156
"M","Ore","Control",0.138636339182434
"M","Ore","Control",0.115448327857921
"M","Ore","Control",0.119090769313131
"M","Ore","Control",0.114593627193364
"M","Ore","Control",0.10387960073048
"M","Ore","Control",0.114878609654004
"M","Ore","Control",0.112218583273733
"M","Ore","Control",0.104455617209522
"M","Ore","Control",0.11693459759905
"M","Ore","Control",0.121748724616156
"M","Ore","Control",0.128954822018899
"M","Ore","Control",0.11243853959632
"M","Ore","Control",0.110423265318103
"M","Ore","Control",0.129631143963903
"M","Ore","Control",0.129590464215999
"M","Ore","Control",0.0905908361548172
"M","Ore","Control",0.109692871208186
"M","Ore","Control",0.102335956476224
"M","Ore","Control",0.103272742263496
"M","Ore","Control",0.113733187115037
"M","Ore","Control",0.130279946821716
"M","Ore","Control",0.117995863283384
"M","Ore","Control",0.111388718177699
"M","Ore","Control",0.140650739537388
"M","Ore","Control",0.0806651030246115
"M","Ore","Control",0.121158077420934
"M","Ore","Control",0.122651753910721
"M","Ore","Control",0.11075880719425
"M","Ore","Control",0.112534455432417
"M","Ore","Control",0.116175817665046
"M","Ore","Control",0.10396093279509
"M","Ore","Control",0.111708677728137
"M","Ore","Control",0.10190536459637
"M","Ore","Control",0.106546372129225
"M","Ore","Control",0.0906714281137078
"M","Ore","Control",0.12778956149485
"M","Ore","Control",0.115725648531965
"M","Ore","Control",0.116754869343033
"M","Ore","Control",0.0927933292898621
"M","Ore","Control",0.123698442766732
"M","Ore","Control",0.110002020234978
"M","Ore","Control",0.13727592344455
"M","Ore","Control",0.141645996790957
"M","Ore","Control",0.113413550311331
"M","Ore","Control",0.134650249874177
"M","Ore","Control",0.105044492174947
"M","Ore","Control",0.121781771197741
"M","Ore","Control",0.1035001956299
"M","Ore","Control",0.114612233540399
"M","Ore","Control",0.126184603618809
"M","Ore","Control",0.103004646594662
"M","Ore","Control",0.11828801947368
"M","Ore","Control",0.126761783756189
"M","Ore","Control",0.121059567916239
"M","Ore","Control",0.136244852667371
"M","Ore","Control",0.11504755578758
"M","Ore","Control",0.107551843764356
"M","Ore","Control",0.10462041958567
"M","Ore","Control",0.102383678053708
"M","Ore","Control",0.130225078189692
"M","Ore","Control",0.113767671373629
"M","Ore","Control",0.125475904630613
"M","Ore","Control",0.115732969686078
"M","Ore","Control",0.127512163525699
"M","Ore","Control",0.123283327347993
"M","Ore","Control",0.127540354595738
"M","Ore","Control",0.107687007273383
"M","Ore","Control",0.119351159467901
"M","Ore","Control",0.131574150707897
"M","Ore","Control",0.0834727386563654
"M","Ore","Control",0.131569338966288
"M","Ore","Control",0.127511233991782
"M","Ore","Control",0.126481234830552
"M","Ore","Control",0.116092983295396
"M","Ore","Control",0.117989529491567
"M","Ore","Control",0.106888431201707
"M","Ore","Control",0.133070104996948
"M","Ore","Control",0.0866362769317998
"M","Ore","Control",0.111477700164048
"M","Ore","Control",0.127959702843047
"M","Ore","Control",0.10551685618425
"M","Ore","Control",0.111898490895596
"M","Ore","Control",0.0872123783239777
"M","Ore","Control",0.122827167272671
"M","Ore","Control",0.121626285955579
"M","Ore","Control",0.112849063760767
"M","Ore","Control",0.117770408357958
"M","Ore","Control",0.0839415976673622
"M","Ore","Control",0.0984811494843243
"M","Ore","Control",0.11269268205214
"M","Ore","Control",0.124408712301191
"M","Ore","Control",0.0848563247614686
"M","Ore","Control",0.109488509074706
"M","Ore","Control",0.106346982078359
"M","Ore","Control",0.114412156230317
"M","Ore","Rotenone",0.191241811988431
"M","Ore","Rotenone",0.185237183365815
"M","Ore","Rotenone",0.14817400033287
"M","Ore","Rotenone",0.163218827533912
"M","Ore","Rotenone",0.157230214340896
"M","Ore","Rotenone",0.157595772037506
"M","Ore","Rotenone",0.189979078944511
"M","Ore","Rotenone",0.184871776668482
"M","Ore","Rotenone",0.148638903073617
"M","Ore","Rotenone",0.141036273286666
"M","Ore","Rotenone",0.194991446029363
"M","Ore","Rotenone",0.16054550436279
"M","Ore","Rotenone",0.150785339540734
"M","Ore","Rotenone",0.132632114007973
"M","Ore","Rotenone",0.141703481884016
"M","Ore","Rotenone",0.155382003953871
"M","Ore","Rotenone",0.198371323517326
"M","Ore","Rotenone",0.179099316014399
"M","Ore","Rotenone",0.167571915124544
"M","Ore","Rotenone",0.187115623669055
"M","Ore","Rotenone",0.164183837501331
"M","Ore","Rotenone",0.158280444351341
"M","Ore","Rotenone",0.165882122981784
"M","Ore","Rotenone",0.163319994486135
"M","Ore","Rotenone",0.137075148297553
"M","Ore","Rotenone",0.158684922984206
"M","Ore","Rotenone",0.177560096230771
"M","Ore","Rotenone",0.175044436416785
"M","Ore","Rotenone",0.203937663681785
"M","Ore","Rotenone",0.169601049898156
"M","Ore","Rotenone",0.156267717513107
"M","Ore","Rotenone",0.159864603598789
"M","Ore","Rotenone",0.177436803691093
"M","Ore","Rotenone",0.196840677554998
"M","Ore","Rotenone",0.19147158856301
"M","Ore","Rotenone",0.153452906876955
"M","Ore","Rotenone",0.180841083305697
"M","Ore","Rotenone",0.16474648378555
"M","Ore","Rotenone",0.168809464828414
"M","Ore","Rotenone",0.149093647082634
"M","Ore","Rotenone",0.167902208700419
"M","Ore","Rotenone",0.15861653489904
"M","Ore","Rotenone",0.167333400155696
"M","Ore","Rotenone",0.135049051034266
"M","Ore","Rotenone",0.147463195301042
"M","Ore","Rotenone",0.16696380858639
"M","Ore","Rotenone",0.132604956069157
"M","Ore","Rotenone",0.143245166132091
"M","Ore","Rotenone",0.168658489752096
"M","Ore","Rotenone",0.184749309125711
"M","Ore","Rotenone",0.165632573962172
"M","Ore","Rotenone",0.163783540060187
"M","Ore","Rotenone",0.167936456325068
"M","Ore","Rotenone",0.1721009544441
"M","Ore","Rotenone",0.143196539205481
"M","Ore","Rotenone",0.189942693473163
"M","Ore","Rotenone",0.154129741711379
"M","Ore","Rotenone",0.193659330189229
"M","Ore","Rotenone",0.152709385006459
"M","Ore","Rotenone",0.175819781477696
"M","Ore","Rotenone",0.171227099212635
"M","Ore","Rotenone",0.144889774576039
"M","Ore","Rotenone",0.192800657129244
"M","Ore","Rotenone",0.195376695903107
"M","Ore","Rotenone",0.163157855360181
"M","Ore","Rotenone",0.20795066266472
"M","Ore","Rotenone",0.152522156399392
"M","Ore","Rotenone",0.112641644253757
"M","Ore","Rotenone",0.18178032599806
"M","Ore","Rotenone",0.158554417441635
"M","Ore","Rotenone",0.201267646682636
"M","Ore","Rotenone",0.171440527938024
"M","Ore","Rotenone",0.140462844782872
"M","Ore","Rotenone",0.127885960362168
"M","Ore","Rotenone",0.147012085329322
"M","Ore","Rotenone",0.14447326484133
"M","Ore","Rotenone",0.160668055697084
"M","Ore","Rotenone",0.175332070727799
"M","Ore","Rotenone",0.156145908944986
"M","Ore","Rotenone",0.160348653409695
"M","Ore","Rotenone",0.124603019738446
"M","Ore","Rotenone",0.17646936355072
"M","Ore","Rotenone",0.132826889237095
"M","Ore","Rotenone",0.189665799727352
"M","Ore","Rotenone",0.151877268905845
"M","Ore","Rotenone",0.182741733113044
"M","Ore","Rotenone",0.125357688461535
"M","Ore","Rotenone",0.162088030963587
"M","Ore","Rotenone",0.161906782756047
"M","Ore","Rotenone",0.153375633833432
"M","Ore","Rotenone",0.126168965549333
"M","Ore","Rotenone",0.154179155057778
"M","Ore","Rotenone",0.149104132055017
"M","Ore","Rotenone",0.163280403597434
"M","Ore","Rotenone",0.178818799893752
"M","Ore","Rotenone",0.161479154801697
"M","Ore","Rotenone",0.150304471448889
"M","Ore","Rotenone",0.1525956281041
"M","Ore","Rotenone",0.161708120389049
"M","Ore","Rotenone",0.161256330125397
"M","Ore","Rotenone",0.205606441201703
"M","Ore","Rotenone",0.149068106250513
"M","Ore","Rotenone",0.128603103420953
"M","Ore","Rotenone",0.165386245473703
"M","Ore","Rotenone",0.138598935555436
"M","Ore","Rotenone",0.177101260441871
"M","Ore","Rotenone",0.200276595824923
"M","Ore","Rotenone",0.187875993221608
"M","Ore","Rotenone",0.145841678081115
"M","Ore","Rotenone",0.145802638754724
"M","Ore","Rotenone",0.166173942832216
"M","Ore","Rotenone",0.170253503374321
"M","Ore","Rotenone",0.168514505090903
"M","Ore","Rotenone",0.174442249204929
"M","Ore","Rotenone",0.18640372203371
"M","Ore","Rotenone",0.173164527338996
"M","Ore","Rotenone",0.182874020475968
"M","Ore","Rotenone",0.156090726408068
"M","Ore","Rotenone",0.165293299425761
"M","Ore","Rotenone",0.173290263280519
"M","Ore","Rotenone",0.164532737738868
"M","Ore","Rotenone",0.163052018931708
"M","Ore","Rotenone",0.147089848735762
"M","Ore","Rotenone",0.15324066350381
"M","Ore","Rotenone",0.154669381761836
"M","Ore","Rotenone",0.164968601424489
"M","Ore","Rotenone",0.171524579458203
"M","Ore","Rotenone",0.12388588909228
"M","Ore","Rotenone",0.165525184478783
"M","Ore","Rotenone",0.147844840788332
"M","Ore","Rotenone",0.1453675387529
"M","Ore","Rotenone",0.148548424316332
"M","Ore","Rotenone",0.173226100038933
"M","Ore","Rotenone",0.161060786778988
"M","Ore","Rotenone",0.144348022122153
"M","Ore","Rotenone",0.161295102848287
"M","Ore","Rotenone",0.164707272510923
"M","Ore","Rotenone",0.148666953448528
"M","Ore","Rotenone",0.16106133689752
"M","Ore","Rotenone",0.201058960800568
"M","Ore","Rotenone",0.14205399542132
"M","Ore","Rotenone",0.137097077655935
"M","Ore","Rotenone",0.162773633777137
"M","Ore","Rotenone",0.143573018729603
"M","Ore","Rotenone",0.160592339661838
"M","Ore","Rotenone",0.132634020623661
"M","Ore","Rotenone",0.15790129068107
"M","Ore","Rotenone",0.192420440660469
"M","Ore","Rotenone",0.153462916779003
"M","Ore","Rotenone",0.176221159182038
"M","Ore","Rotenone",0.174140422733133
"M","Ore","Rotenone",0.156693694366091
"M","Ore","Rotenone",0.16200340460644
"M","Ore","Rotenone",0.164425370783707
"M","Ore","Rotenone",0.172693284435145
"M","Ore","Rotenone",0.134583125499659
"M","Ore","Rotenone",0.184551763517805
"M","Ore","Rotenone",0.180548320610229
"M","Ore","Rotenone",0.160023476214773
"M","Ore","Rotenone",0.169860736742936
"M","Ore","Rotenone",0.153088842427381
"M","Ore","Rotenone",0.160094368731813
"M","Ore","Rotenone",0.146304104428544
"M","Ore","Rotenone",0.133635573120053
"M","Ore","Rotenone",0.172227106934692
"M","Ore","Rotenone",0.203785707388212
"M","Ore","Rotenone",0.172185679677209
"M","Ore","Rotenone",0.165894408545563
"M","Ore","Rotenone",0.141209093438771
"M","Ore","Rotenone",0.13811585705691
"M","Ore","Rotenone",0.166066400281285
"M","Ore","Rotenone",0.176376308730282
"M","Ore","Rotenone",0.146623094117956
"M","Ore","Rotenone",0.146100135140591
"M","Ore","Rotenone",0.174433357255268
"M","Ore","Rotenone",0.153769226073995
"M","Ore","Rotenone",0.182087112368752
"M","Ore","Rotenone",0.207563057383705
"M","Ore","Rotenone",0.155133343355608
"M","Ore","Rotenone",0.118681576722176
"M","Ore","Rotenone",0.151224005914872
"M","Ore","Rotenone",0.154759633641055
"M","Ore","Rotenone",0.122835488000045
"M","Ore","Rotenone",0.164163202004305
"M","Ore","Rotenone",0.17641747982204
"M","Ore","Rotenone",0.155941631993924
"M","Ore","Rotenone",0.173547473476978
"M","Ore","Rotenone",0.149379307655267
"M","Ore","Rotenone",0.173564365484828
"M","Ore","Rotenone",0.15105232468495
"M","Ore","Rotenone",0.195183380502118
"M","Ore","Rotenone",0.175063063363308
"M","Ore","Rotenone",0.174655933484161
"M","Ore","Rotenone",0.155290864625022
"M","Ore","Rotenone",0.117395914584408
"M","Ore","Rotenone",0.130557466048704
"M","Ore","Rotenone",0.160735691996255
"M","Ore","Rotenone",0.18210123785168
"M","Ore","Rotenone",0.162863950197404
"M","Ore","Rotenone",0.173836173757697
"M","Ore","Rotenone",0.202388837235681
"M","Ore","Rotenone",0.139345920448277
"M","Ore","Rotenone",0.155342270254216
"M","Ore","Rotenone",0.175319539047197
"M","Ore","Rotenone",0.180247020027789
"M","Ore","Rotenone",0.164507251459974
"M","Ore","Rotenone",0.179351971919037
"M","Ore","Rotenone",0.166703348856237
"M","Ore","Rotenone",0.163730065316381
"M","Ore","Rotenone",0.161761841320244
"M","Ore","Rotenone",0.166015014906286
"M","Ore","Rotenone",0.182982440064406
"M","Ore","Rotenone",0.152499375433754
"M","Ore","Rotenone",0.163862151167892
"M","Ore","Rotenone",0.116530081813274
"M","Ore","Rotenone",0.171186215665833
"M","Ore","Rotenone",0.184841360604026
"M","Ore","Rotenone",0.166972483209328
"M","Ore","Rotenone",0.155498930848552
"M","Ore","Rotenone",0.162468532098601
"M","Ore","Rotenone",0.144396503510901
"M","Ore","Rotenone",0.166040123193552
"M","Ore","Rotenone",0.185899578487182
"M","Ore","Rotenone",0.147128836703275
"M","Ore","Rotenone",0.205017895364832
"M","Ore","Rotenone",0.205622972819777
"M","Ore","Rotenone",0.147257532982089
"M","Ore","Rotenone",0.14075365856625
"M","Ore","Rotenone",0.148774975788522
"M","Ore","Rotenone",0.12819692823848
"M","Ore","Rotenone",0.17818157956199
"M","Ore","Rotenone",0.148383347301226
"M","Ore","Rotenone",0.151798443004342
"M","Ore","Rotenone",0.159858179257861
"M","Ore","Rotenone",0.165798539931694
"M","Ore","Rotenone",0.17894565561269
"M","Ore","Rotenone",0.179088434558865
"M","Ore","Rotenone",0.148072452451861
"M","Ore","Rotenone",0.177488466237197
"M","Ore","Rotenone",0.164082078135336
"M","Ore","Rotenone",0.149681128513958
"M","Ore","Rotenone",0.138757278436465
"M","Ore","Rotenone",0.191650308841378
"M","Ore","Rotenone",0.166141545303445
"M","Ore","Rotenone",0.132739183077748
"M","Ore","Rotenone",0.148020240896095
"M","Ore","Rotenone",0.166766782343732
"M","Ore","Rotenone",0.145428170389774
"M","Ore","Rotenone",0.142119311325112
"M","Ore","Rotenone",0.167504453363508
"M","Ore","Rotenone",0.157501319763934
"M","Ore","Rotenone",0.142637290951665
"M","Ore","Rotenone",0.175969985534689
"M","Ore","Rotenone",0.176160213197913
"M","Ore","Rotenone",0.152947504776847
"M","Ore","Rotenone",0.178047876613495
"M","Ore","Rotenone",0.150308149807712
"M","Ore","Rotenone",0.186007286223782
"M","Ore","Rotenone",0.162628876124333
"M","Ore","Rotenone",0.183392923666729
"M","Ore","Rotenone",0.122668658219071
"M","Ore","Rotenone",0.171151072382397
"M","Ore","Rotenone",0.174210841490176
"M","Ore","Rotenone",0.17190118388436
"M","Ore","Rotenone",0.17927865422436
"M","Ore","Rotenone",0.172560706453353
"M","Ore","Rotenone",0.146849959257447
"M","Ore","Rotenone",0.199306951031685
"M","Ore","Rotenone",0.121961635680202
"M","Ore","Rotenone",0.158428319132375
"M","Ore","Rotenone",0.152144855595884
"M","Ore","Rotenone",0.158010999856373
"M","Ore","Rotenone",0.163097871659086
"M","Ore","Rotenone",0.175215027457127
"M","Ore","Rotenone",0.167210025392783
"M","Ore","Rotenone",0.16045682151004
"M","Ore","Rotenone",0.13146233392543
"M","Ore","Rotenone",0.143369361173945
"M","Ore","Rotenone",0.172759859952943
"M","Ore","Rotenone",0.183976473253668
"M","Ore","Rotenone",0.150335976951739
"M","Ore","Rotenone",0.183792686904808
"M","Ore","Rotenone",0.184346081258799
"M","Ore","Rotenone",0.123507316859096
"M","Ore","Rotenone",0.167257706658761
"M","Ore","Rotenone",0.172856491779
"M","Ore","Rotenone",0.159425036029666
"M","Ore","Rotenone",0.177227894816912
"M","Ore","Rotenone",0.145687633111367
"M","Ore","Rotenone",0.167933135265751
"M","Ore","Rotenone",0.167991823545163
"M","Ore","Rotenone",0.149259408179798
"M","Ore","Rotenone",0.139515205144639
"M","Ore","Rotenone",0.165416159727991
"M","Ore","Rotenone",0.150283878701647
"M","Ore","Rotenone",0.173164678711875
"M","Ore","Rotenone",0.141969764868646
"M","Ore","Rotenone",0.166543481227892
"M","Ore","Rotenone",0.172540423973328
"M","Ore","Rotenone",0.159168529880164
"M","Ore","Rotenone",0.171404969645597
"M","Ore","Rotenone",0.150357948299262
"M","Ore","Rotenone",0.129423138757288
"M","Ore","Rotenone",0.150863479221205
"M","Ore","Rotenone",0.145852273277181
"M","Ore","Rotenone",0.165076596361599
"M","Ore","Rotenone",0.194537845063828
"M","Ore","Rotenone",0.147440042072373
"M","Ore","Rotenone",0.151834093965112
"M","Ore","Rotenone",0.140125344427137
"M","Ore","Rotenone",0.156056823298608
"M","Ore","Rotenone",0.138345950492959
"M","Ore","Rotenone",0.162040324427566
"M","Ore","Rotenone",0.168117061407338
"M","Ore","Rotenone",0.112597347423224
"M","Ore","Rotenone",0.164098293914371
"M","Ore","Rotenone",0.162838978402386
"M","Ore","Rotenone",0.161685210377799
"M","Ore","Rotenone",0.151615076645188
"M","Ore","Rotenone",0.190854734383941
"M","Ore","Rotenone",0.179539712594795
"M","Ore","Rotenone",0.178065412379831
"M","Ore","Rotenone",0.162734527537112
"M","Ore","Rotenone",0.148997191517432
"M","Ore","Rotenone",0.163795460923348
"M","Ore","Rotenone",0.175297451884381
"M","Ore","Rotenone",0.160610767154101
"M","Ore","Rotenone",0.175999943022935
"M","Ore","Rotenone",0.168151724636361
"M","Ore","Rotenone",0.1492624429142
"M","Ore","Rotenone",0.142079148867253
"M","Ore","Rotenone",0.200294397697023
"M","Ore","Rotenone",0.183562971557684
"M","Ore","Rotenone",0.179210499508562
"M","Ore","Rotenone",0.160571114396549
"M","Ore","Rotenone",0.185045793837209
"M","Ore","Rotenone",0.15263893772311
"M","Ore","Rotenone",0.160779905004059
"M","Ore","Rotenone",0.190798976451411
"M","Ore","Rotenone",0.123375043663751
"M","Ore","Rotenone",0.137702173517625
"M","Ore","Rotenone",0.161796807700256
"M","Ore","Rotenone",0.147099364963026
"M","Ore","Rotenone",0.157726686083247
"M","Ore","Rotenone",0.15194675194371
"M","Ore","Rotenone",0.152326017713052
"M","Ore","Rotenone",0.15751940064281
"M","Ore","Rotenone",0.16445205889131
"M","Ore","Rotenone",0.198562955208605
"M","Ore","Rotenone",0.152547461718701
"M","Ore","Rotenone",0.156369409820329
"M","Ore","Rotenone",0.152356366319071
"M","Ore","Rotenone",0.148535624395878
"M","Ore","Rotenone",0.141572675854908
"M","Ore","Rotenone",0.175632812952832
"M","Ore","Rotenone",0.144147617550414
"M","Ore","Rotenone",0.175363588071721
"M","Ore","Rotenone",0.164399960564947
"M","Ore","Rotenone",0.170510851054925
"M","Ore","Rotenone",0.138444868465986
"M","Ore","Rotenone",0.182996039241199
"M","Ore","Rotenone",0.182072017846031
"M","Ore","Rotenone",0.179382210585991
"M","Ore","Rotenone",0.177421848498351
"M","Ore","Rotenone",0.171916986128774
"M","Ore","Rotenone",0.190914882090365
"M","Ore","Rotenone",0.164794316767567
"M","Ore","Rotenone",0.171660685287267
"M","Ore","Rotenone",0.163816569532363
"M","Ore","Rotenone",0.163539622992827
"M","Ore","Rotenone",0.16210166448738
"M","Ore","Rotenone",0.201323317006641
"M","Ore","Rotenone",0.149349791700242
"M","Ore","Rotenone",0.128485372925995
"M","Ore","Rotenone",0.178198456651747
"M","Ore","Rotenone",0.152306464058775
"M","Ore","Rotenone",0.175321395392555
"M","Ore","Rotenone",0.138076482837727
"M","Ore","Rotenone",0.123191160870146
"M","Ore","Rotenone",0.166822395764404
"M","Ore","Rotenone",0.188349219646363
"M","Ore","Rotenone",0.133113954003839
"M","Ore","Rotenone",0.153362876264844
"M","Ore","Rotenone",0.135827682315437
"M","Ore","Rotenone",0.177997583387864
"M","Ore","Rotenone",0.15537452663552
"M","Ore","Rotenone",0.153108353596068
"M","Ore","Rotenone",0.18881048121706
"M","Ore","Rotenone",0.172186543761646
"M","Ore","Rotenone",0.186338060583113
"M","Ore","Rotenone",0.174197479965369
"M","Ore","Rotenone",0.191510044026036
"M","Ore","Rotenone",0.180300455758912
"M","Ore","Rotenone",0.162299550689609
"M","Ore","Rotenone",0.18439491141279
"M","Ore","Rotenone",0.160686732370664
"M","Ore","Rotenone",0.153297915496086
"M","Ore","Rotenone",0.178069624858617
"M","Ore","Rotenone",0.147105030709392
"M","Ore","Rotenone",0.141646507436093
"M","Ore","Rotenone",0.157209740422296
"M","Ore","Rotenone",0.194947552264528
"M","Ore","Rotenone",0.168065566252331
"M","Ore","Rotenone",0.144779181791354
"M","Ore","Rotenone",0.146225776858914
"M","Ore","Rotenone",0.179325871060473
"M","Ore","Rotenone",0.132773412930271
"M","Ore","Rotenone",0.165040477653334
"M","Ore","Rotenone",0.14932684338317
"M","Ore","Rotenone",0.169717530217162
"M","Ore","Rotenone",0.151346777497039
"M","Ore","Rotenone",0.133398343622394
"M","Ore","Rotenone",0.167978510924155
"M","Ore","Rotenone",0.150234533883305
"M","Ore","Rotenone",0.159891234559184
"M","Ore","Rotenone",0.141493038560254
"M","Ore","Rotenone",0.148582667063625
"M","Ore","Rotenone",0.126927106290404
"M","Ore","Rotenone",0.184066924331245
"M","Ore","Rotenone",0.157114662798887
"M","Ore","Rotenone",0.117108757833814
"M","Ore","Rotenone",0.161592051996042
"M","Ore","Rotenone",0.167135403112047
"M","Ore","Rotenone",0.12954595255792
"M","Ore","Rotenone",0.163138686656709
"M","Ore","Rotenone",0.155957124593448
"M","Ore","Rotenone",0.172829958766407
"M","Ore","Rotenone",0.202193793182332
"M","Ore","Rotenone",0.152119251931298
"M","Ore","Rotenone",0.149267158407221
"M","Ore","Rotenone",0.190300728126616
"M","Ore","Rotenone",0.159515696487927
"M","Ore","Rotenone",0.144186519614352
"M","Ore","Rotenone",0.197819954182262
"M","Ore","Rotenone",0.165441767396304
"M","Ore","Rotenone",0.146354636835454
"M","Ore","Rotenone",0.18703397822604
"M","Ore","Rotenone",0.155276235408515
"M","Ore","Rotenone",0.142609194570458
"M","Ore","Rotenone",0.187860824639452
"M","Ore","Rotenone",0.150450888697256
"M","Ore","Rotenone",0.118118921950723
"M","Ore","Rotenone",0.191726116539636
"M","Ore","Rotenone",0.155404949342127
"M","Ore","Rotenone",0.180448401345853
"M","Ore","Rotenone",0.148825253964396
"M","Ore","Rotenone",0.165710545522194
"M","Ore","Rotenone",0.171592327719127
"M","Ore","Rotenone",0.165873405353128
"M","Ore","Rotenone",0.163875078586109
"M","Ore","Rotenone",0.188444949066494
"M","Ore","Rotenone",0.187339039762592
"M","Ore","Rotenone",0.165635047032769
"M","Ore","Rotenone",0.150239743146728
"M","Ore","Rotenone",0.144785868962405
"M","Ore","Rotenone",0.163786835469055
"M","Ore","Rotenone",0.172059870071767
"M","Ore","Rotenone",0.165161858289774
"M","Ore","Rotenone",0.167239199783314
"M","Ore","Rotenone",0.151892723204995
"M","Ore","Rotenone",0.162099446623681
"M","Ore","Rotenone",0.211101890669873
"M","Ore","Rotenone",0.144901731161385
"M","Ore","Rotenone",0.173648850398685
"M","Ore","Rotenone",0.159681968543616
"M","Ore","Rotenone",0.151713289083947
"M","Ore","Rotenone",0.162301582637645
"M","Ore","Rotenone",0.181719437973229
"M","Ore","Rotenone",0.159390882995914
"M","Ore","Rotenone",0.177618201536866
"M","Ore","Rotenone",0.14027861579541
"M","Ore","Rotenone",0.200913579841667
"M","Ore","Rotenone",0.16586616227286
"M","Ore","Rotenone",0.139910488226935
"M","Ore","Rotenone",0.2091280683361
"M","Ore","Rotenone",0.147398589330251
"M","Ore","Rotenone",0.131382125404106
"M","Ore","Rotenone",0.150728336118178
"M","Ore","Rotenone",0.148516957089711
"M","Ore","Rotenone",0.175592767479272
"M","Ore","Rotenone",0.179855532260211
"M","Ore","Rotenone",0.132503989588317
"M","Ore","Rotenone",0.166617105253111
"M","Ore","Rotenone",0.19306096217648
"M","Ore","Rotenone",0.153572226811325
"M","Ore","Rotenone",0.181007357621572
"M","Ore","Rotenone",0.177004311456342
"M","Ore","Rotenone",0.150313793978664
"M","Ore","Rotenone",0.189522162462204
"M","Ore","Rotenone",0.131950618932406
"M","Ore","Rotenone",0.158339903838178
"M","Ore","Rotenone",0.184239317541635
"M","Ore","Rotenone",0.1532813650175
"M","Ore","Rotenone",0.192250837128981
"M","Ore","Rotenone",0.155853707663074
"M","Ore","Rotenone",0.183427937393326
"M","Ore","Rotenone",0.184717798024147
"M","Ore","Rotenone",0.173665970398045
"M","Ore","Rotenone",0.170606348301376
"M","Ore","Rotenone",0.162756659630026
"M","Ore","Rotenone",0.175659382443302
"M","Ore","Rotenone",0.147588109088103
"M","Ore","Rotenone",0.133238395869038
"M","Ore","Rotenone",0.174714093488381
"M","Ore","Rotenone",0.170117260451485
"M","Ore","Rotenone",0.1733713015088
"M","Ore","Rotenone",0.125931177115777
"M","Ore","Rotenone",0.200549334760317
"M","Ore","Rotenone",0.171928056616805
"M","Ore","Rotenone",0.158912672426271
"M","Ore","Rotenone",0.143491842682023
"M","Ore","Rotenone",0.148367203860444
"M","Ore","Rotenone",0.161835826240231
"M","Ore","Rotenone",0.158053346470319
"M","Ore","Rotenone",0.17684601877053
"M","Ore","Rotenone",0.177861553885219
"M","Ore","Rotenone",0.159071203099674
"M","Ore","Rotenone",0.159344595102564
"M","Ore","Rotenone",0.165925829606336
"M","Ore","Rotenone",0.174957376933051
"M","Ore","Rotenone",0.180336382580825
"M","Ore","Rotenone",0.168446328095585
"M","Ore","Rotenone",0.157201532479975
"M","Ore","Rotenone",0.163617107490978
"M","Ore","Rotenone",0.148777560168517
"M","Ore","Rotenone",0.171057607184913
"M","Ore","Rotenone",0.157797179809864
"M","Ore","Rotenone",0.169854883577334
"M","Ore","Rotenone",0.157987862983738
"M","Ore","Rotenone",0.189037336762869
"M","Ore","Rotenone",0.187907519671215
"M","Ore","Rotenone",0.201644443218887
"M","Ore","Rotenone",0.176629164566896
"M","Ore","Rotenone",0.165033525785336
"M","Ore","Rotenone",0.173578082296936
"M","Ore","Rotenone",0.171246425474893
"M","Ore","Rotenone",0.123967137814178
"M","Ore","Rotenone",0.12448431983601
"M","Ore","Rotenone",0.167124808791356
"M","Ore","Rotenone",0.175859642466264
"M","Ore","Rotenone",0.170515564713045
"M","Ore","Rotenone",0.160362647211375
"M","Ore","Rotenone",0.163493198370219
"M","Ore","Rotenone",0.152726347845465
"M","Ore","Rotenone",0.171344877465556
"M","Ore","Rotenone",0.123907333611221
"M","Ore","Rotenone",0.165264810979643
"M","Ore","Rotenone",0.130733587225433
"M","Ore","Rotenone",0.165837247494363
"M","Ore","Rotenone",0.176253039259565
"M","Ore","Rotenone",0.161949787693938
"M","Ore","Rotenone",0.176367616199033
"M","Ore","Rotenone",0.147537798845237
"M","Ore","Rotenone",0.159241911424422
"M","Ore","Rotenone",0.148603535791624
"M","Ore","Rotenone",0.173155677464437
"M","Ore","Rotenone",0.133306337330428
"M","Ore","Rotenone",0.172230380044785
"M","Ore","Rotenone",0.167955498524535
"M","Ore","Rotenone",0.167562826134504
"M","Ore","Rotenone",0.150122282061643
"M","Ore","Rotenone",0.15333657485219
"M","Ore","Rotenone",0.173291751681884
"M","Ore","Rotenone",0.171322504313363
"M","Ore","Rotenone",0.180879921657106
"M","Ore","Rotenone",0.156176106828037
"M","Ore","Rotenone",0.170032991134539
"M","Ore","Rotenone",0.173735011854414
"M","Ore","Rotenone",0.126144871419211
"M","Ore","Rotenone",0.13959976164922
"M","Ore","Rotenone",0.178521863035858
"M","Ore","Rotenone",0.173845604810307
"M","Ore","Rotenone",0.152634858724296
"M","Ore","Rotenone",0.140665709947032
"M","Ore","Rotenone",0.111892900408798
"M","Ore","Rotenone",0.207169003031999
"M","Ore","Rotenone",0.17211520148461
"M","Ore","Rotenone",0.167851648506447
"M","Ore","Rotenone",0.187464450355364
"M","Ore","Rotenone",0.180337671920509
"M","Ore","Rotenone",0.17729732802536
"M","Ore","Rotenone",0.148410755434987
"M","Ore","Rotenone",0.17354965542457
"M","Ore","Rotenone",0.159277535259986
"M","Ore","Rotenone",0.174940041685161
"M","Ore","Rotenone",0.144973348187211
"M","Ore","Rotenone",0.148872162819953
"M","Ore","Rotenone",0.156765496601426
"M","Ore","Rotenone",0.170872225819178
"M","Ore","Rotenone",0.13788083452787
"M","Ore","Rotenone",0.160848370148251
"M","Ore","Rotenone",0.191914158532926
"M","Ore","Rotenone",0.186638556701607
"M","Ore","Rotenone",0.164013959044233
"M","Ore","Rotenone",0.181976809896588
"M","Ore","Rotenone",0.148682059563594
"M","Ore","Rotenone",0.190310608449078
"M","Ore","Rotenone",0.150174043990672
"M","Ore","Rotenone",0.160535725558245
"M","Ore","Rotenone",0.144194731956221
"M","Ore","Rotenone",0.158014644710232
"M","Ore","Rotenone",0.190032693401678
"M","Ore","Rotenone",0.181758641714411
"M","Ore","Rotenone",0.162867877120362
"M","Ore","Rotenone",0.196127610051358
"M","Ore","Rotenone",0.166045813362285
"M","Ore","Rotenone",0.163168474192219
"M","Ore","Rotenone",0.140661945886313
"M","Ore","Rotenone",0.173003039385113
"M","Ore","Rotenone",0.149696896165492
"M","Ore","Rotenone",0.181363756950435
"M","Ore","Rotenone",0.181440421199662
"M","Ore","Rotenone",0.169970224392016
"M","Ore","Rotenone",0.163659746537815
"M","Ore","Rotenone",0.16270010526746
"M","Ore","Rotenone",0.170210433534507
"M","Ore","Rotenone",0.166345655178714
"M","Ore","Rotenone",0.164745058833068
"M","Ore","Rotenone",0.165940198968147
"M","Ore","Rotenone",0.167886606186158
"M","Ore","Rotenone",0.147967534007942
"M","Ore","Rotenone",0.159386075750076
"M","Ore","Rotenone",0.174783018423541
"M","Ore","Rotenone",0.163294178312485
"M","Ore","Rotenone",0.155411163559556
"M","Ore","Rotenone",0.164572127713851
"M","Ore","Rotenone",0.161351306219875
"M","Ore","Rotenone",0.158576245094938
"M","Ore","Rotenone",0.128483734194409
"M","Ore","Rotenone",0.166602132785278
"M","Ore","Rotenone",0.155967086415346
"M","Ore","Rotenone",0.172912788835737
"M","Ore","Rotenone",0.152182160692098
"M","Ore","Rotenone",0.180756976857633
"M","Ore","Rotenone",0.159334406650492
"M","Ore","Rotenone",0.161730442497245
"M","Ore","Rotenone",0.152194937973382
"M","Ore","Rotenone",0.172218393932781
"M","Ore","Rotenone",0.152845502691329
"M","Ore","Rotenone",0.165235709597768
"M","Ore","Rotenone",0.143465541253912
"M","Ore","Rotenone",0.193263651788953
"M","Ore","Rotenone",0.114217150234155
"M","Ore","Rotenone",0.160370070808554
"M","Ore","Rotenone",0.127271796030232
"M","Ore","Rotenone",0.136720788086769
"M","Ore","Rotenone",0.162673159462357
"M","Ore","Rotenone",0.188358451923853
"M","Ore","Rotenone",0.198400266900241
"M","Ore","Rotenone",0.1562097673027
"M","Ore","Rotenone",0.129025189421892
"M","Ore","Rotenone",0.189410268157919
"M","Ore","Rotenone",0.188790886924424
"M","Ore","Rotenone",0.147983196589317
"M","Ore","Rotenone",0.169591580599882
"M","Ore","Rotenone",0.139243069122792
"M","Ore","Rotenone",0.138810196187102
"M","Ore","Rotenone",0.168948071307942
"M","Ore","Rotenone",0.169734328198212
"M","Ore","Rotenone",0.136380990419508
"M","Ore","Rotenone",0.138509750766494
"M","Ore","Rotenone",0.137196762960212
"M","Ore","Rotenone",0.152209821512455
"M","Ore","Rotenone",0.129239208996542
"M","Ore","Rotenone",0.166787657428069
"M","Ore","Rotenone",0.188369170791805
"M","Ore","Rotenone",0.167372000200836
"M","Ore","Rotenone",0.15692368586854
"M","Ore","Rotenone",0.151683116536283
"M","Ore","Rotenone",0.179011999796328
"M","Ore","Rotenone",0.184518208186164
"M","Ore","Rotenone",0.159147001474165
"M","Ore","Rotenone",0.156894445361552
"M","Ore","Rotenone",0.184127481915914
"M","Ore","Rotenone",0.149124436690153
"M","Ore","Rotenone",0.129113529268154
"M","Ore","Rotenone",0.160304665662549
"M","Ore","Rotenone",0.163439842405803
"M","Ore","Rotenone",0.183825898132345
"M","Ore","Rotenone",0.165278183444585
"M","Ore","Rotenone",0.139618193459652
"M","Ore","Rotenone",0.188707609287183
"M","Ore","Rotenone",0.1200462761449
"M","Ore","Rotenone",0.190253072342779
"M","Ore","Rotenone",0.193359119130309
"M","Ore","Rotenone",0.137332109649185
"M","Ore","Rotenone",0.165334560963654
"M","Ore","Rotenone",0.162279163749717
"M","Ore","Rotenone",0.16353355303478
"M","Ore","Rotenone",0.152486791638897
"M","Ore","Rotenone",0.13353856606213
"M","Ore","Rotenone",0.171160838229211
"M","Ore","Rotenone",0.153315566795758
"M","Ore","Rotenone",0.153850283475965
"M","Ore","Rotenone",0.142789617076475
"M","Ore","Rotenone",0.112326818342822
"M","Ore","Rotenone",0.1721075077011
"M","Ore","Rotenone",0.169661948947163
"M","Ore","Rotenone",0.191942946008949
"M","Ore","Rotenone",0.177883907477849
"M","Ore","Rotenone",0.164116830172882
"M","Ore","Rotenone",0.181455049947813
"M","Ore","Rotenone",0.15747867731454
"M","Ore","Rotenone",0.179361822651977
"M","Ore","Rotenone",0.156249486865627
"M","Ore","Rotenone",0.164455670147369
"M","Ore","Rotenone",0.140203027720183
"M","Ore","Rotenone",0.18564649253988
"M","Ore","Rotenone",0.146132199894346
"M","Ore","Rotenone",0.167651150687114
"M","Ore","Rotenone",0.150175773447585
"M","Ore","Rotenone",0.189214629599135
"M","Ore","Rotenone",0.144476716925173
"M","Ore","Rotenone",0.173872054743289
"M","Ore","Rotenone",0.18423496386947
"M","Ore","Rotenone",0.155738458910891
"M","Ore","Rotenone",0.182936904197997
"M","Ore","Rotenone",0.184234852218096
"M","Ore","Rotenone",0.177605685397534
"M","Ore","Rotenone",0.159037624482287
"M","Ore","Rotenone",0.16931278470176
"M","Ore","Rotenone",0.147831300595391
"M","Ore","Rotenone",0.199721910792807
"M","Ore","Rotenone",0.131534428727388
"M","Ore","Rotenone",0.166768725806988
"M","Ore","Rotenone",0.192496162600393
"M","Ore","Rotenone",0.180391818006832
"M","Ore","Rotenone",0.198518390156744
"M","Ore","Rotenone",0.144411322747525
"M","Ore","Rotenone",0.183286595032041
"M","Ore","Rotenone",0.162449787380216
"M","Ore","Rotenone",0.169961229121094
"M","Ore","Rotenone",0.150875602892201
"M","Ore","Rotenone",0.183270803457985
"M","Ore","Rotenone",0.191068078417648
"M","Ore","Rotenone",0.112143921203668
"M","Ore","Rotenone",0.159395288316712
"M","Ore","Rotenone",0.19775941448624
"M","Ore","Rotenone",0.16117831532745
"M","Ore","Rotenone",0.158234699464693
"M","Ore","Rotenone",0.16215796307237
"M","Ore","Rotenone",0.172651603551075
"M","Ore","Rotenone",0.170383554837477
"M","Ore","Rotenone",0.15444546629083
"M","Ore","Rotenone",0.171137268639068
"M","Ore","Rotenone",0.152864942246271
"M","Ore","Rotenone",0.179570060183084
"M","Ore","Rotenone",0.171141484034324
"M","Ore","Rotenone",0.156628057450847
"M","Ore","Rotenone",0.150888470226489
"M","Ore","Rotenone",0.184430114365657
"M","Ore","Rotenone",0.173303501683756
"M","Ore","Rotenone",0.147012786621711
"M","Ore","Rotenone",0.159701458288372
"M","Ore","Rotenone",0.146019917777841
"M","Ore","Rotenone",0.146961633340119
"M","Ore","Rotenone",0.176927169927342
"M","Ore","Rotenone",0.152261310778497
"M","Ore","Rotenone",0.173132690098272
"M","Ore","Rotenone",0.140668252190241
"M","Ore","Rotenone",0.1517967506282
"M","Ore","Rotenone",0.153572557293399
"M","Ore","Rotenone",0.181190040447145
"M","Ore","Rotenone",0.169060625671056
"M","Ore","Rotenone",0.176958102115401
"M","Ore","Rotenone",0.115935284897426
"M","Ore","Rotenone",0.156663274710155
"M","Ore","Rotenone",0.179833125055357
"M","Ore","Rotenone",0.172028770106954
"M","Ore","Rotenone",0.186212188923471
"M","Ore","Rotenone",0.151236536026849
"M","Ore","Rotenone",0.162232031738901
"M","Ore","Rotenone",0.168363000664023
"M","Ore","Rotenone",0.15153648779034
"M","Ore","Rotenone",0.134495246388702
"M","Ore","Rotenone",0.152358986058489
"M","Ore","Rotenone",0.151955051090242
"M","Ore","Rotenone",0.144811370824288
"M","Ore","Rotenone",0.187976195226237
"M","Ore","Rotenone",0.157472612042675
"M","Ore","Rotenone",0.161052526325526
"M","Ore","Rotenone",0.188694242030937
"M","Ore","Rotenone",0.1062745946312
"M","Ore","Rotenone",0.184463661095961
"M","Ore","Rotenone",0.157092940193921
"M","Ore","Rotenone",0.149692502117148
"M","Ore","Rotenone",0.15311962033761
"M","Ore","Rotenone",0.169715393590553
"M","Ore","Rotenone",0.173371753643093
"M","Ore","Rotenone",0.170784669916104
"M","Ore","Rotenone",0.1818670939809
"M","Ore","Rotenone",0.150349701529869
"M","Ore","Rotenone",0.174895092089425
"M","Ore","Rotenone",0.179709198789209
"M","Ore","Rotenone",0.158393895190224
"M","Ore","Rotenone",0.201387699955003
"M","Ore","Rotenone",0.133140170330068
"M","Ore","Rotenone",0.176783614225162
"M","Ore","Rotenone",0.165878042055335
"M","Ore","Rotenone",0.156833422891442
"M","Ore","Rotenone",0.197725904611963
"M","Ore","Rotenone",0.143921081233053
"M","Ore","Rotenone",0.157932756481245
"M","Ore","Rotenone",0.148719690881938
"M","Ore","Rotenone",0.147778087876303
"M","Ore","Rotenone",0.175836076055172
"M","Ore","Rotenone",0.116789904118037
"M","Ore","Rotenone",0.14423839288338
"M","Ore","Rotenone",0.149233763620359
"M","Ore","Rotenone",0.170883627331542
"M","Ore","Rotenone",0.187573296822745
"M","Ore","Rotenone",0.17528064763217
"M","Ore","Rotenone",0.15708533326137
"M","Ore","Rotenone",0.161168848314509
"M","Ore","Rotenone",0.176826067667107
"M","Ore","Rotenone",0.176646019593106
"M","Ore","Rotenone",0.138152271538652
"M","Ore","Rotenone",0.1671598523284
"M","Ore","Rotenone",0.106957008650456
"M","Ore","Rotenone",0.175552444957092
"M","Ore","Rotenone",0.159347870141701
"M","Ore","Rotenone",0.176358494923281
"M","Ore","Rotenone",0.182930090264285
"M","Ore","Rotenone",0.147118494790054
"M","Ore","Rotenone",0.145089588191853
"M","Ore","Rotenone",0.178329656828136
"M","Ore","Rotenone",0.162456545709672
"M","Ore","Rotenone",0.172271993804098
"M","Ore","Rotenone",0.171582485148184
"M","Ore","Rotenone",0.192709249906163
"M","Ore","Rotenone",0.1592573271766
"M","Ore","Rotenone",0.173561141491171
"M","Ore","Rotenone",0.165473420524229
"M","Ore","Rotenone",0.159544807502979
"M","Ore","Rotenone",0.168379163077347
"M","Ore","Rotenone",0.182256481901573
"M","Ore","Rotenone",0.156920771850134
"M","Ore","Rotenone",0.136178457620276
"M","Ore","Rotenone",0.138459366636847
"M","Ore","Rotenone",0.201360317482934
"M","Ore","Rotenone",0.174552336955861
"M","Ore","Rotenone",0.166052660048515
"M","Ore","Rotenone",0.196769273852789
"M","Ore","Rotenone",0.200082030748695
"M","Ore","Rotenone",0.172551881726703
"M","Ore","Rotenone",0.167326073095378
"M","Ore","Rotenone",0.168288972690977
"M","Ore","Rotenone",0.187879205953664
"M","Ore","Rotenone",0.160206072501452
"M","Ore","Rotenone",0.168910539625377
"M","Ore","Rotenone",0.153103559480709
"M","Ore","Rotenone",0.18442233136451
"M","Ore","Rotenone",0.175930119648993
"M","Ore","Rotenone",0.172890735548372
"M","Ore","Rotenone",0.144913894583044
"M","Ore","Rotenone",0.148400110872873
"M","Ore","Rotenone",0.162942121463396
"M","Ore","Rotenone",0.177264486248698
"M","Ore","Rotenone",0.187702886582335
"M","Ore","Rotenone",0.152576482494631
"M","Ore","Rotenone",0.203555678080829
"M","Ore","Rotenone",0.155256611644969
"M","Ore","Rotenone",0.163751909304877
"M","Ore","Rotenone",0.179139610434298
"M","Ore","Rotenone",0.152370348521185
"M","Ore","Rotenone",0.147521659801531
"M","Ore","Rotenone",0.156534018418657
"M","Ore","Rotenone",0.170306019122149
"M","Ore","Rotenone",0.182878128285255
"M","Ore","Rotenone",0.13607586774479
"M","Ore","Rotenone",0.16144044864042
"M","Ore","Rotenone",0.185652098907362
"M","Ore","Rotenone",0.164955340022991
"M","Ore","Rotenone",0.154824061521035
"M","Ore","Rotenone",0.170006247483872
"M","Ore","Rotenone",0.190933729665799
"M","Ore","Rotenone",0.189858796113754
"M","Ore","Rotenone",0.16288330933824
"M","Ore","Rotenone",0.151718013903336
"M","Ore","Rotenone",0.155853670419463
"M","Ore","Rotenone",0.179374373185908
"M","Ore","Rotenone",0.171772303314259
"M","Ore","Rotenone",0.185281249945846
"M","Ore","Rotenone",0.151967965078432
"M","Ore","Rotenone",0.163362587099953
"M","Ore","Rotenone",0.145007234728132
"M","Ore","Rotenone",0.180438568396245
"M","Ore","Rotenone",0.150937620362453
"M","Ore","Rotenone",0.163658398042711
"M","Ore","Rotenone",0.134116846587148
"M","Ore","Rotenone",0.177004748174093
"M","Ore","Rotenone",0.122727830793606
"M","Ore","Rotenone",0.164776311915357
"M","Ore","Rotenone",0.142454517841265
"M","Ore","Rotenone",0.183070760944458
"M","Ore","Rotenone",0.160747173284591
"M","Ore","Rotenone",0.166361287314658
"M","Ore","Rotenone",0.159600368096453
"M","Ore","Rotenone",0.172430101722708
"M","Ore","Rotenone",0.137189388497632
"M","Ore","Rotenone",0.172193760030225
"M","Ore","Rotenone",0.163602186858232
"M","Ore","Rotenone",0.167045070374547
"M","Ore","Rotenone",0.146185788447667
"M","Ore","Rotenone",0.150202471374414
"M","Ore","Rotenone",0.190274619650199
"M","Ore","Rotenone",0.176779793089884
"M","Ore","Rotenone",0.168111236219544
"M","Ore","Rotenone",0.161711543430705
"M","Ore","Rotenone",0.150401103887287
"M","Ore","Rotenone",0.160442096004782
"M","Ore","Rotenone",0.148460029633141
"M","Ore","Rotenone",0.144669614006655
"M","Ore","Rotenone",0.136558647864733
"M","Ore","Rotenone",0.158806438744832
"M","Ore","Rotenone",0.172138568351874
"M","Ore","Rotenone",0.141108683433156
"M","Ore","Rotenone",0.182120376477441
"M","Ore","Rotenone",0.126511553554146
"M","Ore","Rotenone",0.145884635741072
"M","Ore","Rotenone",0.12186650622163
"M","Ore","Rotenone",0.159928208195674
"M","Ore","Rotenone",0.151659765120496
"M","Ore","Rotenone",0.165391913335893
"M","Ore","Rotenone",0.183479052503081
"M","Ore","Rotenone",0.16644592657087
"M","Ore","Rotenone",0.172726686660417
"M","Ore","Rotenone",0.170028692230213
"M","Ore","Rotenone",0.129094445742005
"M","Ore","Rotenone",0.161814176268308
"M","Ore","Rotenone",0.180204862828766
"M","Ore","Rotenone",0.169082923510543
"M","Ore","Rotenone",0.138799947889418
"M","Ore","Rotenone",0.188705873628039
"M","Ore","Rotenone",0.170077574119755
"M","Ore","Rotenone",0.130639901453346
"M","Ore","Rotenone",0.166656391596613
"M","Ore","Rotenone",0.141731518732032
"M","Ore","Rotenone",0.166431281378663
"M","Ore","Rotenone",0.17432407118019
"M","Ore","Rotenone",0.151455207032333
"M","Ore","Rotenone",0.203020252433263
"M","Ore","Rotenone",0.186610622769168
"M","Ore","Rotenone",0.169811625756935
"M","Ore","Rotenone",0.199264337442501
"M","Ore","Rotenone",0.150526486116126
"M","Ore","Rotenone",0.172777376952903
"M","Ore","Rotenone",0.160205888532562
"M","Ore","Rotenone",0.171244565269426
"M","Ore","Rotenone",0.161840084477085
"M","Ore","Rotenone",0.144494883544592
"M","Ore","Rotenone",0.183362227452696
"M","Ore","Rotenone",0.152299231093197
"M","Ore","Rotenone",0.140009918141113
"M","Ore","Rotenone",0.147098293343959
"M","Ore","Rotenone",0.17776460028806
"M","Ore","Rotenone",0.202624942386542
"M","Ore","Rotenone",0.133079541390868
"M","Ore","Rotenone",0.157028295427563
"M","Ore","Rotenone",0.150627096311372
"M","Ore","Rotenone",0.221571490153015
"M","Ore","Rotenone",0.144762076022574
"M","Ore","Rotenone",0.180344321821451
"M","Ore","Rotenone",0.16704120733056
"M","Ore","Rotenone",0.162550457453718
"M","Ore","Rotenone",0.193899964328921
"M","Ore","Rotenone",0.175113917234613
"M","Ore","Rotenone",0.135309717992054
"M","Ore","Rotenone",0.170902523659369
"M","Ore","Rotenone",0.133291912374269
"M","Ore","Rotenone",0.135991262075096
"M","Ore","Rotenone",0.175350263906044
"M","Ore","Rotenone",0.164765729679379
"M","Ore","Rotenone",0.192931842419438
"M","Ore","Rotenone",0.190570798993779
"M","Ore","Rotenone",0.155051608196964
"M","Ore","Rotenone",0.159528317921166
"M","Ore","Rotenone",0.184569842633836
"M","Ore","Rotenone",0.148371293411796
"M","Ore","Rotenone",0.169239586063936
"M","Ore","Rotenone",0.186876007886012
"M","Ore","Rotenone",0.182937899458202
"M","Ore","Rotenone",0.187909884758995
"M","Ore","Rotenone",0.161389043656742
"M","Ore","Rotenone",0.159881197933414
"M","Ore","Rotenone",0.208483923791487
"M","Ore","Rotenone",0.135115761289711
"M","Ore","Rotenone",0.160358859440988
"M","Ore","Rotenone",0.180922206055593
"M","Ore","Rotenone",0.150941993435474
"M","Ore","Rotenone",0.166470260434913
"M","Ore","Rotenone",0.174427501628411
"M","Ore","Rotenone",0.170439707396728
"M","Ore","Rotenone",0.173122361001259
"M","Ore","Rotenone",0.136116498312036
"M","Ore","Rotenone",0.159362252285135
"M","Ore","Rotenone",0.16506456952754
"M","Ore","Rotenone",0.174743076459626
"M","Ore","Rotenone",0.146480326287874
"M","Ore","Rotenone",0.171594425645998
